{"type":"FeatureCollection","fuente":"CNIG (Centro Nacional de Información Geográfica), códigos postales. Licencia CC BY 4.0. Simplificado.","features":[{"type":"Feature","properties":{"cp":"08001","municipio":"Barcelona"},"geometry":{"type":"MultiPolygon","coordinates":[[[[2.16767,41.38594],[2.16981,41.38569],[2.17185,41.3823],[2.17536,41.37849],[2.17747,41.37546],[2.17666,41.37441],[2.16787,41.37503],[2.16311,41.37868],[2.16398,41.38532],[2.16462,41.38592],[2.16767,41.38594]]]]}},{"type":"Feature","properties":{"cp":"08002","municipio":"Barcelona"},"geometry":{"type":"MultiPolygon","coordinates":[[[[2.17281,41.38821],[2.18249,41.3811],[2.17747,41.37546],[2.17536,41.37849],[2.17185,41.3823],[2.16981,41.38569],[2.16767,41.38594],[2.1687,41.38668],[2.16854,41.38763],[2.17033,41.38823],[2.17189,41.38715],[2.17281,41.38821]]]]}},{"type":"Feature","properties":{"cp":"08003","municipio":"Barcelona"},"geometry":{"type":"MultiPolygon","coordinates":[[[[2.19183,41.37592],[2.1886,41.37498],[2.18659,41.38068],[2.1845,41.38177],[2.18249,41.3811],[2.17634,41.38531],[2.17285,41.38831],[2.17381,41.38886],[2.17601,41.38888],[2.17734,41.38987],[2.18054,41.39118],[2.18336,41.38895],[2.18262,41.38841],[2.18311,41.38819],[2.18678,41.39122],[2.1868,41.39041],[2.18933,41.38719],[2.19197,41.38738],[2.19331,41.3864],[2.19474,41.38721],[2.1965,41.38565],[2.19725,41.38617],[2.19924,41.38485],[2.19606,41.38352],[2.19507,41.3819],[2.19699,41.38121],[2.19642,41.38028],[2.19451,41.38096],[2.19183,41.37592]]]]}},{"type":"Feature","properties":{"cp":"08004","municipio":"Barcelona"},"geometry":{"type":"MultiPolygon","coordinates":[[[[2.16787,41.37503],[2.17538,41.37459],[2.1742,41.37181],[2.17152,41.37217],[2.16437,41.37021],[2.16189,41.36897],[2.15887,41.36882],[2.15791,41.36826],[2.15512,41.36944],[2.15462,41.36928],[2.15468,41.37034],[2.15328,41.37194],[2.15167,41.3715],[2.15135,41.37173],[2.14958,41.37092],[2.14894,41.36964],[2.14576,41.36927],[2.14521,41.36854],[2.14331,41.36793],[2.14254,41.36709],[2.14219,41.36566],[2.13976,41.36588],[2.14082,41.36838],[2.1406,41.36862],[2.14924,41.37501],[2.16787,41.37503]]]]}},{"type":"Feature","properties":{"cp":"08005","municipio":"Barcelona"},"geometry":{"type":"MultiPolygon","coordinates":[[[[2.22885,41.40958],[2.22577,41.40529],[2.22433,41.40636],[2.22404,41.40592],[2.22328,41.40621],[2.22131,41.40464],[2.22191,41.40419],[2.22292,41.40544],[2.22323,41.40519],[2.22174,41.40341],[2.21968,41.40528],[2.2175,41.40406],[2.21674,41.40305],[2.21812,41.40213],[2.2179,41.40194],[2.21647,41.40289],[2.2139,41.4],[2.21535,41.39892],[2.21495,41.39863],[2.21384,41.39945],[2.21128,41.3975],[2.21035,41.39626],[2.21167,41.39523],[2.21092,41.39468],[2.20937,41.3959],[2.20645,41.39378],[2.20494,41.39164],[2.20599,41.39078],[2.2054,41.39034],[2.20464,41.39091],[2.20176,41.39001],[2.20106,41.38879],[2.20333,41.38743],[2.20136,41.38498],[2.19921,41.38354],[2.19879,41.38386],[2.20035,41.38462],[2.20232,41.3866],[2.20204,41.38681],[2.20048,41.38533],[2.19976,41.38587],[2.20152,41.3872],[2.2001,41.38828],[2.19804,41.3869],[2.19971,41.38519],[2.19924,41.38485],[2.19725,41.38617],[2.1965,41.38565],[2.19474,41.38721],[2.19331,41.3864],[2.19197,41.38738],[2.18933,41.38719],[2.1868,41.39041],[2.18686,41.39141],[2.19124,41.39471],[2.19431,41.39834],[2.20229,41.40885],[2.21167,41.40171],[2.21606,41.40484],[2.21719,41.4049],[2.22189,41.40818],[2.22228,41.40835],[2.2228,41.40784],[2.22355,41.40863],[2.22413,41.40844],[2.2258,41.40976],[2.22619,41.41066],[2.22885,41.40958]]]]}},{"type":"Feature","properties":{"cp":"08006","municipio":"Barcelona"},"geometry":{"type":"MultiPolygon","coordinates":[[[[2.14979,41.40585],[2.15014,41.40418],[2.14981,41.40301],[2.15104,41.40101],[2.15384,41.39885],[2.1546,41.39864],[2.1546,41.39925],[2.15547,41.3996],[2.1563,41.39901],[2.15638,41.39808],[2.1573,41.39777],[2.15871,41.39633],[2.15133,41.39444],[2.14485,41.39987],[2.14321,41.39888],[2.13793,41.40284],[2.14213,41.40495],[2.14888,41.40625],[2.14979,41.40585]]]]}},{"type":"Feature","properties":{"cp":"08007","municipio":"Barcelona"},"geometry":{"type":"MultiPolygon","coordinates":[[[[2.16596,41.39318],[2.16995,41.3902],[2.16917,41.38943],[2.17033,41.38823],[2.16854,41.38763],[2.1687,41.38668],[2.16767,41.38594],[2.16462,41.38592],[2.16371,41.3849],[2.16215,41.38652],[2.16283,41.38704],[2.16261,41.38741],[2.16113,41.38852],[2.16005,41.3886],[2.15922,41.3892],[2.15961,41.38958],[2.15913,41.38996],[2.16232,41.39228],[2.162,41.39323],[2.16317,41.39299],[2.16489,41.39407],[2.16596,41.39318]]]]}},{"type":"Feature","properties":{"cp":"08008","municipio":"Barcelona"},"geometry":{"type":"MultiPolygon","coordinates":[[[[2.16261,41.39594],[2.16489,41.39407],[2.16317,41.39299],[2.16182,41.39313],[2.16232,41.39228],[2.15919,41.39002],[2.15273,41.39481],[2.15871,41.39633],[2.15743,41.39767],[2.158,41.39803],[2.15953,41.39698],[2.16112,41.39695],[2.16261,41.39594]]]]}},{"type":"Feature","properties":{"cp":"08009","municipio":"Barcelona"},"geometry":{"type":"MultiPolygon","coordinates":[[[[2.17211,41.39272],[2.17182,41.39287],[2.1694,41.39078],[2.16417,41.39452],[2.16939,41.39878],[2.17148,41.39948],[2.17539,41.39631],[2.17475,41.39577],[2.17467,41.39433],[2.17405,41.39433],[2.17211,41.39272]]]]}},{"type":"Feature","properties":{"cp":"08010","municipio":"Barcelona"},"geometry":{"type":"MultiPolygon","coordinates":[[[[2.17591,41.39603],[2.1808,41.39206],[2.18016,41.39148],[2.18054,41.39118],[2.17734,41.38987],[2.17601,41.38888],[2.17381,41.38886],[2.17189,41.38715],[2.16917,41.38943],[2.16995,41.3902],[2.16943,41.39089],[2.17182,41.39287],[2.17211,41.39272],[2.17405,41.39433],[2.17467,41.39433],[2.17475,41.39577],[2.17539,41.39631],[2.17591,41.39603]]]]}},{"type":"Feature","properties":{"cp":"08011","municipio":"Barcelona"},"geometry":{"type":"MultiPolygon","coordinates":[[[[2.15719,41.38274],[2.15461,41.3847],[2.15418,41.38521],[2.15471,41.38548],[2.15389,41.38587],[2.15913,41.38996],[2.15961,41.38958],[2.15922,41.3892],[2.16005,41.3886],[2.16113,41.38852],[2.16261,41.38741],[2.16283,41.38704],[2.16215,41.38652],[2.16393,41.38489],[2.16311,41.37868],[2.16174,41.37929],[2.15719,41.38274]]]]}},{"type":"Feature","properties":{"cp":"08012","municipio":"Barcelona"},"geometry":{"type":"MultiPolygon","coordinates":[[[[2.15363,41.40721],[2.15654,41.40431],[2.15976,41.40602],[2.16193,41.40388],[2.16145,41.40363],[2.16499,41.40101],[2.15953,41.39698],[2.15822,41.398],[2.15743,41.39767],[2.15638,41.39808],[2.1563,41.39901],[2.15547,41.3996],[2.1546,41.39925],[2.1546,41.39864],[2.15384,41.39885],[2.15184,41.40017],[2.14981,41.40301],[2.15014,41.40418],[2.14969,41.40554],[2.14993,41.40619],[2.15015,41.40581],[2.15064,41.40587],[2.15012,41.40632],[2.15133,41.40737],[2.15116,41.40808],[2.1539,41.4084],[2.15363,41.40721]]]]}},{"type":"Feature","properties":{"cp":"08013","municipio":"Barcelona"},"geometry":{"type":"MultiPolygon","coordinates":[[[[2.18162,41.40774],[2.18637,41.40436],[2.18755,41.40433],[2.18711,41.40324],[2.18417,41.40231],[2.18692,41.40276],[2.18669,41.39674],[2.18537,41.39635],[2.1812,41.39368],[2.1811,41.39219],[2.1808,41.39206],[2.16998,41.40057],[2.18025,41.40841],[2.18162,41.40774]]]]}},{"type":"Feature","properties":{"cp":"08014","municipio":"Barcelona"},"geometry":{"type":"MultiPolygon","coordinates":[[[[2.13374,41.36416],[2.13399,41.36437],[2.13238,41.36551],[2.13101,41.36853],[2.12997,41.36979],[2.13609,41.37606],[2.13057,41.38794],[2.13031,41.38906],[2.13244,41.38955],[2.13407,41.38791],[2.13425,41.38726],[2.13504,41.38679],[2.13526,41.38598],[2.13697,41.38494],[2.1413,41.38086],[2.14288,41.38026],[2.14799,41.37646],[2.14934,41.37734],[2.1495,41.37708],[2.14836,41.37614],[2.14924,41.37501],[2.13398,41.36372],[2.13374,41.36416]]]]}},{"type":"Feature","properties":{"cp":"08015","municipio":"Barcelona"},"geometry":{"type":"MultiPolygon","coordinates":[[[[2.14874,41.37643],[2.1495,41.37708],[2.14934,41.37734],[2.14799,41.37646],[2.14235,41.38061],[2.14713,41.38211],[2.15287,41.38459],[2.15268,41.38504],[2.15308,41.38469],[2.15418,41.38521],[2.16787,41.37503],[2.14924,41.37501],[2.14836,41.37614],[2.14874,41.37643]]]]}},{"type":"Feature","properties":{"cp":"08016","municipio":"Barcelona"},"geometry":{"type":"MultiPolygon","coordinates":[[[[2.18766,41.44681],[2.18272,41.43136],[2.18307,41.4302],[2.18461,41.42807],[2.18181,41.42786],[2.17728,41.42818],[2.17724,41.42774],[2.17667,41.42787],[2.17708,41.42565],[2.17589,41.42554],[2.17619,41.42572],[2.17585,41.42674],[2.1744,41.42894],[2.17438,41.43032],[2.17472,41.43056],[2.17206,41.43533],[2.17812,41.44225],[2.17969,41.4459],[2.18766,41.44681]]]]}},{"type":"Feature","properties":{"cp":"08017","municipio":"Barcelona"},"geometry":{"type":"MultiPolygon","coordinates":[[[[2.07014,41.41219],[2.07005,41.4142],[2.07074,41.41504],[2.07252,41.41585],[2.07357,41.41746],[2.07367,41.41698],[2.07521,41.41599],[2.07366,41.41502],[2.07176,41.41271],[2.07014,41.41219]]],[[[2.08421,41.42968],[2.08795,41.42818],[2.08892,41.42918],[2.09018,41.42861],[2.09191,41.4296],[2.09432,41.43272],[2.09547,41.433],[2.09843,41.43176],[2.09873,41.43012],[2.10078,41.42974],[2.1017,41.42865],[2.10286,41.42808],[2.10505,41.42881],[2.11327,41.42837],[2.11225,41.42423],[2.11469,41.42091],[2.11602,41.42059],[2.11562,41.41921],[2.11675,41.4186],[2.11654,41.41826],[2.11693,41.41795],[2.11815,41.41835],[2.11939,41.41798],[2.12159,41.41309],[2.12553,41.41063],[2.12641,41.40896],[2.12834,41.40797],[2.12811,41.40545],[2.1319,41.40208],[2.13427,41.3992],[2.13524,41.39792],[2.13501,41.39754],[2.13642,41.39621],[2.136,41.39595],[2.13647,41.3953],[2.13706,41.39539],[2.13754,41.39478],[2.13784,41.39252],[2.13897,41.3919],[2.13926,41.39132],[2.13244,41.38955],[2.1301,41.39244],[2.12256,41.39783],[2.12206,41.39909],[2.11987,41.40162],[2.11687,41.40338],[2.11303,41.40008],[2.10804,41.40066],[2.10714,41.40139],[2.10615,41.40158],[2.10551,41.40127],[2.10424,41.39876],[2.10214,41.39769],[2.1013,41.39629],[2.10077,41.39415],[2.1015,41.39178],[2.10007,41.38848],[2.09954,41.39192],[2.09861,41.39293],[2.09767,41.39326],[2.09752,41.39396],[2.09964,41.39698],[2.10015,41.39856],[2.1018,41.39959],[2.10346,41.40349],[2.10305,41.40455],[2.10147,41.40517],[2.10098,41.40727],[2.10022,41.40836],[2.09717,41.4091],[2.09631,41.40824],[2.09513,41.4078],[2.08944,41.40838],[2.08602,41.40963],[2.08503,41.40962],[2.08223,41.40717],[2.08009,41.40596],[2.07983,41.4045],[2.07787,41.40299],[2.07549,41.40322],[2.07445,41.40287],[2.0733,41.40371],[2.07258,41.40354],[2.0718,41.40388],[2.06924,41.4063],[2.06907,41.40688],[2.0714,41.40749],[2.07105,41.40912],[2.07211,41.41099],[2.0734,41.41059],[2.07532,41.41128],[2.07627,41.41084],[2.07814,41.41242],[2.07714,41.41349],[2.07808,41.41417],[2.07817,41.41508],[2.07929,41.41508],[2.07976,41.4155],[2.07827,41.41802],[2.07877,41.41893],[2.07726,41.41873],[2.0766,41.41994],[2.07688,41.42103],[2.07511,41.42218],[2.07943,41.42297],[2.07978,41.42423],[2.08025,41.42434],[2.07674,41.42506],[2.07422,41.42482],[2.07228,41.4251],[2.07282,41.42742],[2.07624,41.42868],[2.07267,41.43079],[2.07098,41.43317],[2.07063,41.43501],[2.07137,41.43631],[2.07287,41.43717],[2.07225,41.43533],[2.07446,41.43539],[2.07487,41.43439],[2.07457,41.43345],[2.07481,41.43307],[2.07643,41.43283],[2.07753,41.43213],[2.07961,41.43189],[2.07982,41.43092],[2.08049,41.43064],[2.08085,41.4307],[2.08116,41.43175],[2.08198,41.43199],[2.08232,41.43167],[2.08229,41.43077],[2.0836,41.43088],[2.08339,41.43012],[2.08421,41.42968]]]]}},{"type":"Feature","properties":{"cp":"08018","municipio":"Barcelona"},"geometry":{"type":"MultiPolygon","coordinates":[[[[2.19349,41.41541],[2.20229,41.40885],[2.19815,41.40306],[2.19124,41.39471],[2.18311,41.38819],[2.18262,41.38841],[2.18336,41.38895],[2.18016,41.39148],[2.1811,41.39219],[2.1812,41.39368],[2.18537,41.39635],[2.18669,41.39674],[2.18692,41.40276],[2.18417,41.40231],[2.18711,41.40324],[2.18752,41.40453],[2.18637,41.40436],[2.18685,41.40496],[2.18684,41.40861],[2.18938,41.41014],[2.1897,41.41076],[2.19222,41.41262],[2.19226,41.41459],[2.19172,41.41501],[2.19195,41.41525],[2.19275,41.41481],[2.19349,41.41541]]]]}},{"type":"Feature","properties":{"cp":"08019","municipio":"Barcelona"},"geometry":{"type":"MultiPolygon","coordinates":[[[[2.20796,41.41616],[2.20847,41.41614],[2.20811,41.41635],[2.21183,41.42096],[2.21356,41.4202],[2.21627,41.41823],[2.22093,41.41375],[2.22068,41.41308],[2.22619,41.41066],[2.2258,41.40976],[2.22413,41.40844],[2.22355,41.40863],[2.2228,41.40784],[2.22228,41.40835],[2.22189,41.40818],[2.21719,41.4049],[2.21606,41.40484],[2.21167,41.40171],[2.20229,41.40885],[2.20796,41.41616]]]]}},{"type":"Feature","properties":{"cp":"08020","municipio":"Barcelona"},"geometry":{"type":"MultiPolygon","coordinates":[[[[2.19765,41.43278],[2.19987,41.43171],[2.20213,41.43178],[2.20432,41.43075],[2.2059,41.43216],[2.20638,41.43008],[2.20728,41.42956],[2.20688,41.4291],[2.2067,41.42713],[2.2057,41.42558],[2.20709,41.42502],[2.20881,41.42495],[2.20906,41.42426],[2.21061,41.42328],[2.21126,41.42139],[2.21183,41.42096],[2.20811,41.41635],[2.20847,41.41614],[2.20796,41.41616],[2.20229,41.40885],[2.19349,41.41541],[2.19255,41.41672],[2.19404,41.42119],[2.19186,41.42272],[2.19477,41.42474],[2.19696,41.42873],[2.19656,41.43186],[2.19501,41.43344],[2.19609,41.4336],[2.19765,41.43278]]]]}},{"type":"Feature","properties":{"cp":"08021","municipio":"Barcelona"},"geometry":{"type":"MultiPolygon","coordinates":[[[[2.13793,41.40284],[2.14321,41.39888],[2.14485,41.39987],[2.15133,41.39444],[2.13926,41.39132],[2.13897,41.3919],[2.13784,41.39252],[2.13754,41.39478],[2.13706,41.39539],[2.13647,41.3953],[2.136,41.39595],[2.13642,41.39621],[2.13501,41.39754],[2.13524,41.39792],[2.13415,41.39935],[2.13793,41.40284]]]]}},{"type":"Feature","properties":{"cp":"08022","municipio":"Barcelona"},"geometry":{"type":"MultiPolygon","coordinates":[[[[2.13993,41.41226],[2.14088,41.41158],[2.13957,41.41072],[2.13955,41.4061],[2.13974,41.40507],[2.14097,41.40451],[2.13793,41.40284],[2.13415,41.39935],[2.1319,41.40208],[2.12811,41.40545],[2.12834,41.40797],[2.12641,41.40896],[2.12574,41.41037],[2.13095,41.4138],[2.13381,41.41486],[2.13605,41.41516],[2.13993,41.41226]]]]}},{"type":"Feature","properties":{"cp":"08023","municipio":"Barcelona"},"geometry":{"type":"MultiPolygon","coordinates":[[[[2.14914,41.42043],[2.15185,41.42006],[2.15151,41.41791],[2.15272,41.4171],[2.15275,41.41677],[2.15014,41.41629],[2.151,41.41567],[2.14966,41.4152],[2.14966,41.41359],[2.14856,41.41267],[2.15032,41.41046],[2.14906,41.40965],[2.15029,41.40957],[2.15023,41.40849],[2.15143,41.40756],[2.15012,41.40632],[2.15064,41.40587],[2.14888,41.40625],[2.14097,41.40451],[2.13974,41.40507],[2.13957,41.41072],[2.14085,41.41172],[2.13676,41.41448],[2.13605,41.41516],[2.13603,41.41581],[2.13659,41.41617],[2.13746,41.41594],[2.13828,41.41665],[2.14061,41.42142],[2.14203,41.41994],[2.14526,41.42049],[2.14706,41.41989],[2.14914,41.42043]]]]}},{"type":"Feature","properties":{"cp":"08024","municipio":"Barcelona"},"geometry":{"type":"MultiPolygon","coordinates":[[[[2.16709,41.41749],[2.16762,41.41752],[2.16761,41.417],[2.16959,41.41562],[2.17074,41.41391],[2.16823,41.41252],[2.16472,41.41185],[2.16309,41.40561],[2.16399,41.40502],[2.16194,41.40366],[2.16145,41.40363],[2.16193,41.40388],[2.15956,41.40606],[2.15654,41.40431],[2.15363,41.40721],[2.1539,41.4084],[2.15073,41.408],[2.15023,41.40849],[2.15029,41.40957],[2.14906,41.40965],[2.15032,41.41046],[2.14856,41.41267],[2.14966,41.41359],[2.14966,41.4152],[2.15094,41.41555],[2.15104,41.41584],[2.15014,41.41629],[2.15054,41.41653],[2.15275,41.41677],[2.15272,41.4171],[2.15531,41.41818],[2.1602,41.41894],[2.16108,41.4186],[2.16457,41.41913],[2.16709,41.41749]]]]}},{"type":"Feature","properties":{"cp":"08025","municipio":"Barcelona"},"geometry":{"type":"MultiPolygon","coordinates":[[[[2.17591,41.40513],[2.16998,41.40057],[2.16949,41.40071],[2.16759,41.40248],[2.16309,41.40561],[2.16461,41.41169],[2.16823,41.41252],[2.17074,41.41391],[2.17069,41.41419],[2.17164,41.41348],[2.17374,41.41409],[2.17647,41.41378],[2.17653,41.41283],[2.17561,41.41214],[2.18062,41.40845],[2.17776,41.4068],[2.17591,41.40513]]]]}},{"type":"Feature","properties":{"cp":"08026","municipio":"Barcelona"},"geometry":{"type":"MultiPolygon","coordinates":[[[[2.1805,41.40852],[2.17683,41.41136],[2.18442,41.41716],[2.18758,41.41479],[2.18811,41.41486],[2.18763,41.41475],[2.19092,41.41222],[2.19231,41.41304],[2.18938,41.41014],[2.18684,41.40861],[2.18685,41.40496],[2.18637,41.40436],[2.1805,41.40852]]]]}},{"type":"Feature","properties":{"cp":"08027","municipio":"Barcelona"},"geometry":{"type":"MultiPolygon","coordinates":[[[[2.18888,41.42805],[2.19044,41.4277],[2.19358,41.42817],[2.19607,41.42676],[2.19477,41.42474],[2.19186,41.42272],[2.19404,41.42119],[2.19255,41.41672],[2.19349,41.41541],[2.19275,41.41481],[2.19195,41.41525],[2.19172,41.41501],[2.19226,41.41459],[2.19231,41.41304],[2.19092,41.41222],[2.18763,41.41475],[2.18811,41.41486],[2.18758,41.41479],[2.1808,41.41985],[2.18075,41.42046],[2.17621,41.42557],[2.17708,41.42565],[2.17667,41.42787],[2.17724,41.42774],[2.17728,41.42818],[2.18252,41.42786],[2.18461,41.42807],[2.18419,41.42866],[2.18823,41.42863],[2.18888,41.42805]]]]}},{"type":"Feature","properties":{"cp":"08028","municipio":"Barcelona"},"geometry":{"type":"MultiPolygon","coordinates":[[[[2.13094,41.38751],[2.13136,41.38591],[2.13609,41.37606],[2.12997,41.36979],[2.12392,41.37362],[2.1231,41.37473],[2.12154,41.3756],[2.1212,41.37803],[2.11749,41.37583],[2.10891,41.37599],[2.1089,41.37713],[2.10829,41.37796],[2.10282,41.38029],[2.10151,41.38113],[2.10113,41.38187],[2.13031,41.38906],[2.13094,41.38751]]]]}},{"type":"Feature","properties":{"cp":"08029","municipio":"Barcelona"},"geometry":{"type":"MultiPolygon","coordinates":[[[[2.14826,41.38963],[2.15191,41.38633],[2.15471,41.38548],[2.15308,41.38469],[2.15268,41.38504],[2.15287,41.38459],[2.14596,41.38166],[2.14564,41.38187],[2.14559,41.3815],[2.14235,41.38061],[2.1413,41.38086],[2.13697,41.38494],[2.13526,41.38598],[2.13504,41.38679],[2.13425,41.38726],[2.13407,41.38791],[2.13244,41.38955],[2.14452,41.3927],[2.14669,41.39054],[2.14826,41.38963]]]]}},{"type":"Feature","properties":{"cp":"08030","municipio":"Barcelona"},"geometry":{"type":"MultiPolygon","coordinates":[[[[2.20133,41.44866],[2.20709,41.44218],[2.20934,41.43521],[2.21025,41.43349],[2.20586,41.4326],[2.2059,41.43216],[2.20432,41.43075],[2.20213,41.43178],[2.19987,41.43171],[2.19609,41.4336],[2.19521,41.43353],[2.19656,41.43186],[2.19708,41.4297],[2.19607,41.42676],[2.19358,41.42817],[2.19044,41.4277],[2.18888,41.42805],[2.18823,41.42863],[2.18419,41.42866],[2.18272,41.43136],[2.18766,41.44681],[2.192,41.44682],[2.19451,41.44757],[2.19581,41.4474],[2.20115,41.44922],[2.20133,41.44866]]]]}},{"type":"Feature","properties":{"cp":"08031","municipio":"Barcelona"},"geometry":{"type":"MultiPolygon","coordinates":[[[[2.15876,41.43948],[2.15964,41.43867],[2.15938,41.43829],[2.15977,41.43858],[2.16324,41.43656],[2.17005,41.43479],[2.17206,41.43533],[2.17472,41.43056],[2.17438,41.43032],[2.1744,41.42894],[2.17619,41.42572],[2.16996,41.4272],[2.16369,41.42803],[2.15947,41.43187],[2.15541,41.4336],[2.15279,41.43416],[2.15368,41.43601],[2.15223,41.43763],[2.15561,41.43893],[2.15758,41.43891],[2.15876,41.43948]]]]}},{"type":"Feature","properties":{"cp":"08032","municipio":"Barcelona"},"geometry":{"type":"MultiPolygon","coordinates":[[[[2.17589,41.42554],[2.17644,41.42515],[2.17299,41.42014],[2.17253,41.42173],[2.17065,41.42238],[2.16709,41.41749],[2.16457,41.41913],[2.16108,41.4186],[2.1602,41.41894],[2.15724,41.41866],[2.15272,41.4171],[2.15151,41.41791],[2.15185,41.42006],[2.14914,41.42043],[2.15062,41.42207],[2.15071,41.42332],[2.15251,41.42495],[2.15164,41.42472],[2.15059,41.42339],[2.14882,41.42392],[2.15011,41.42504],[2.15042,41.42621],[2.15202,41.4267],[2.15362,41.42784],[2.15515,41.42903],[2.15482,41.42907],[2.15487,41.42943],[2.15565,41.43005],[2.15258,41.43366],[2.15279,41.43416],[2.15541,41.4336],[2.15947,41.43187],[2.16369,41.42803],[2.16996,41.4272],[2.17589,41.42554]]]]}},{"type":"Feature","properties":{"cp":"08033","municipio":"Barcelona"},"geometry":{"type":"MultiPolygon","coordinates":[[[[2.18578,41.46771],[2.18666,41.46785],[2.1871,41.46214],[2.18878,41.4589],[2.19029,41.45727],[2.20115,41.44922],[2.19581,41.4474],[2.19451,41.44757],[2.19262,41.4469],[2.18723,41.44684],[2.17969,41.4459],[2.18037,41.44742],[2.18226,41.44947],[2.18398,41.4503],[2.18214,41.45054],[2.1803,41.44975],[2.17866,41.45066],[2.17806,41.45036],[2.17712,41.45076],[2.17692,41.45],[2.17465,41.44995],[2.17379,41.44903],[2.17292,41.44918],[2.16996,41.44822],[2.16185,41.44239],[2.1597,41.4422],[2.16014,41.44274],[2.15967,41.44655],[2.16008,41.44873],[2.1599,41.4504],[2.16375,41.44983],[2.1653,41.45149],[2.1647,41.45264],[2.16463,41.45457],[2.16345,41.4559],[2.16465,41.45807],[2.16792,41.46029],[2.17128,41.461],[2.17464,41.46349],[2.18001,41.46479],[2.17951,41.46566],[2.18011,41.46663],[2.17906,41.466],[2.17855,41.46673],[2.17854,41.4679],[2.17932,41.46756],[2.18362,41.46826],[2.18578,41.46771]]]]}},{"type":"Feature","properties":{"cp":"08034","municipio":"Barcelona"},"geometry":{"type":"MultiPolygon","coordinates":[[[[2.13244,41.38955],[2.10113,41.38187],[2.10132,41.38358],[2.10226,41.38373],[2.10323,41.38472],[2.10064,41.38698],[2.10176,41.38741],[2.10007,41.38848],[2.1015,41.39178],[2.10077,41.39415],[2.1013,41.39629],[2.10214,41.39769],[2.10424,41.39876],[2.10551,41.40127],[2.10615,41.40158],[2.10714,41.40139],[2.10804,41.40066],[2.11303,41.40008],[2.11687,41.40338],[2.11987,41.40162],[2.12206,41.39909],[2.12256,41.39783],[2.1301,41.39244],[2.13244,41.38955]]]]}},{"type":"Feature","properties":{"cp":"08035","municipio":"Barcelona"},"geometry":{"type":"MultiPolygon","coordinates":[[[[2.15792,41.43905],[2.15561,41.43893],[2.15223,41.43763],[2.15368,41.43601],[2.15258,41.43366],[2.15565,41.43005],[2.15487,41.42943],[2.15482,41.42907],[2.15515,41.42903],[2.15362,41.42784],[2.15202,41.4267],[2.15042,41.42621],[2.15011,41.42504],[2.14882,41.42392],[2.15059,41.42339],[2.15164,41.42472],[2.15251,41.42495],[2.15071,41.42332],[2.15062,41.42207],[2.14937,41.42061],[2.14706,41.41989],[2.14526,41.42049],[2.14203,41.41994],[2.14061,41.42142],[2.13828,41.41665],[2.13746,41.41594],[2.13659,41.41617],[2.13603,41.41581],[2.13605,41.41516],[2.13381,41.41486],[2.13095,41.4138],[2.12574,41.41037],[2.12159,41.41309],[2.11939,41.41798],[2.11815,41.41835],[2.11662,41.4181],[2.11675,41.4186],[2.11562,41.41921],[2.11602,41.42059],[2.11469,41.42091],[2.11225,41.42423],[2.11327,41.42837],[2.11479,41.4279],[2.11561,41.42676],[2.11928,41.42566],[2.12071,41.42576],[2.12157,41.4265],[2.12275,41.42869],[2.12627,41.4316],[2.12792,41.43356],[2.12892,41.43581],[2.12848,41.43676],[2.12907,41.43822],[2.12906,41.44024],[2.12955,41.44088],[2.12919,41.44174],[2.12959,41.44286],[2.1303,41.4438],[2.1319,41.44418],[2.13249,41.44473],[2.13252,41.44544],[2.1333,41.44586],[2.13435,41.4476],[2.13581,41.44739],[2.13724,41.44791],[2.14044,41.44758],[2.14117,41.44709],[2.1433,41.44764],[2.14626,41.44757],[2.1483,41.4468],[2.14928,41.44731],[2.15199,41.44738],[2.1533,41.44909],[2.15548,41.44991],[2.15695,41.44961],[2.15879,41.45053],[2.1599,41.4504],[2.16008,41.44873],[2.15967,41.44655],[2.16014,41.44274],[2.1597,41.4422],[2.16026,41.44227],[2.1622,41.44077],[2.16138,41.43989],[2.15829,41.43941],[2.15792,41.43905]]]]}},{"type":"Feature","properties":{"cp":"08036","municipio":"Barcelona"},"geometry":{"type":"MultiPolygon","coordinates":[[[[2.15351,41.3941],[2.15919,41.39002],[2.15365,41.38564],[2.15241,41.3864],[2.15191,41.38633],[2.15014,41.38821],[2.14821,41.38983],[2.14669,41.39054],[2.14452,41.3927],[2.15273,41.39481],[2.15351,41.3941]]]]}},{"type":"Feature","properties":{"cp":"08037","municipio":"Barcelona"},"geometry":{"type":"MultiPolygon","coordinates":[[[[2.16508,41.4042],[2.17148,41.39948],[2.16939,41.39878],[2.16417,41.39452],[2.16176,41.39665],[2.15981,41.39703],[2.16499,41.40101],[2.16145,41.40363],[2.16399,41.40502],[2.16508,41.4042]]]]}},{"type":"Feature","properties":{"cp":"08038","municipio":"Barcelona"},"geometry":{"type":"MultiPolygon","coordinates":[[[[2.17763,41.37492],[2.17606,41.37271],[2.17313,41.36479],[2.16847,41.36043],[2.16234,41.35308],[2.15309,41.35157],[2.14677,41.34933],[2.14526,41.3511],[2.13727,41.34884],[2.13365,41.35274],[2.13165,41.35562],[2.13237,41.35592],[2.13267,41.35662],[2.133,41.35994],[2.13547,41.36195],[2.13357,41.3634],[2.1406,41.36862],[2.14082,41.36838],[2.13981,41.36571],[2.14219,41.36566],[2.14254,41.36709],[2.14331,41.36793],[2.14521,41.36854],[2.14576,41.36927],[2.14894,41.36964],[2.14958,41.37092],[2.15036,41.37136],[2.15328,41.37194],[2.15468,41.37034],[2.15462,41.36928],[2.15512,41.36944],[2.15791,41.36826],[2.15887,41.36882],[2.16189,41.36897],[2.16437,41.37021],[2.17152,41.37217],[2.1742,41.37181],[2.17538,41.37459],[2.17666,41.37441],[2.17792,41.37597],[2.17819,41.37598],[2.17763,41.37492]]]]}},{"type":"Feature","properties":{"cp":"08039","municipio":"Barcelona"},"geometry":{"type":"MultiPolygon","coordinates":[[[[2.1845,41.38177],[2.18659,41.38068],[2.1886,41.37498],[2.19183,41.37592],[2.18913,41.37069],[2.18955,41.36969],[2.19073,41.36939],[2.1912,41.37014],[2.19168,41.36996],[2.18747,41.36343],[2.18506,41.35764],[2.18417,41.35783],[2.18436,41.35833],[2.18485,41.35822],[2.18666,41.36294],[2.18612,41.36306],[2.18627,41.36344],[2.18688,41.36357],[2.18889,41.36669],[2.18751,41.3672],[2.18691,41.36602],[2.18559,41.36479],[2.18653,41.36417],[2.18634,41.36389],[2.18493,41.3646],[2.18439,41.36567],[2.18493,41.36579],[2.18503,41.36549],[2.18626,41.36693],[2.18652,41.36816],[2.18615,41.36848],[2.18655,41.36844],[2.18686,41.3701],[2.18592,41.36795],[2.18471,41.36807],[2.18478,41.36846],[2.18419,41.36851],[2.18454,41.37039],[2.18413,41.37042],[2.18421,41.37097],[2.18672,41.3707],[2.18678,41.37107],[2.1853,41.3712],[2.18551,41.37246],[2.18699,41.37233],[2.18712,41.37312],[2.18636,41.37356],[2.18705,41.37454],[2.18563,41.37451],[2.18532,41.37254],[2.18378,41.37294],[2.18452,41.37283],[2.18396,41.37335],[2.18458,41.37327],[2.18463,41.37356],[2.18401,41.37375],[2.18466,41.37371],[2.1847,41.374],[2.18404,41.37414],[2.18473,41.37415],[2.18477,41.37445],[2.18411,41.37455],[2.1848,41.37459],[2.18432,41.37509],[2.18638,41.37561],[2.18686,41.37755],[2.18597,41.37978],[2.18436,41.3807],[2.18321,41.38047],[2.18467,41.37674],[2.1825,41.37402],[2.18064,41.37485],[2.18044,41.3754],[2.18115,41.3751],[2.18283,41.37757],[2.18205,41.37946],[2.17922,41.37592],[2.18044,41.37541],[2.18064,41.37485],[2.17918,41.37551],[2.17784,41.37384],[2.18278,41.37161],[2.18172,41.37029],[2.17728,41.37231],[2.17677,41.3721],[2.17646,41.3699],[2.17681,41.36987],[2.17673,41.36932],[2.17638,41.36935],[2.17623,41.36715],[2.18052,41.36588],[2.18018,41.36538],[2.18196,41.36474],[2.18285,41.36532],[2.18319,41.36328],[2.18281,41.36321],[2.17702,41.35418],[2.17493,41.3503],[2.16964,41.32647],[2.17283,41.3171],[2.17199,41.31693],[2.16883,41.32635],[2.17086,41.33512],[2.16947,41.33529],[2.17004,41.33787],[2.16943,41.33795],[2.17179,41.34878],[2.17144,41.34883],[2.18179,41.36447],[2.18001,41.36512],[2.17898,41.3635],[2.17855,41.36367],[2.17884,41.36411],[2.17564,41.36527],[2.17301,41.36182],[2.17641,41.36057],[2.1751,41.35854],[2.1706,41.3602],[2.16961,41.35867],[2.17278,41.35654],[2.16709,41.34788],[2.16684,41.34798],[2.16715,41.34845],[2.1622,41.3519],[2.16111,41.35138],[2.16559,41.3459],[2.16505,41.34564],[2.16138,41.34999],[2.16006,41.34936],[2.16043,41.34891],[2.16006,41.34874],[2.16121,41.34737],[2.15297,41.34266],[2.15255,41.34273],[2.15258,41.34556],[2.15052,41.34576],[2.14926,41.33663],[2.14531,41.33651],[2.144,41.33478],[2.147,41.33373],[2.14599,41.33209],[2.14106,41.33389],[2.14928,41.34683],[2.14677,41.34933],[2.15309,41.35157],[2.16234,41.35308],[2.16847,41.36043],[2.17313,41.36479],[2.17606,41.37271],[2.17819,41.37598],[2.18249,41.3811],[2.1845,41.38177]]]]}},{"type":"Feature","properties":{"cp":"08040","municipio":"Barcelona"},"geometry":{"type":"MultiPolygon","coordinates":[[[[2.14677,41.34933],[2.14928,41.34683],[2.14106,41.33389],[2.14599,41.33209],[2.14562,41.33102],[2.14816,41.33013],[2.15537,41.34184],[2.15887,41.34343],[2.16034,41.34286],[2.16625,41.34189],[2.16543,41.34001],[2.16461,41.34014],[2.15882,41.32699],[2.15814,41.32701],[2.15849,41.32779],[2.15428,41.32781],[2.1541,41.32715],[2.15347,41.32715],[2.15206,41.32315],[2.15257,41.32297],[2.15217,41.3223],[2.15161,41.3225],[2.15067,41.32095],[2.14976,41.32101],[2.14883,41.32033],[2.14684,41.32005],[2.13925,41.32117],[2.13098,41.32082],[2.11881,41.32284],[2.1125,41.32568],[2.10797,41.3311],[2.10451,41.334],[2.10064,41.33613],[2.10225,41.33696],[2.12603,41.34493],[2.1269,41.34537],[2.12655,41.34589],[2.12791,41.34668],[2.12833,41.34614],[2.13005,41.34642],[2.13222,41.34784],[2.13309,41.34787],[2.13335,41.34861],[2.13449,41.3491],[2.13487,41.34861],[2.13567,41.34849],[2.14526,41.3511],[2.14677,41.34933]]]]}},{"type":"Feature","properties":{"cp":"08041","municipio":"Barcelona"},"geometry":{"type":"MultiPolygon","coordinates":[[[[2.17572,41.42423],[2.17644,41.42515],[2.18075,41.42046],[2.1808,41.41985],[2.18442,41.41716],[2.17683,41.41136],[2.17561,41.41214],[2.17653,41.41283],[2.17647,41.41378],[2.17374,41.41409],[2.17164,41.41348],[2.16976,41.41495],[2.16959,41.41562],[2.16761,41.417],[2.16762,41.41752],[2.16709,41.41749],[2.17065,41.42238],[2.17253,41.42173],[2.17299,41.42014],[2.17572,41.42423]]]]}},{"type":"Feature","properties":{"cp":"08042","municipio":"Barcelona"},"geometry":{"type":"MultiPolygon","coordinates":[[[[2.17734,41.45079],[2.17806,41.45036],[2.17866,41.45066],[2.1803,41.44975],[2.18214,41.45054],[2.18398,41.4503],[2.18226,41.44947],[2.18037,41.44742],[2.17812,41.44225],[2.17206,41.43533],[2.17087,41.43481],[2.16959,41.43487],[2.16324,41.43656],[2.15977,41.43858],[2.15921,41.43847],[2.15964,41.43867],[2.15876,41.43948],[2.16138,41.43989],[2.1622,41.44077],[2.16026,41.44227],[2.16185,41.44239],[2.16996,41.44822],[2.17292,41.44918],[2.17379,41.44903],[2.17465,41.44995],[2.17692,41.45],[2.17734,41.45079]]]]}},{"type":"Feature","properties":{"cp":"08075","municipio":"Hospitalet de Llobregat, L'"},"geometry":{"type":"MultiPolygon","coordinates":[[[[2.13254,41.36536],[2.13361,41.36336],[2.13263,41.36258],[2.13225,41.36306],[2.13145,41.36244],[2.1311,41.36292],[2.13205,41.36336],[2.13098,41.36495],[2.13254,41.36536]]],[[[2.13285,41.36537],[2.13399,41.36437],[2.13357,41.3634],[2.13256,41.36529],[2.13285,41.36537]]]]}},{"type":"Feature","properties":{"cp":"08100","municipio":"Mollet del Vallès"},"geometry":{"type":"MultiPolygon","coordinates":[[[[2.19555,41.54559],[2.21146,41.55826],[2.21216,41.55667],[2.2245,41.55589],[2.22601,41.55627],[2.22717,41.55549],[2.23362,41.55477],[2.23347,41.55117],[2.2318,41.54664],[2.2324,41.54621],[2.23187,41.54469],[2.23119,41.54455],[2.23083,41.54092],[2.22914,41.53988],[2.22062,41.5312],[2.21925,41.52837],[2.21545,41.52389],[2.20715,41.52645],[2.2077,41.52729],[2.2064,41.52812],[2.20791,41.52941],[2.20641,41.53036],[2.20442,41.53011],[2.20402,41.53068],[2.20421,41.53132],[2.20327,41.53216],[2.20254,41.53427],[2.20044,41.53686],[2.20027,41.53738],[2.2008,41.53857],[2.20047,41.54015],[2.19942,41.5412],[2.19835,41.54486],[2.19555,41.54559]]]]}},{"type":"Feature","properties":{"cp":"08104","municipio":"Mollet del Vallès"},"geometry":{"type":"MultiPolygon","coordinates":[[[[2.21146,41.55826],[2.19555,41.54559],[2.19393,41.54689],[2.19417,41.54931],[2.18977,41.55701],[2.18748,41.56602],[2.19039,41.56631],[2.19038,41.56718],[2.19124,41.56744],[2.19156,41.56702],[2.1933,41.56748],[2.19363,41.56926],[2.1959,41.57115],[2.19702,41.57156],[2.19648,41.57285],[2.19767,41.57319],[2.19661,41.57498],[2.1983,41.57575],[2.19971,41.5753],[2.20279,41.57563],[2.20313,41.57141],[2.20416,41.56871],[2.20831,41.56536],[2.21146,41.55826]]],[[[2.1933,41.56748],[2.19156,41.56702],[2.19124,41.56744],[2.19038,41.56718],[2.19039,41.56631],[2.18748,41.56602],[2.18655,41.57238],[2.19581,41.57423],[2.19661,41.57498],[2.19767,41.57319],[2.19648,41.57285],[2.19702,41.57156],[2.1959,41.57115],[2.19363,41.56926],[2.1933,41.56748]]]]}},{"type":"Feature","properties":{"cp":"08105","municipio":"Sant Fost de Campsentelles"},"geometry":{"type":"MultiPolygon","coordinates":[[[[2.23653,41.52337],[2.23779,41.52214],[2.23883,41.52245],[2.23999,41.522],[2.24026,41.52093],[2.24253,41.52082],[2.24532,41.51826],[2.24906,41.51875],[2.2511,41.51544],[2.25315,41.51569],[2.25333,41.51332],[2.25513,41.51212],[2.25511,41.51118],[2.2568,41.51008],[2.25659,41.50935],[2.25754,41.5084],[2.259,41.50765],[2.26132,41.50759],[2.26318,41.5041],[2.26234,41.5025],[2.26303,41.50169],[2.26007,41.49921],[2.25928,41.49755],[2.25743,41.49622],[2.25531,41.49588],[2.25515,41.49353],[2.25426,41.49202],[2.25251,41.49224],[2.24649,41.48862],[2.24566,41.49041],[2.24256,41.4904],[2.24058,41.49163],[2.23651,41.49139],[2.23513,41.4921],[2.23102,41.49291],[2.22876,41.49199],[2.22486,41.49223],[2.22331,41.49581],[2.21901,41.49655],[2.21067,41.49892],[2.208,41.50132],[2.20395,41.50352],[2.20799,41.50826],[2.21113,41.51361],[2.21545,41.52389],[2.21925,41.52837],[2.22062,41.5312],[2.22807,41.52582],[2.23342,41.52452],[2.23408,41.52507],[2.23612,41.52453],[2.23653,41.52337]]]]}},{"type":"Feature","properties":{"cp":"08106","municipio":"Santa Maria de Martorelles"},"geometry":{"type":"MultiPolygon","coordinates":[[[[2.24322,41.52314],[2.24318,41.5234],[2.24574,41.52327],[2.24574,41.52455],[2.24808,41.52459],[2.24791,41.5256],[2.2493,41.52584],[2.25012,41.5264],[2.25076,41.52961],[2.25224,41.52948],[2.25285,41.53036],[2.25234,41.53136],[2.25308,41.53173],[2.25703,41.52914],[2.26352,41.52645],[2.27026,41.52076],[2.27329,41.51933],[2.27629,41.5189],[2.27769,41.51805],[2.27939,41.51782],[2.28185,41.51502],[2.28188,41.51392],[2.27588,41.51134],[2.27463,41.51165],[2.26829,41.50926],[2.26807,41.50738],[2.26623,41.50417],[2.26501,41.50449],[2.26318,41.5041],[2.26132,41.50759],[2.259,41.50765],[2.25659,41.50935],[2.2568,41.51008],[2.25511,41.51118],[2.25513,41.51212],[2.25333,41.51332],[2.25315,41.51569],[2.2511,41.51544],[2.24906,41.51875],[2.24532,41.51826],[2.24253,41.52082],[2.24359,41.52216],[2.24322,41.52314]]]]}},{"type":"Feature","properties":{"cp":"08107","municipio":"Martorelles"},"geometry":{"type":"MultiPolygon","coordinates":[[[[2.23387,41.5249],[2.23342,41.52452],[2.22807,41.52582],[2.22062,41.5312],[2.22914,41.53988],[2.23262,41.54207],[2.24971,41.53551],[2.24907,41.5339],[2.25308,41.53173],[2.25234,41.53136],[2.25285,41.53036],[2.25224,41.52948],[2.25076,41.52961],[2.25012,41.5264],[2.2493,41.52584],[2.24791,41.5256],[2.24808,41.52459],[2.24574,41.52455],[2.24574,41.52327],[2.24318,41.5234],[2.24359,41.52216],[2.24253,41.52082],[2.24026,41.52093],[2.23999,41.522],[2.23883,41.52245],[2.23779,41.52214],[2.23658,41.52323],[2.23612,41.52453],[2.23387,41.5249]]]]}},{"type":"Feature","properties":{"cp":"08110","municipio":"Montcada i Reixac"},"geometry":{"type":"MultiPolygon","coordinates":[[[[2.18847,41.5163],[2.18904,41.51566],[2.18927,41.51421],[2.19357,41.50781],[2.1993,41.50266],[2.20038,41.50085],[2.2023,41.50213],[2.20358,41.50369],[2.208,41.50132],[2.21067,41.49892],[2.21901,41.49655],[2.22331,41.49581],[2.22486,41.49223],[2.22325,41.49042],[2.21838,41.48822],[2.21723,41.48831],[2.21567,41.48703],[2.21662,41.48553],[2.21531,41.48298],[2.21327,41.4818],[2.21193,41.48037],[2.21281,41.47944],[2.21778,41.47777],[2.2169,41.47545],[2.21363,41.47178],[2.21151,41.47131],[2.21034,41.47062],[2.20573,41.47042],[2.20001,41.4733],[2.19284,41.47182],[2.19022,41.47039],[2.18903,41.47069],[2.18699,41.46745],[2.18666,41.46785],[2.18511,41.46771],[2.18362,41.46826],[2.17932,41.46756],[2.17854,41.4679],[2.17855,41.46673],[2.17906,41.466],[2.18011,41.46663],[2.17951,41.46566],[2.18001,41.46479],[2.17464,41.46349],[2.17128,41.461],[2.16792,41.46029],[2.16465,41.45807],[2.16345,41.4559],[2.16463,41.45457],[2.1647,41.45264],[2.1653,41.45149],[2.16389,41.44991],[2.15879,41.45053],[2.15716,41.44964],[2.15561,41.44993],[2.15401,41.44938],[2.15605,41.45027],[2.15834,41.45356],[2.15775,41.45583],[2.1571,41.45632],[2.15716,41.45867],[2.15795,41.46007],[2.15819,41.46186],[2.15962,41.46415],[2.1595,41.46598],[2.15817,41.4671],[2.15867,41.46831],[2.15593,41.46696],[2.1572,41.47181],[2.1557,41.47462],[2.15428,41.47523],[2.15799,41.47981],[2.15753,41.48156],[2.16004,41.48456],[2.15349,41.4882],[2.15269,41.48946],[2.15433,41.48952],[2.15558,41.48858],[2.15812,41.48803],[2.15944,41.48855],[2.16053,41.49025],[2.16229,41.49026],[2.16802,41.48909],[2.17266,41.49268],[2.16973,41.49445],[2.17046,41.49505],[2.16805,41.49635],[2.16263,41.50399],[2.16203,41.50425],[2.16066,41.50614],[2.15868,41.50741],[2.16083,41.50886],[2.16068,41.51023],[2.16133,41.51078],[2.16127,41.5117],[2.16207,41.51331],[2.1623,41.51615],[2.16868,41.5151],[2.17092,41.5151],[2.17207,41.51727],[2.17423,41.51766],[2.17429,41.52008],[2.17499,41.52077],[2.18158,41.5176],[2.18644,41.51706],[2.18847,41.5163]]]]}},{"type":"Feature","properties":{"cp":"08120","municipio":"Llagosta, La"},"geometry":{"type":"MultiPolygon","coordinates":[[[[2.19132,41.51116],[2.18927,41.51421],[2.18904,41.51566],[2.19607,41.51682],[2.19809,41.51578],[2.20194,41.5193],[2.20321,41.52325],[2.2064,41.52812],[2.2077,41.52729],[2.20715,41.52645],[2.21545,41.52389],[2.21113,41.51361],[2.20799,41.50826],[2.20395,41.50352],[2.20358,41.50369],[2.2023,41.50213],[2.20038,41.50085],[2.1993,41.50266],[2.19357,41.50781],[2.19132,41.51116]]]]}},{"type":"Feature","properties":{"cp":"08130","municipio":"Santa Perpètua de Mogoda"},"geometry":{"type":"MultiPolygon","coordinates":[[[[2.18977,41.55701],[2.19417,41.54931],[2.19393,41.54689],[2.19564,41.54552],[2.19835,41.54486],[2.19942,41.5412],[2.20047,41.54015],[2.2008,41.53857],[2.20027,41.53738],[2.20044,41.53686],[2.20254,41.53427],[2.20327,41.53216],[2.20423,41.53129],[2.20402,41.53068],[2.20453,41.52998],[2.20641,41.53036],[2.20791,41.52941],[2.2064,41.52812],[2.20321,41.52325],[2.20194,41.5193],[2.19809,41.51578],[2.19607,41.51682],[2.18904,41.51566],[2.18853,41.51628],[2.18644,41.51706],[2.18158,41.5176],[2.17499,41.52077],[2.17429,41.52008],[2.17423,41.51766],[2.17207,41.51727],[2.17092,41.5151],[2.16417,41.51569],[2.16266,41.51619],[2.16105,41.51601],[2.16039,41.51841],[2.15967,41.51919],[2.15694,41.52003],[2.15408,41.51991],[2.15307,41.51934],[2.15274,41.5204],[2.14978,41.52287],[2.14974,41.52488],[2.14592,41.52793],[2.14408,41.52893],[2.14234,41.52865],[2.14057,41.52934],[2.13954,41.53097],[2.13851,41.53165],[2.13785,41.53306],[2.13959,41.53471],[2.14029,41.53741],[2.14422,41.53846],[2.14542,41.53827],[2.14563,41.53905],[2.14499,41.53915],[2.14491,41.53992],[2.14622,41.54014],[2.14592,41.54099],[2.14722,41.5411],[2.1474,41.54151],[2.14838,41.54138],[2.14965,41.54047],[2.15016,41.54099],[2.15611,41.53969],[2.15823,41.53672],[2.16897,41.54125],[2.16856,41.54396],[2.1675,41.54502],[2.16944,41.54634],[2.16972,41.54797],[2.17353,41.54779],[2.17412,41.55538],[2.17955,41.55597],[2.17988,41.55553],[2.18316,41.55726],[2.18644,41.55727],[2.18647,41.55683],[2.18977,41.55701]]]]}},{"type":"Feature","properties":{"cp":"08140","municipio":"Caldes de Montbui"},"geometry":{"type":"MultiPolygon","coordinates":[[[[2.11781,41.64407],[2.116,41.64363],[2.11641,41.64478],[2.11292,41.64527],[2.11183,41.64672],[2.11196,41.64815],[2.11037,41.64993],[2.11047,41.65079],[2.10895,41.6537],[2.1081,41.65449],[2.10608,41.65489],[2.10545,41.65587],[2.102,41.65675],[2.10187,41.65821],[2.09343,41.65925],[2.0959,41.65893],[2.09894,41.6592],[2.10001,41.66052],[2.10199,41.66135],[2.1028,41.66127],[2.10241,41.66211],[2.1045,41.66465],[2.10696,41.66474],[2.10792,41.66519],[2.10907,41.66654],[2.11191,41.66651],[2.1144,41.66729],[2.11491,41.668],[2.11599,41.66802],[2.1176,41.66879],[2.11716,41.66938],[2.12039,41.66951],[2.12101,41.67058],[2.13395,41.66917],[2.13414,41.67459],[2.13175,41.67709],[2.13204,41.67837],[2.13068,41.6798],[2.13188,41.68231],[2.13212,41.68388],[2.1332,41.68548],[2.13336,41.68679],[2.13299,41.68717],[2.13383,41.68727],[2.13502,41.68833],[2.13662,41.68863],[2.13726,41.68942],[2.13843,41.68975],[2.14793,41.68276],[2.15304,41.67764],[2.15908,41.67861],[2.16257,41.67681],[2.16493,41.67709],[2.16423,41.67446],[2.16549,41.67215],[2.1653,41.67078],[2.16389,41.66829],[2.16518,41.66754],[2.16441,41.66729],[2.16423,41.6652],[2.16384,41.66475],[2.16394,41.66265],[2.16353,41.66258],[2.16373,41.66192],[2.16319,41.66134],[2.16346,41.65908],[2.16406,41.6578],[2.16629,41.65801],[2.16794,41.65897],[2.17085,41.65894],[2.17307,41.6584],[2.17941,41.6584],[2.1856,41.65189],[2.1878,41.64843],[2.19429,41.64444],[2.19735,41.64055],[2.19825,41.63866],[2.19982,41.63848],[2.20334,41.63446],[2.20379,41.62938],[2.19841,41.6281],[2.19983,41.62079],[2.19911,41.61848],[2.19962,41.61743],[2.19903,41.61526],[2.19765,41.61521],[2.19677,41.61414],[2.19192,41.61424],[2.19097,41.61187],[2.18556,41.61212],[2.18798,41.60621],[2.18648,41.60611],[2.18503,41.60531],[2.18493,41.60218],[2.18309,41.60223],[2.18229,41.60144],[2.16425,41.60123],[2.16412,41.60428],[2.1628,41.60692],[2.16247,41.6106],[2.16107,41.6127],[2.16089,41.61394],[2.15894,41.61589],[2.15683,41.62147],[2.1542,41.62332],[2.14992,41.6296],[2.14592,41.63258],[2.14131,41.63361],[2.13959,41.63705],[2.1351,41.63945],[2.13312,41.63729],[2.13226,41.63871],[2.12952,41.64032],[2.12662,41.63992],[2.12374,41.64104],[2.12144,41.64544],[2.1189,41.64538],[2.11781,41.64407]]]]}},{"type":"Feature","properties":{"cp":"08146","municipio":"Gallifa"},"geometry":{"type":"MultiPolygon","coordinates":[[[[2.13926,41.69346],[2.13968,41.69274],[2.13843,41.68975],[2.13726,41.68942],[2.13662,41.68863],[2.13502,41.68833],[2.13383,41.68727],[2.13299,41.68717],[2.13336,41.68679],[2.1332,41.68548],[2.13212,41.68388],[2.13188,41.68231],[2.13068,41.6798],[2.13204,41.67837],[2.13175,41.67709],[2.13414,41.67459],[2.13395,41.66917],[2.12101,41.67058],[2.12039,41.66951],[2.11716,41.66938],[2.1176,41.66879],[2.11599,41.66802],[2.11491,41.668],[2.1144,41.66729],[2.11256,41.66671],[2.11292,41.66919],[2.11189,41.67066],[2.11023,41.67191],[2.11005,41.67311],[2.10646,41.67815],[2.10302,41.67918],[2.09989,41.68152],[2.09679,41.68158],[2.09703,41.68268],[2.09648,41.68364],[2.09728,41.68555],[2.09655,41.68809],[2.09478,41.68875],[2.09323,41.69168],[2.09052,41.69426],[2.08621,41.69504],[2.08591,41.69608],[2.08638,41.69661],[2.08472,41.69795],[2.08434,41.69889],[2.08419,41.69996],[2.08464,41.7016],[2.0841,41.70211],[2.08469,41.70316],[2.08619,41.70402],[2.08585,41.70476],[2.08707,41.70783],[2.09392,41.70927],[2.09708,41.70899],[2.09833,41.71047],[2.09887,41.71055],[2.09934,41.71378],[2.09973,41.71479],[2.10021,41.71496],[2.10237,41.71537],[2.10739,41.71427],[2.11037,41.71723],[2.11384,41.71558],[2.12497,41.71257],[2.13296,41.71548],[2.13377,41.70499],[2.13485,41.70447],[2.13551,41.70252],[2.13481,41.70024],[2.13525,41.6996],[2.13763,41.69857],[2.13766,41.69566],[2.13919,41.69422],[2.13926,41.69346]]]]}},{"type":"Feature","properties":{"cp":"08148","municipio":"Estany, L'"},"geometry":{"type":"MultiPolygon","coordinates":[[[[2.08637,41.8732],[2.08603,41.87464],[2.08696,41.87713],[2.0939,41.87931],[2.09237,41.88452],[2.09929,41.88944],[2.10731,41.88621],[2.11825,41.88283],[2.12305,41.88524],[2.12372,41.88068],[2.13012,41.87919],[2.13103,41.87872],[2.13142,41.87804],[2.13157,41.87616],[2.13223,41.87527],[2.13122,41.87321],[2.12927,41.87136],[2.12837,41.86871],[2.13437,41.86241],[2.12993,41.8609],[2.12758,41.85875],[2.12787,41.85747],[2.12723,41.85581],[2.12547,41.85619],[2.12268,41.85384],[2.12002,41.85445],[2.11906,41.85543],[2.1177,41.85569],[2.11194,41.85602],[2.109,41.85504],[2.10874,41.85515],[2.11083,41.86113],[2.10478,41.86145],[2.09984,41.8636],[2.09729,41.86389],[2.09175,41.86363],[2.08727,41.8628],[2.08398,41.86309],[2.08216,41.86462],[2.08444,41.86896],[2.08484,41.87097],[2.08637,41.8732]]]]}},{"type":"Feature","properties":{"cp":"08150","municipio":"Parets del Vallès"},"geometry":{"type":"MultiPolygon","coordinates":[[[[2.20679,41.57998],[2.20587,41.58108],[2.20586,41.58271],[2.20882,41.58447],[2.21014,41.58338],[2.21135,41.58302],[2.20875,41.57772],[2.20807,41.57754],[2.20737,41.57823],[2.20233,41.57685],[2.20073,41.57884],[2.20063,41.58044],[2.20181,41.5805],[2.20341,41.57969],[2.20679,41.57998]]],[[[2.25841,41.58152],[2.25644,41.57372],[2.25463,41.57202],[2.25448,41.57074],[2.25147,41.56899],[2.24808,41.56812],[2.24622,41.56377],[2.24781,41.55638],[2.24324,41.55487],[2.24225,41.55212],[2.2339,41.54575],[2.23187,41.54469],[2.2324,41.54621],[2.2318,41.54664],[2.23347,41.55117],[2.23362,41.55477],[2.22717,41.55549],[2.22601,41.55627],[2.2245,41.55589],[2.21216,41.55667],[2.20831,41.56536],[2.2043,41.5686],[2.20897,41.56842],[2.21171,41.57016],[2.21239,41.57013],[2.21472,41.57188],[2.21569,41.57144],[2.22291,41.57553],[2.22294,41.57624],[2.22753,41.5773],[2.22802,41.57456],[2.23347,41.57393],[2.23551,41.57444],[2.23809,41.57853],[2.24511,41.57983],[2.24556,41.58024],[2.24743,41.58052],[2.24756,41.58096],[2.24924,41.58061],[2.25841,41.58152]]]]}},{"type":"Feature","properties":{"cp":"08160","municipio":"Montmeló"},"geometry":{"type":"MultiPolygon","coordinates":[[[[2.23431,41.54607],[2.24225,41.55212],[2.24324,41.55487],[2.24781,41.55638],[2.24622,41.56377],[2.24808,41.56812],[2.25147,41.56899],[2.25448,41.57074],[2.25463,41.57202],[2.25644,41.57372],[2.26428,41.56875],[2.26553,41.56632],[2.2672,41.56541],[2.26331,41.56332],[2.2573,41.55647],[2.25956,41.55255],[2.25742,41.55211],[2.25847,41.55087],[2.25802,41.5505],[2.25643,41.54583],[2.25539,41.54626],[2.2501,41.5465],[2.24056,41.5455],[2.23723,41.54473],[2.2309,41.54163],[2.23119,41.54455],[2.23431,41.54607]]]]}},{"type":"Feature","properties":{"cp":"08170","municipio":"Montornès del Vallès"},"geometry":{"type":"MultiPolygon","coordinates":[[[[2.28413,41.54471],[2.28267,41.54305],[2.28125,41.53787],[2.28139,41.53729],[2.28037,41.53698],[2.28098,41.5354],[2.27984,41.53237],[2.27766,41.53131],[2.27705,41.53142],[2.27554,41.52983],[2.2728,41.52905],[2.27217,41.52758],[2.27252,41.52344],[2.26947,41.52168],[2.26352,41.52645],[2.25703,41.52914],[2.25239,41.53234],[2.24907,41.5339],[2.24971,41.53551],[2.23262,41.54207],[2.23083,41.54092],[2.2309,41.54163],[2.23865,41.54515],[2.2501,41.5465],[2.25539,41.54626],[2.25643,41.54583],[2.25802,41.5505],[2.25847,41.55087],[2.25742,41.55211],[2.25956,41.55255],[2.2573,41.55647],[2.26247,41.56245],[2.26331,41.56332],[2.2672,41.56541],[2.26937,41.56427],[2.27867,41.5713],[2.28176,41.57317],[2.28049,41.5675],[2.28088,41.5647],[2.27937,41.56384],[2.28035,41.56219],[2.27781,41.56132],[2.2796,41.55846],[2.27667,41.55808],[2.27709,41.55714],[2.27603,41.55653],[2.27594,41.55611],[2.27653,41.5548],[2.27791,41.55507],[2.28456,41.54748],[2.28413,41.54471]]]]}},{"type":"Feature","properties":{"cp":"08172","municipio":"Sant Cugat del Vallès"},"geometry":{"type":"MultiPolygon","coordinates":[[[[2.07802,41.47219],[2.07931,41.47341],[2.0801,41.47541],[2.0822,41.47514],[2.08264,41.4745],[2.08318,41.47469],[2.08386,41.47366],[2.08636,41.47379],[2.08671,41.47585],[2.08583,41.47606],[2.08583,41.47683],[2.08707,41.47665],[2.08863,41.47714],[2.08888,41.47805],[2.08925,41.47805],[2.08871,41.47689],[2.08945,41.47634],[2.09032,41.47709],[2.09322,41.47544],[2.09273,41.47429],[2.0936,41.47429],[2.09427,41.47195],[2.0967,41.4714],[2.09623,41.47023],[2.0954,41.46981],[2.09379,41.46704],[2.09242,41.46679],[2.08829,41.46425],[2.08463,41.46275],[2.08453,41.46156],[2.08391,41.46246],[2.08316,41.46207],[2.08336,41.4606],[2.08297,41.45991],[2.07845,41.46253],[2.08066,41.46627],[2.07824,41.46832],[2.07758,41.46953],[2.07815,41.47012],[2.07802,41.47219]]]]}},{"type":"Feature","properties":{"cp":"08173","municipio":"Sant Cugat del Vallès"},"geometry":{"type":"MultiPolygon","coordinates":[[[[2.09131,41.48207],[2.09507,41.48003],[2.10229,41.47364],[2.1046,41.4728],[2.10457,41.47173],[2.10669,41.46786],[2.11195,41.46602],[2.11743,41.46602],[2.11618,41.46317],[2.11589,41.46004],[2.11302,41.45738],[2.10699,41.45892],[2.09835,41.45798],[2.08535,41.45233],[2.0839,41.45119],[2.08278,41.45256],[2.08276,41.45429],[2.0818,41.45469],[2.08055,41.45303],[2.07981,41.45318],[2.07713,41.45418],[2.07656,41.45533],[2.0752,41.45576],[2.07475,41.4566],[2.07403,41.45629],[2.07416,41.45748],[2.07362,41.45837],[2.0739,41.45949],[2.07505,41.46119],[2.07218,41.46022],[2.07122,41.46028],[2.07591,41.46387],[2.07526,41.46478],[2.06936,41.46057],[2.06784,41.46067],[2.06774,41.45985],[2.06745,41.45985],[2.06755,41.46076],[2.06652,41.46114],[2.06632,41.46004],[2.0659,41.46019],[2.06683,41.46266],[2.06793,41.4632],[2.06858,41.46415],[2.06979,41.46373],[2.06909,41.46424],[2.07045,41.46487],[2.07047,41.46663],[2.07135,41.46668],[2.0701,41.46693],[2.06977,41.47025],[2.06858,41.47244],[2.06544,41.47242],[2.06485,41.47407],[2.06234,41.47347],[2.06022,41.47211],[2.05521,41.47304],[2.05442,41.47266],[2.05367,41.47327],[2.05224,41.47598],[2.05081,41.47666],[2.04688,41.47731],[2.04915,41.48213],[2.05661,41.48057],[2.05724,41.47963],[2.06875,41.47816],[2.06904,41.48033],[2.06954,41.4813],[2.08292,41.48278],[2.08801,41.48516],[2.08946,41.48421],[2.09131,41.48207]],[[2.08871,41.47733],[2.08707,41.47665],[2.08583,41.47683],[2.08583,41.47606],[2.08671,41.47585],[2.08636,41.47379],[2.08386,41.47366],[2.08318,41.47469],[2.08264,41.4745],[2.0822,41.47514],[2.0801,41.47541],[2.07931,41.47341],[2.07802,41.47219],[2.07815,41.47012],[2.07758,41.46953],[2.07824,41.46832],[2.08066,41.46627],[2.07845,41.46253],[2.08297,41.45991],[2.08336,41.4606],[2.08316,41.46207],[2.08391,41.46246],[2.08453,41.46156],[2.08463,41.46275],[2.08829,41.46425],[2.09242,41.46679],[2.09379,41.46704],[2.0954,41.46981],[2.09623,41.47023],[2.0967,41.4714],[2.09427,41.47195],[2.0936,41.47429],[2.09273,41.47429],[2.09322,41.47544],[2.09032,41.47709],[2.08945,41.47634],[2.08871,41.47689],[2.08925,41.47805],[2.08888,41.47805],[2.08871,41.47733]]]]}},{"type":"Feature","properties":{"cp":"08174","municipio":"Sant Cugat del Vallès"},"geometry":{"type":"MultiPolygon","coordinates":[[[[2.06767,41.50966],[2.07239,41.50692],[2.0751,41.5068],[2.07517,41.502],[2.07501,41.50005],[2.07436,41.499],[2.07445,41.49748],[2.07865,41.4954],[2.08244,41.48882],[2.08801,41.48516],[2.08292,41.48278],[2.06954,41.4813],[2.06904,41.48033],[2.06875,41.47816],[2.05724,41.47963],[2.05661,41.48057],[2.04915,41.48213],[2.04691,41.47731],[2.04493,41.47741],[2.04305,41.47636],[2.04245,41.47395],[2.03943,41.47402],[2.03748,41.47342],[2.03582,41.47086],[2.03408,41.46664],[2.03032,41.46263],[2.0251,41.46209],[2.01277,41.46276],[2.01411,41.4632],[2.01472,41.46394],[2.01445,41.46556],[2.01664,41.46827],[2.01773,41.46875],[2.02032,41.46897],[2.02772,41.46666],[2.03161,41.46861],[2.03364,41.47026],[2.03423,41.47141],[2.03568,41.47264],[2.03565,41.47339],[2.03914,41.4768],[2.03813,41.47761],[2.0399,41.48082],[2.04143,41.48071],[2.04357,41.48514],[2.04539,41.4859],[2.04777,41.48606],[2.04949,41.48888],[2.04931,41.49164],[2.05037,41.49556],[2.05233,41.49829],[2.05235,41.50038],[2.05392,41.50288],[2.05587,41.50277],[2.05518,41.50722],[2.05444,41.50835],[2.05455,41.50976],[2.0512,41.51225],[2.05286,41.51383],[2.05673,41.51616],[2.05805,41.51854],[2.06413,41.51985],[2.06455,41.51927],[2.06448,41.51297],[2.06767,41.50966]]]]}},{"type":"Feature","properties":{"cp":"08178","municipio":"Collsuspina"},"geometry":{"type":"MultiPolygon","coordinates":[[[[2.17032,41.80169],[2.17073,41.80255],[2.17228,41.80342],[2.17241,41.80449],[2.17096,41.80613],[2.16927,41.80412],[2.16732,41.80318],[2.16332,41.8072],[2.16775,41.81287],[2.16207,41.81856],[2.16096,41.82123],[2.15552,41.8267],[2.15415,41.82427],[2.15162,41.82651],[2.15027,41.82638],[2.15014,41.82756],[2.15336,41.8293],[2.15429,41.83027],[2.15825,41.84142],[2.15395,41.85337],[2.15443,41.85352],[2.15436,41.85422],[2.15581,41.85494],[2.15574,41.85546],[2.1567,41.85562],[2.1575,41.85672],[2.1584,41.85612],[2.16206,41.85622],[2.16472,41.85555],[2.16849,41.85537],[2.17283,41.85366],[2.17504,41.8536],[2.17727,41.85206],[2.17997,41.85258],[2.18401,41.85515],[2.18438,41.85798],[2.18621,41.85975],[2.18998,41.84933],[2.18993,41.84661],[2.18867,41.84401],[2.192,41.83789],[2.19338,41.83864],[2.19642,41.83616],[2.19417,41.83136],[2.19167,41.82092],[2.18793,41.81691],[2.18745,41.81594],[2.18825,41.81332],[2.18716,41.80998],[2.1843,41.80835],[2.18357,41.80673],[2.17969,41.80293],[2.17946,41.80068],[2.17581,41.79847],[2.17527,41.79777],[2.17032,41.80169]]]]}},{"type":"Feature","properties":{"cp":"08180","municipio":"Moià"},"geometry":{"type":"MultiPolygon","coordinates":[[[[2.11195,41.85602],[2.11906,41.85543],[2.12002,41.85445],[2.12268,41.85384],[2.12547,41.85619],[2.12723,41.85581],[2.12787,41.85747],[2.12758,41.85875],[2.12993,41.8609],[2.13437,41.86241],[2.13617,41.85841],[2.13991,41.85926],[2.14165,41.85883],[2.14131,41.85565],[2.14397,41.85379],[2.14592,41.85313],[2.14627,41.85261],[2.15395,41.85337],[2.15825,41.84142],[2.15429,41.83027],[2.15336,41.8293],[2.15014,41.82756],[2.15027,41.82638],[2.15162,41.82651],[2.15415,41.82427],[2.15552,41.8267],[2.16096,41.82123],[2.16207,41.81856],[2.16775,41.81287],[2.16332,41.8072],[2.16732,41.80318],[2.16927,41.80412],[2.17096,41.80613],[2.17241,41.80449],[2.17228,41.80342],[2.17035,41.80204],[2.17067,41.80128],[2.163,41.79805],[2.16309,41.79696],[2.16036,41.79303],[2.15824,41.79437],[2.15564,41.79518],[2.15222,41.79383],[2.15023,41.79359],[2.1505,41.79384],[2.14976,41.79477],[2.15032,41.79832],[2.14729,41.79487],[2.13803,41.79185],[2.13758,41.79149],[2.13717,41.78934],[2.13433,41.78731],[2.13245,41.78399],[2.13097,41.78355],[2.13022,41.78251],[2.12848,41.78129],[2.12687,41.7818],[2.1252,41.7845],[2.12444,41.78327],[2.11965,41.78099],[2.1115,41.77898],[2.11012,41.78028],[2.10728,41.77756],[2.10639,41.77793],[2.10351,41.77743],[2.09873,41.78002],[2.09636,41.77787],[2.09597,41.77572],[2.09472,41.77525],[2.09213,41.77529],[2.0906,41.77779],[2.08816,41.77868],[2.08811,41.7796],[2.09129,41.7798],[2.09196,41.7802],[2.09196,41.78069],[2.0898,41.78155],[2.08577,41.78238],[2.08586,41.78321],[2.08469,41.78378],[2.08126,41.78838],[2.08161,41.7902],[2.07991,41.79056],[2.07825,41.79163],[2.07545,41.78892],[2.07408,41.79006],[2.07264,41.78892],[2.07185,41.78976],[2.07065,41.78945],[2.06963,41.78972],[2.06851,41.7891],[2.06689,41.78915],[2.06449,41.79063],[2.06306,41.7906],[2.06129,41.79209],[2.06004,41.79388],[2.0533,41.79107],[2.04988,41.79057],[2.04875,41.78992],[2.04729,41.78716],[2.04343,41.78512],[2.04237,41.78409],[2.04117,41.78448],[2.0341,41.7903],[2.03283,41.79438],[2.03441,41.79528],[2.03332,41.80009],[2.02736,41.80178],[2.03824,41.80581],[2.03412,41.81028],[2.03315,41.81263],[2.03335,41.81327],[2.03564,41.81417],[2.03754,41.81406],[2.03716,41.81467],[2.03749,41.81512],[2.04029,41.81511],[2.04008,41.81585],[2.04051,41.81634],[2.04559,41.81686],[2.04534,41.81737],[2.0478,41.82033],[2.04782,41.82214],[2.04888,41.82334],[2.04791,41.82425],[2.04834,41.82457],[2.04842,41.82585],[2.04957,41.82677],[2.04988,41.82907],[2.05051,41.83052],[2.05114,41.83039],[2.05124,41.83177],[2.05196,41.83196],[2.05221,41.83339],[2.05117,41.83445],[2.05126,41.83499],[2.05337,41.83639],[2.05248,41.83724],[2.05248,41.83819],[2.05476,41.84022],[2.05557,41.84154],[2.05558,41.8431],[2.0561,41.84329],[2.05624,41.8428],[2.05681,41.84266],[2.05871,41.84433],[2.0594,41.84552],[2.05819,41.84585],[2.06074,41.85029],[2.06228,41.85082],[2.06226,41.85243],[2.06344,41.8527],[2.06337,41.85333],[2.06436,41.8535],[2.06484,41.85425],[2.06557,41.8545],[2.06585,41.85521],[2.06687,41.85533],[2.06815,41.85611],[2.06844,41.85692],[2.07003,41.85728],[2.07046,41.85847],[2.07173,41.85783],[2.07257,41.85801],[2.07224,41.85901],[2.0731,41.85964],[2.07356,41.86066],[2.07598,41.86101],[2.07699,41.862],[2.07836,41.86165],[2.07897,41.86236],[2.08071,41.86241],[2.08044,41.86325],[2.08182,41.86386],[2.08216,41.86462],[2.08456,41.86299],[2.08727,41.8628],[2.09175,41.86363],[2.09729,41.86389],[2.09984,41.8636],[2.10478,41.86145],[2.11083,41.86113],[2.10874,41.85515],[2.11195,41.85602]]]]}},{"type":"Feature","properties":{"cp":"08181","municipio":"Sentmenat"},"geometry":{"type":"MultiPolygon","coordinates":[[[[2.15479,41.59247],[2.15177,41.58378],[2.15333,41.58243],[2.15197,41.5819],[2.15219,41.58138],[2.15132,41.58051],[2.15262,41.57797],[2.15171,41.57738],[2.14914,41.57709],[2.14991,41.57612],[2.14216,41.57527],[2.13698,41.57408],[2.1319,41.57422],[2.12633,41.57512],[2.12596,41.57637],[2.12194,41.57795],[2.11809,41.57793],[2.11754,41.57866],[2.11728,41.58273],[2.11733,41.58525],[2.11849,41.58774],[2.11745,41.59019],[2.11792,41.59709],[2.11735,41.5992],[2.11815,41.60179],[2.11802,41.60459],[2.11599,41.60596],[2.11474,41.60856],[2.11214,41.61098],[2.11333,41.61307],[2.11711,41.61494],[2.1187,41.61467],[2.11682,41.61535],[2.11454,41.61745],[2.11369,41.61738],[2.10612,41.62096],[2.1041,41.62325],[2.10153,41.62914],[2.10034,41.62998],[2.09807,41.63498],[2.10007,41.64351],[2.09961,41.64544],[2.0977,41.64757],[2.09864,41.64866],[2.09679,41.6519],[2.09559,41.65282],[2.09368,41.65327],[2.09303,41.65406],[2.09218,41.65417],[2.09131,41.65487],[2.09143,41.65758],[2.09087,41.65958],[2.10187,41.65821],[2.102,41.65675],[2.10545,41.65587],[2.10608,41.65489],[2.1081,41.65449],[2.10895,41.6537],[2.11047,41.65079],[2.11037,41.64993],[2.11196,41.64815],[2.11183,41.64672],[2.11292,41.64527],[2.11641,41.64478],[2.116,41.64363],[2.11781,41.64407],[2.1189,41.64538],[2.12144,41.64544],[2.12374,41.64104],[2.12662,41.63992],[2.12952,41.64032],[2.13226,41.63871],[2.13312,41.63729],[2.1351,41.63945],[2.13959,41.63705],[2.14131,41.63361],[2.14592,41.63258],[2.14992,41.6296],[2.1542,41.62332],[2.15683,41.62147],[2.15894,41.61589],[2.16089,41.61394],[2.16107,41.6127],[2.16247,41.6106],[2.1628,41.60692],[2.16412,41.60428],[2.16418,41.5997],[2.15479,41.59247]]]]}},{"type":"Feature","properties":{"cp":"08182","municipio":"Sant Feliu de Codines"},"geometry":{"type":"MultiPolygon","coordinates":[[[[2.18872,41.71483],[2.18872,41.71381],[2.18703,41.71202],[2.18685,41.71072],[2.18599,41.7102],[2.18661,41.71005],[2.18604,41.70792],[2.18539,41.70738],[2.18465,41.70126],[2.18588,41.69975],[2.18574,41.69799],[2.18856,41.69178],[2.18765,41.69076],[2.18617,41.69009],[2.18379,41.68727],[2.18053,41.68594],[2.17858,41.68469],[2.17192,41.68401],[2.1708,41.68181],[2.16968,41.68091],[2.16887,41.679],[2.16704,41.67785],[2.16493,41.67709],[2.16257,41.67681],[2.15908,41.67861],[2.15304,41.67764],[2.14793,41.68276],[2.13843,41.68975],[2.13968,41.69313],[2.13919,41.69422],[2.13766,41.69566],[2.13763,41.69857],[2.13525,41.6996],[2.13481,41.70024],[2.13551,41.70252],[2.13485,41.70447],[2.13377,41.70499],[2.13296,41.71548],[2.13574,41.7152],[2.13642,41.71431],[2.13836,41.71458],[2.14223,41.71314],[2.15405,41.71612],[2.15699,41.71626],[2.16368,41.71538],[2.16674,41.71269],[2.17026,41.71178],[2.17203,41.71333],[2.17584,41.71305],[2.17897,41.71659],[2.18237,41.71592],[2.18635,41.71823],[2.18671,41.7174],[2.18629,41.71576],[2.18872,41.71483]]]]}},{"type":"Feature","properties":{"cp":"08183","municipio":"Castellcir"},"geometry":{"type":"MultiPolygon","coordinates":[[[[2.06272,41.79115],[2.06306,41.7906],[2.06449,41.79063],[2.06689,41.78915],[2.06851,41.7891],[2.06963,41.78972],[2.07065,41.78945],[2.07185,41.78976],[2.07264,41.78892],[2.07408,41.79006],[2.07545,41.78892],[2.07825,41.79163],[2.07991,41.79056],[2.08161,41.7902],[2.08126,41.78838],[2.08469,41.78378],[2.08586,41.78321],[2.08577,41.78238],[2.0898,41.78155],[2.09196,41.78069],[2.09196,41.7802],[2.09129,41.7798],[2.08811,41.7796],[2.08816,41.77868],[2.0906,41.77779],[2.08413,41.77481],[2.08256,41.77454],[2.08126,41.77483],[2.07918,41.77288],[2.07682,41.76861],[2.07664,41.76908],[2.07515,41.76989],[2.07209,41.76994],[2.07137,41.76979],[2.07017,41.76854],[2.06659,41.7684],[2.06585,41.76696],[2.06385,41.76516],[2.06377,41.76398],[2.0587,41.76233],[2.05723,41.76105],[2.05558,41.76138],[2.05347,41.76077],[2.04235,41.76603],[2.04527,41.77089],[2.04455,41.77927],[2.04117,41.78448],[2.04237,41.78409],[2.04343,41.78512],[2.04729,41.78716],[2.04875,41.78992],[2.04988,41.79057],[2.0533,41.79107],[2.05614,41.79242],[2.05752,41.79266],[2.05904,41.79361],[2.06004,41.79388],[2.06129,41.79209],[2.06272,41.79115]]],[[[2.12848,41.78129],[2.12648,41.77978],[2.12616,41.77851],[2.12359,41.77764],[2.12262,41.77552],[2.12337,41.77488],[2.12606,41.7745],[2.12939,41.77309],[2.12946,41.76577],[2.13513,41.75948],[2.13993,41.7574],[2.1421,41.75527],[2.14248,41.75202],[2.13739,41.74406],[2.13666,41.74361],[2.13673,41.74245],[2.1372,41.74238],[2.13739,41.74179],[2.1386,41.7414],[2.13788,41.73808],[2.1383,41.73703],[2.14141,41.73454],[2.14159,41.73065],[2.13143,41.73144],[2.12881,41.72902],[2.12605,41.72104],[2.13296,41.71548],[2.12956,41.71416],[2.12497,41.71257],[2.11384,41.71558],[2.11037,41.71723],[2.1105,41.7195],[2.10988,41.72104],[2.1116,41.72296],[2.10832,41.72942],[2.10708,41.72896],[2.1051,41.72906],[2.10426,41.72639],[2.10203,41.72661],[2.10213,41.72592],[2.10146,41.72431],[2.09871,41.72044],[2.09782,41.7183],[2.09724,41.71868],[2.09611,41.71978],[2.09548,41.72499],[2.09641,41.72579],[2.09763,41.72586],[2.09791,41.7262],[2.09837,41.7277],[2.09796,41.72911],[2.09864,41.7306],[2.09801,41.73202],[2.09869,41.73355],[2.10031,41.73507],[2.10104,41.73709],[2.0987,41.73805],[2.09623,41.73852],[2.09403,41.73752],[2.09275,41.73851],[2.09124,41.74182],[2.08992,41.74248],[2.08701,41.7428],[2.08285,41.74145],[2.08198,41.74134],[2.08054,41.74183],[2.07924,41.74148],[2.0792,41.74199],[2.07743,41.74223],[2.07743,41.743],[2.07948,41.74337],[2.07863,41.74488],[2.07944,41.74573],[2.07962,41.74628],[2.07926,41.74652],[2.07518,41.74729],[2.07323,41.74687],[2.07187,41.74726],[2.06992,41.74687],[2.06684,41.74713],[2.06502,41.7463],[2.06271,41.74673],[2.06133,41.74539],[2.05914,41.74675],[2.05432,41.74705],[2.05297,41.74762],[2.05105,41.74926],[2.04737,41.74897],[2.04621,41.74924],[2.04583,41.75004],[2.04363,41.75669],[2.04839,41.75918],[2.0549,41.76131],[2.05723,41.76105],[2.0587,41.76233],[2.06377,41.76398],[2.06385,41.76516],[2.06585,41.76696],[2.06659,41.7684],[2.07017,41.76854],[2.07137,41.76979],[2.07209,41.76994],[2.07515,41.76989],[2.07664,41.76908],[2.07682,41.76861],[2.07918,41.77288],[2.08126,41.77483],[2.08256,41.77454],[2.08413,41.77481],[2.0906,41.77779],[2.09213,41.77529],[2.0957,41.77546],[2.09636,41.77787],[2.09835,41.77983],[2.09904,41.78006],[2.09961,41.77934],[2.10351,41.77743],[2.10639,41.77793],[2.10728,41.77756],[2.11012,41.78028],[2.1115,41.77898],[2.11965,41.78099],[2.12444,41.78327],[2.1252,41.7845],[2.12687,41.7818],[2.12848,41.78129]]],[[[2.07948,41.74337],[2.07765,41.74328],[2.07743,41.74223],[2.07882,41.74214],[2.07962,41.74142],[2.08054,41.74183],[2.08198,41.74134],[2.08285,41.74145],[2.08701,41.7428],[2.08909,41.74276],[2.09124,41.74182],[2.09275,41.73851],[2.09403,41.73752],[2.09623,41.73852],[2.0987,41.73805],[2.10104,41.73709],[2.10031,41.73507],[2.09869,41.73355],[2.09801,41.73202],[2.09864,41.7306],[2.09796,41.72911],[2.09837,41.7277],[2.09791,41.7262],[2.09763,41.72586],[2.09641,41.72579],[2.09548,41.72499],[2.09611,41.71978],[2.09782,41.7183],[2.09871,41.72044],[2.10146,41.72431],[2.10213,41.72592],[2.10203,41.72661],[2.10426,41.72639],[2.1051,41.72906],[2.10708,41.72896],[2.10832,41.72942],[2.11048,41.72561],[2.1116,41.72296],[2.10988,41.72104],[2.1105,41.7195],[2.11037,41.71723],[2.10739,41.71427],[2.10237,41.71537],[2.09973,41.71479],[2.09887,41.71055],[2.09833,41.71047],[2.09708,41.70899],[2.09392,41.70927],[2.08707,41.70783],[2.08618,41.70804],[2.08517,41.71044],[2.08465,41.71082],[2.08198,41.71062],[2.07938,41.70957],[2.07702,41.70989],[2.07678,41.71069],[2.07364,41.71092],[2.07105,41.71269],[2.06611,41.71405],[2.06562,41.7137],[2.06511,41.71211],[2.06345,41.71198],[2.06087,41.71098],[2.05858,41.711],[2.05515,41.71186],[2.05293,41.71156],[2.05067,41.71062],[2.04897,41.71077],[2.04503,41.71278],[2.04445,41.71396],[2.04366,41.71446],[2.04047,41.7151],[2.03837,41.71698],[2.03687,41.71662],[2.03596,41.71686],[2.03406,41.71617],[2.03271,41.71653],[2.03057,41.71497],[2.02976,41.71203],[2.02877,41.71089],[2.02827,41.7111],[2.02714,41.71027],[2.0258,41.71005],[2.02488,41.70847],[2.02301,41.70753],[2.02223,41.70769],[2.02076,41.70917],[2.02093,41.71021],[2.0196,41.71148],[2.01942,41.71311],[2.01613,41.71644],[2.01659,41.72018],[2.01528,41.72189],[2.01537,41.72399],[2.01468,41.7245],[2.02651,41.72676],[2.02599,41.73217],[2.02854,41.73574],[2.03182,41.736],[2.03473,41.73679],[2.03717,41.74137],[2.03794,41.74203],[2.03742,41.74352],[2.0426,41.74624],[2.04365,41.74801],[2.04503,41.74908],[2.05105,41.74926],[2.05297,41.74762],[2.05432,41.74705],[2.05914,41.74675],[2.06133,41.74539],[2.0618,41.74619],[2.06319,41.74681],[2.06502,41.7463],[2.06684,41.74713],[2.06992,41.74687],[2.07187,41.74726],[2.07323,41.74687],[2.07518,41.74729],[2.07735,41.747],[2.07962,41.74628],[2.07863,41.74488],[2.07948,41.74337]]],[[[2.17067,41.80128],[2.1779,41.79542],[2.1833,41.79329],[2.18609,41.78877],[2.18589,41.78629],[2.18632,41.78191],[2.18875,41.77513],[2.18821,41.77166],[2.1892,41.75734],[2.17777,41.76099],[2.16233,41.74306],[2.15496,41.73414],[2.15484,41.73341],[2.15366,41.7336],[2.15458,41.73207],[2.15471,41.72971],[2.15332,41.72784],[2.15074,41.72797],[2.14747,41.72701],[2.14402,41.72788],[2.14201,41.72936],[2.14144,41.73066],[2.14141,41.73454],[2.1383,41.73703],[2.13788,41.73808],[2.1386,41.7414],[2.13739,41.74179],[2.13667,41.74286],[2.13666,41.74361],[2.13739,41.74406],[2.14248,41.75202],[2.1421,41.75527],[2.13993,41.7574],[2.13513,41.75948],[2.12946,41.76577],[2.12939,41.77309],[2.12606,41.7745],[2.12337,41.77488],[2.12262,41.77552],[2.12359,41.77764],[2.12616,41.77851],[2.12648,41.77978],[2.12937,41.78176],[2.13097,41.78355],[2.13245,41.78399],[2.13433,41.78731],[2.13717,41.78934],[2.13758,41.79149],[2.13803,41.79185],[2.14729,41.79487],[2.15032,41.79832],[2.14976,41.79477],[2.1505,41.79384],[2.15023,41.79359],[2.15222,41.79383],[2.15564,41.79518],[2.15824,41.79437],[2.16036,41.79303],[2.16309,41.79696],[2.163,41.79805],[2.17067,41.80128]]]]}},{"type":"Feature","properties":{"cp":"08184","municipio":"Palau-solità i Plegamans"},"geometry":{"type":"MultiPolygon","coordinates":[[[[2.16155,41.59767],[2.16418,41.5997],[2.16425,41.60123],[2.18229,41.60144],[2.18309,41.60223],[2.18493,41.60218],[2.18503,41.60531],[2.18648,41.60611],[2.18798,41.60621],[2.18913,41.60344],[2.18839,41.60137],[2.18885,41.59827],[2.19075,41.59736],[2.19227,41.59431],[2.19205,41.59321],[2.19551,41.59076],[2.19531,41.5899],[2.19823,41.5854],[2.19793,41.58432],[2.19851,41.58337],[2.20067,41.58173],[2.20134,41.58054],[2.20063,41.58044],[2.20073,41.57884],[2.20263,41.57639],[2.20279,41.57563],[2.19971,41.5753],[2.1983,41.57575],[2.19581,41.57423],[2.18655,41.57238],[2.18716,41.56737],[2.18977,41.55701],[2.18647,41.55683],[2.18644,41.55727],[2.18316,41.55726],[2.17988,41.55553],[2.17955,41.55597],[2.17091,41.55501],[2.16979,41.55664],[2.16901,41.55918],[2.1684,41.55979],[2.16833,41.56239],[2.16733,41.56246],[2.16469,41.56521],[2.16271,41.56467],[2.16112,41.56528],[2.15845,41.56473],[2.15723,41.56532],[2.15069,41.57405],[2.14914,41.57709],[2.15171,41.57738],[2.15262,41.57797],[2.15132,41.58051],[2.15219,41.58138],[2.15197,41.5819],[2.15333,41.58243],[2.15177,41.58378],[2.15466,41.59237],[2.16155,41.59767]]]]}},{"type":"Feature","properties":{"cp":"08185","municipio":"Lliçà de Vall"},"geometry":{"type":"MultiPolygon","coordinates":[[[[2.23809,41.57853],[2.22998,41.57786],[2.22294,41.57624],[2.22291,41.57553],[2.21569,41.57144],[2.21472,41.57188],[2.21239,41.57013],[2.21171,41.57016],[2.20897,41.56842],[2.20416,41.56871],[2.20313,41.57141],[2.20296,41.57459],[2.20233,41.57685],[2.20737,41.57823],[2.20807,41.57754],[2.20875,41.57772],[2.21153,41.58335],[2.21083,41.58421],[2.21126,41.58452],[2.21088,41.58484],[2.21207,41.58695],[2.21313,41.59568],[2.21439,41.5967],[2.2174,41.59732],[2.2163,41.59992],[2.21514,41.60148],[2.217,41.60227],[2.21723,41.60354],[2.21992,41.60451],[2.22113,41.60383],[2.22151,41.60441],[2.22388,41.60578],[2.22449,41.60671],[2.22734,41.60591],[2.22895,41.60368],[2.23027,41.60383],[2.23462,41.60273],[2.23559,41.60129],[2.23632,41.60127],[2.23731,41.60035],[2.24032,41.60144],[2.24111,41.60128],[2.24258,41.59835],[2.2535,41.59597],[2.26198,41.59636],[2.26077,41.59354],[2.25854,41.58153],[2.24924,41.58061],[2.24756,41.58096],[2.24743,41.58052],[2.24556,41.58024],[2.24511,41.57983],[2.23809,41.57853]]],[[[2.22753,41.5773],[2.22998,41.57786],[2.23809,41.57853],[2.23551,41.57444],[2.23347,41.57393],[2.22802,41.57456],[2.22753,41.5773]]]]}},{"type":"Feature","properties":{"cp":"08186","municipio":"Lliçà d'Amunt"},"geometry":{"type":"MultiPolygon","coordinates":[[[[2.21992,41.60451],[2.21723,41.60354],[2.217,41.60227],[2.21513,41.60146],[2.2163,41.59992],[2.2174,41.59732],[2.21439,41.5967],[2.21313,41.59568],[2.21207,41.58695],[2.21088,41.58484],[2.21126,41.58452],[2.21083,41.58421],[2.21153,41.58335],[2.21135,41.58302],[2.21014,41.58338],[2.20882,41.58447],[2.20586,41.58271],[2.20587,41.58108],[2.20679,41.57998],[2.20341,41.57969],[2.20134,41.58054],[2.20067,41.58173],[2.19851,41.58337],[2.19793,41.58432],[2.19823,41.5854],[2.19531,41.5899],[2.19551,41.59076],[2.19205,41.59321],[2.19227,41.59431],[2.19075,41.59736],[2.18885,41.59827],[2.18839,41.60137],[2.18913,41.60344],[2.18556,41.61212],[2.19097,41.61187],[2.19192,41.61424],[2.19677,41.61414],[2.19765,41.61521],[2.19903,41.61526],[2.19962,41.61743],[2.19911,41.61848],[2.19983,41.62079],[2.19841,41.6281],[2.20379,41.62938],[2.2045,41.62861],[2.20647,41.62923],[2.21238,41.63325],[2.21482,41.63426],[2.2152,41.63556],[2.21719,41.63487],[2.22229,41.63467],[2.22445,41.63529],[2.22811,41.63442],[2.23123,41.63187],[2.23996,41.63088],[2.24458,41.63118],[2.24637,41.63192],[2.25318,41.63088],[2.25375,41.62588],[2.25095,41.6189],[2.25347,41.61811],[2.26212,41.61668],[2.26584,41.61489],[2.26533,41.61404],[2.26789,41.60813],[2.26647,41.60682],[2.26322,41.59915],[2.26222,41.59836],[2.26187,41.59634],[2.2535,41.59597],[2.24258,41.59835],[2.24111,41.60128],[2.24032,41.60144],[2.23731,41.60035],[2.23632,41.60127],[2.23559,41.60129],[2.23462,41.60273],[2.23027,41.60383],[2.22895,41.60368],[2.22734,41.60591],[2.22449,41.60671],[2.22388,41.60578],[2.22151,41.60441],[2.22113,41.60383],[2.21992,41.60451]]]]}},{"type":"Feature","properties":{"cp":"08187","municipio":"Santa Eulàlia de Ronçana"},"geometry":{"type":"MultiPolygon","coordinates":[[[[2.22769,41.66475],[2.22991,41.66534],[2.23122,41.66526],[2.23414,41.66434],[2.23423,41.66218],[2.24272,41.66073],[2.24397,41.65911],[2.24338,41.65342],[2.24697,41.65025],[2.24643,41.64186],[2.24701,41.64014],[2.25363,41.63853],[2.25291,41.6365],[2.25391,41.63233],[2.25318,41.63088],[2.24637,41.63192],[2.24458,41.63118],[2.23996,41.63088],[2.23123,41.63187],[2.22811,41.63442],[2.22445,41.63529],[2.22229,41.63467],[2.21719,41.63487],[2.2152,41.63556],[2.21482,41.63426],[2.21238,41.63325],[2.20647,41.62923],[2.2045,41.62861],[2.20379,41.62938],[2.20334,41.63446],[2.19982,41.63848],[2.19825,41.63866],[2.19735,41.64055],[2.19429,41.64444],[2.1878,41.64843],[2.18698,41.65018],[2.19113,41.65051],[2.19488,41.65013],[2.19492,41.65094],[2.19415,41.65232],[2.19433,41.65326],[2.19397,41.65441],[2.19419,41.65504],[2.19652,41.65646],[2.19638,41.6591],[2.19762,41.66134],[2.19874,41.66181],[2.19765,41.66228],[2.1976,41.66263],[2.20084,41.66348],[2.2022,41.66459],[2.20302,41.66652],[2.20558,41.66654],[2.20464,41.66568],[2.20489,41.66527],[2.20408,41.6639],[2.20823,41.65957],[2.21822,41.65943],[2.22077,41.6599],[2.22266,41.66044],[2.2243,41.66211],[2.22735,41.6624],[2.22769,41.66475]]]]}},{"type":"Feature","properties":{"cp":"08188","municipio":"Vallromanes"},"geometry":{"type":"MultiPolygon","coordinates":[[[[2.28072,41.53442],[2.28098,41.5354],[2.28037,41.53698],[2.28139,41.53729],[2.28125,41.53787],[2.28267,41.54305],[2.28413,41.54471],[2.28927,41.54189],[2.29102,41.5416],[2.29263,41.54078],[2.29412,41.53871],[2.29645,41.53779],[2.29742,41.53814],[2.29849,41.53936],[2.30506,41.5411],[2.30732,41.54096],[2.30821,41.54076],[2.30859,41.53924],[2.31074,41.53778],[2.31099,41.53699],[2.31428,41.53574],[2.31665,41.53274],[2.31718,41.53248],[2.319,41.53281],[2.31899,41.53122],[2.32077,41.52937],[2.32317,41.5302],[2.32466,41.53009],[2.32523,41.52924],[2.32689,41.52845],[2.32867,41.52847],[2.32845,41.5268],[2.32907,41.5261],[2.32934,41.52437],[2.33105,41.52384],[2.32604,41.52004],[2.32483,41.51828],[2.32276,41.51665],[2.31574,41.51747],[2.31259,41.51639],[2.31063,41.51652],[2.30954,41.51611],[2.30717,41.51312],[2.30211,41.51531],[2.29663,41.51449],[2.29049,41.51434],[2.28476,41.51526],[2.28188,41.51392],[2.28185,41.51502],[2.27939,41.51782],[2.27769,41.51805],[2.27629,41.5189],[2.27329,41.51933],[2.27026,41.52076],[2.26947,41.52168],[2.27252,41.52344],[2.27217,41.52758],[2.2728,41.52905],[2.27554,41.52983],[2.27705,41.53142],[2.27766,41.53131],[2.27984,41.53237],[2.28072,41.53442]]]]}},{"type":"Feature","properties":{"cp":"08189","municipio":"Sant Quirze Safaja"},"geometry":{"type":"MultiPolygon","coordinates":[[[[2.14144,41.73066],[2.14201,41.72936],[2.14402,41.72788],[2.14747,41.72701],[2.15074,41.72797],[2.15332,41.72784],[2.15471,41.72971],[2.15458,41.73207],[2.15366,41.7336],[2.15484,41.73341],[2.15496,41.73414],[2.16233,41.74306],[2.17777,41.76099],[2.1892,41.75734],[2.18892,41.7556],[2.18979,41.75188],[2.18737,41.74936],[2.18477,41.74251],[2.18949,41.73245],[2.1933,41.73049],[2.19468,41.72995],[2.19747,41.73028],[2.19776,41.72984],[2.20085,41.72861],[2.20328,41.729],[2.2069,41.72878],[2.21328,41.72642],[2.21388,41.72714],[2.21583,41.72802],[2.21974,41.72862],[2.22187,41.72852],[2.22313,41.72957],[2.2298,41.72928],[2.23633,41.73212],[2.24066,41.7296],[2.2414,41.72889],[2.24124,41.72744],[2.24282,41.72725],[2.24375,41.72661],[2.24373,41.72586],[2.24275,41.72435],[2.2401,41.72372],[2.2399,41.72297],[2.23881,41.72224],[2.23898,41.72158],[2.24007,41.72128],[2.24018,41.71937],[2.23927,41.71571],[2.24027,41.71334],[2.24034,41.71108],[2.24099,41.71045],[2.24153,41.7084],[2.24209,41.70769],[2.24042,41.70533],[2.23813,41.70879],[2.2331,41.70904],[2.22664,41.70767],[2.22291,41.70558],[2.22127,41.70523],[2.21938,41.70538],[2.21556,41.70437],[2.21369,41.70427],[2.21322,41.7045],[2.21329,41.70498],[2.21497,41.70656],[2.21409,41.70711],[2.21414,41.70792],[2.2127,41.70809],[2.21234,41.70846],[2.21137,41.71131],[2.21087,41.71132],[2.20842,41.70934],[2.2069,41.71082],[2.20645,41.71079],[2.20578,41.70989],[2.20427,41.70901],[2.20322,41.70907],[2.19935,41.7073],[2.19591,41.70673],[2.19501,41.71028],[2.1934,41.71053],[2.1921,41.71305],[2.19165,41.71556],[2.19058,41.71591],[2.18872,41.71483],[2.18665,41.71537],[2.18629,41.71576],[2.18671,41.7174],[2.18635,41.71823],[2.18237,41.71592],[2.17897,41.71659],[2.17584,41.71305],[2.17203,41.71333],[2.17026,41.71178],[2.16674,41.71269],[2.16368,41.71538],[2.15699,41.71626],[2.15405,41.71612],[2.14223,41.71314],[2.13836,41.71458],[2.13642,41.71431],[2.13574,41.7152],[2.13296,41.71548],[2.12605,41.72104],[2.12703,41.72443],[2.12881,41.72902],[2.13143,41.73144],[2.14144,41.73066]]]]}},{"type":"Feature","properties":{"cp":"08191","municipio":"Rubí"},"geometry":{"type":"MultiPolygon","coordinates":[[[[2.02241,41.52786],[2.02566,41.52756],[2.02785,41.52436],[2.02794,41.52306],[2.03056,41.51948],[2.03305,41.51722],[2.03439,41.51681],[2.03273,41.51402],[2.03313,41.51269],[2.0345,41.51347],[2.03446,41.51226],[2.03827,41.5131],[2.03932,41.5125],[2.04082,41.5127],[2.04153,41.51227],[2.04282,41.51232],[2.04336,41.51016],[2.04395,41.50986],[2.04364,41.50929],[2.0448,41.50975],[2.04519,41.50941],[2.04668,41.5098],[2.04944,41.50961],[2.0505,41.51175],[2.0512,41.51225],[2.05455,41.50976],[2.05444,41.50835],[2.05518,41.50722],[2.05587,41.50277],[2.05392,41.50288],[2.05235,41.50038],[2.05233,41.49829],[2.05037,41.49556],[2.04931,41.49164],[2.04949,41.48888],[2.04777,41.48606],[2.04539,41.4859],[2.04357,41.48514],[2.04143,41.48071],[2.0399,41.48082],[2.03813,41.47761],[2.03914,41.4768],[2.03565,41.47339],[2.03568,41.47264],[2.03423,41.47141],[2.03364,41.47026],[2.03161,41.46861],[2.02772,41.46666],[2.02032,41.46897],[2.01773,41.46875],[2.01664,41.46827],[2.01445,41.46556],[2.01472,41.46394],[2.01411,41.4632],[2.00964,41.46172],[2.00277,41.46167],[2.00337,41.46291],[2.00545,41.46302],[2.00578,41.46864],[2.00459,41.46938],[2.0035,41.47189],[2.00288,41.4722],[2.00275,41.4732],[1.99802,41.47285],[1.99667,41.47527],[1.99694,41.47807],[1.99608,41.48093],[1.99648,41.48197],[1.99599,41.48428],[1.99492,41.48578],[1.99097,41.48667],[1.98946,41.49147],[1.98833,41.49287],[1.98837,41.49387],[1.98797,41.49428],[1.98853,41.49542],[1.98804,41.49579],[1.9877,41.49926],[1.98709,41.49943],[1.98735,41.5005],[1.98592,41.50839],[1.98591,41.51256],[1.98508,41.51465],[1.9812,41.51563],[1.97848,41.52318],[1.98026,41.52381],[1.98178,41.52513],[1.98618,41.52358],[1.98528,41.52682],[1.98452,41.52792],[1.98518,41.53048],[1.98489,41.53161],[1.98548,41.5322],[1.98472,41.53313],[1.98574,41.53525],[1.98902,41.53798],[1.9911,41.54073],[1.99683,41.54215],[1.99845,41.54114],[1.99974,41.53952],[1.99957,41.53834],[2.00148,41.53572],[2.00354,41.53448],[2.0049,41.53298],[2.00627,41.53258],[2.011,41.53279],[2.0174,41.53154],[2.01921,41.53051],[2.01983,41.52863],[2.02241,41.52786]]]]}},{"type":"Feature","properties":{"cp":"08192","municipio":"Sant Quirze del Vallès"},"geometry":{"type":"MultiPolygon","coordinates":[[[[2.07535,41.5424],[2.0764,41.54225],[2.07818,41.5432],[2.07892,41.54161],[2.08068,41.54094],[2.0822,41.54128],[2.08357,41.53839],[2.09075,41.54263],[2.09121,41.54252],[2.09178,41.54055],[2.09344,41.5389],[2.09513,41.53867],[2.09661,41.53587],[2.09733,41.53571],[2.09758,41.53439],[2.10093,41.53262],[2.10169,41.53266],[2.10085,41.5312],[2.09776,41.53089],[2.09892,41.52762],[2.0979,41.52504],[2.09795,41.52238],[2.09709,41.51991],[2.09621,41.5198],[2.09394,41.51686],[2.09402,41.5141],[2.0934,41.51367],[2.09356,41.51283],[2.08715,41.5107],[2.081,41.50939],[2.08054,41.50912],[2.07998,41.50775],[2.07575,41.50674],[2.07239,41.50692],[2.06767,41.50966],[2.06448,41.51297],[2.06455,41.51927],[2.06413,41.51985],[2.05805,41.51854],[2.05673,41.51616],[2.05286,41.51383],[2.0505,41.51175],[2.04944,41.50961],[2.04668,41.5098],[2.04519,41.50941],[2.0448,41.50975],[2.04364,41.50929],[2.04395,41.50986],[2.04336,41.51016],[2.04282,41.51232],[2.04153,41.51227],[2.04082,41.5127],[2.03932,41.5125],[2.03827,41.5131],[2.03446,41.51226],[2.0345,41.51347],[2.03313,41.51269],[2.03273,41.51402],[2.03372,41.5161],[2.03543,41.5177],[2.03594,41.51886],[2.03778,41.51871],[2.04164,41.51991],[2.04323,41.52257],[2.04435,41.5255],[2.04656,41.52602],[2.05097,41.52518],[2.05323,41.5255],[2.0549,41.52517],[2.05707,41.5241],[2.05427,41.53043],[2.05007,41.53208],[2.0494,41.53338],[2.05144,41.53446],[2.05093,41.53636],[2.05174,41.53786],[2.05246,41.53822],[2.05338,41.54056],[2.0578,41.54096],[2.05957,41.54057],[2.05936,41.5399],[2.06042,41.53893],[2.06222,41.53897],[2.06258,41.53984],[2.06372,41.54048],[2.06405,41.54148],[2.06492,41.5416],[2.06516,41.54252],[2.06567,41.54204],[2.06602,41.54251],[2.0677,41.54312],[2.06951,41.54327],[2.06992,41.54274],[2.07535,41.5424]]]]}},{"type":"Feature","properties":{"cp":"08193","municipio":"Cerdanyola del Vallès"},"geometry":{"type":"MultiPolygon","coordinates":[[[[2.10723,41.50756],[2.10914,41.50631],[2.10922,41.50562],[2.1104,41.50482],[2.11536,41.50408],[2.12027,41.50267],[2.09507,41.48003],[2.09139,41.48196],[2.08946,41.48421],[2.08244,41.48882],[2.07865,41.4954],[2.07445,41.49748],[2.07436,41.499],[2.07501,41.50005],[2.07517,41.502],[2.0751,41.5068],[2.07998,41.50775],[2.08054,41.50912],[2.081,41.50939],[2.08841,41.5111],[2.08901,41.50983],[2.09022,41.50954],[2.0996,41.51015],[2.10476,41.50671],[2.10723,41.50756]]]]}},{"type":"Feature","properties":{"cp":"08194","municipio":"Sant Quirze del Vallès"},"geometry":{"type":"MultiPolygon","coordinates":[[[[2.04435,41.5255],[2.04323,41.52257],[2.04164,41.51991],[2.03778,41.51871],[2.03594,41.51886],[2.03687,41.52097],[2.03154,41.52228],[2.03248,41.52874],[2.03411,41.52893],[2.03633,41.52656],[2.03675,41.52544],[2.03856,41.52745],[2.04038,41.52796],[2.04226,41.52664],[2.04299,41.52517],[2.04435,41.5255]]]]}},{"type":"Feature","properties":{"cp":"08195","municipio":"Sant Cugat del Vallès"},"geometry":{"type":"MultiPolygon","coordinates":[[[[2.04688,41.47731],[2.05081,41.47666],[2.05224,41.47598],[2.05367,41.47327],[2.05442,41.47266],[2.05521,41.47304],[2.06022,41.47211],[2.06234,41.47347],[2.06485,41.47407],[2.06544,41.47242],[2.06858,41.47244],[2.06977,41.47025],[2.0701,41.46693],[2.07135,41.46668],[2.07047,41.46663],[2.07045,41.46487],[2.06909,41.46424],[2.06979,41.46373],[2.06858,41.46415],[2.06793,41.4632],[2.0664,41.4621],[2.06613,41.46076],[2.0637,41.46043],[2.0623,41.46147],[2.06184,41.46112],[2.06212,41.46079],[2.06184,41.46039],[2.0612,41.4607],[2.06106,41.46099],[2.06187,41.46181],[2.06066,41.46253],[2.05931,41.4626],[2.05941,41.4617],[2.0591,41.46166],[2.05899,41.46261],[2.05753,41.46296],[2.05708,41.46367],[2.05529,41.46332],[2.05453,41.46466],[2.05044,41.46463],[2.05056,41.46375],[2.05024,41.46373],[2.05013,41.46428],[2.04542,41.46517],[2.0434,41.4659],[2.04357,41.46633],[2.0432,41.46644],[2.0424,41.4664],[2.04036,41.4651],[2.04032,41.46588],[2.03972,41.46585],[2.03582,41.46479],[2.03533,41.46575],[2.03408,41.46664],[2.03582,41.47086],[2.03748,41.47342],[2.03943,41.47402],[2.04245,41.47395],[2.04305,41.47636],[2.04493,41.47741],[2.04688,41.47731]]]]}},{"type":"Feature","properties":{"cp":"08196","municipio":"Sant Cugat del Vallès"},"geometry":{"type":"MultiPolygon","coordinates":[[[[2.11463,41.42795],[2.11195,41.42862],[2.11075,41.4283],[2.10505,41.42881],[2.10286,41.42808],[2.1017,41.42865],[2.10078,41.42974],[2.09873,41.43012],[2.09843,41.43176],[2.09547,41.433],[2.09432,41.43272],[2.09191,41.4296],[2.09018,41.42861],[2.08892,41.42918],[2.08795,41.42818],[2.08421,41.42968],[2.08369,41.43302],[2.08712,41.43799],[2.09055,41.43882],[2.10876,41.43468],[2.11207,41.43042],[2.11467,41.42995],[2.11463,41.42795]]]]}},{"type":"Feature","properties":{"cp":"08197","municipio":"Sant Cugat del Vallès"},"geometry":{"type":"MultiPolygon","coordinates":[[[[2.06605,41.46075],[2.0659,41.46019],[2.06632,41.46004],[2.06652,41.46114],[2.06755,41.46076],[2.06745,41.45985],[2.06774,41.45985],[2.06784,41.46067],[2.06936,41.46057],[2.07526,41.46478],[2.07591,41.46387],[2.07122,41.46028],[2.07218,41.46022],[2.07505,41.46119],[2.0739,41.45949],[2.07362,41.45837],[2.07416,41.45748],[2.07402,41.45616],[2.07355,41.45511],[2.07132,41.4533],[2.07077,41.45357],[2.07087,41.45406],[2.07051,41.45404],[2.07056,41.45346],[2.07108,41.4531],[2.0703,41.45282],[2.07121,41.4507],[2.06781,41.44792],[2.05885,41.44884],[2.05445,41.44716],[2.05371,41.44526],[2.05307,41.44494],[2.04873,41.44444],[2.04655,41.44491],[2.0405,41.44421],[2.03727,41.44224],[2.03275,41.44171],[2.031,41.44309],[2.03087,41.44588],[2.02707,41.44682],[2.02334,41.45087],[2.02431,41.45307],[2.02307,41.45464],[2.02334,41.45586],[2.02268,41.45598],[2.0236,41.45715],[2.02277,41.45771],[2.02114,41.45775],[2.01978,41.45857],[2.01847,41.45816],[2.01554,41.45882],[2.01424,41.45808],[2.0118,41.45801],[2.01032,41.45652],[1.99966,41.46004],[2.00214,41.46167],[2.00964,41.46172],[2.01277,41.46276],[2.0251,41.46209],[2.03032,41.46263],[2.03408,41.46664],[2.03533,41.46575],[2.03582,41.46479],[2.03972,41.46585],[2.04032,41.46588],[2.04036,41.4651],[2.0424,41.4664],[2.0432,41.46644],[2.04357,41.46633],[2.0434,41.4659],[2.04542,41.46517],[2.05013,41.46428],[2.05024,41.46373],[2.05056,41.46375],[2.05044,41.46463],[2.05453,41.46466],[2.05529,41.46332],[2.05708,41.46367],[2.05753,41.46296],[2.05899,41.46261],[2.0591,41.46166],[2.05941,41.4617],[2.05931,41.4626],[2.06095,41.4624],[2.06187,41.46181],[2.06106,41.46099],[2.06184,41.46039],[2.06212,41.46079],[2.06184,41.46112],[2.0623,41.46147],[2.0637,41.46043],[2.06605,41.46075]]]]}},{"type":"Feature","properties":{"cp":"08198","municipio":"Sant Cugat del Vallès"},"geometry":{"type":"MultiPolygon","coordinates":[[[[2.11741,41.45883],[2.11797,41.45648],[2.11981,41.45575],[2.11921,41.45349],[2.11976,41.45029],[2.1218,41.44825],[2.12985,41.44311],[2.12919,41.44174],[2.12955,41.44088],[2.12906,41.44024],[2.12914,41.43862],[2.12848,41.43676],[2.12892,41.43581],[2.12792,41.43356],[2.12627,41.4316],[2.12275,41.42869],[2.12087,41.42585],[2.11948,41.42563],[2.11539,41.42693],[2.11463,41.42795],[2.11467,41.42995],[2.11207,41.43042],[2.10876,41.43468],[2.09055,41.43882],[2.08712,41.43799],[2.08369,41.43302],[2.08421,41.42968],[2.08339,41.43012],[2.0836,41.43088],[2.08229,41.43077],[2.08232,41.43167],[2.08198,41.43199],[2.08116,41.43175],[2.08085,41.4307],[2.08049,41.43064],[2.07982,41.43092],[2.07961,41.43189],[2.07753,41.43213],[2.07643,41.43283],[2.07481,41.43307],[2.07457,41.43345],[2.07487,41.43439],[2.07446,41.43539],[2.07225,41.43533],[2.07287,41.43717],[2.07137,41.43631],[2.07063,41.43501],[2.07098,41.43317],[2.07277,41.43068],[2.07624,41.42868],[2.07282,41.42742],[2.07228,41.4251],[2.07422,41.42482],[2.07674,41.42506],[2.08023,41.42443],[2.07978,41.42423],[2.07949,41.423],[2.07511,41.42218],[2.07688,41.42103],[2.0766,41.41994],[2.07726,41.41873],[2.07877,41.41893],[2.07827,41.41802],[2.07978,41.41573],[2.07929,41.41508],[2.07841,41.41506],[2.07548,41.41626],[2.07484,41.41603],[2.07367,41.41698],[2.07366,41.41744],[2.07083,41.41855],[2.07014,41.41942],[2.06959,41.42507],[2.06682,41.4263],[2.06651,41.42716],[2.06743,41.42956],[2.06437,41.42999],[2.06326,41.43232],[2.06352,41.43307],[2.06305,41.43303],[2.06311,41.4335],[2.06126,41.43372],[2.0596,41.43463],[2.05928,41.43574],[2.05971,41.43788],[2.06179,41.43754],[2.06348,41.44158],[2.06414,41.44222],[2.0632,41.44374],[2.06116,41.445],[2.05566,41.44484],[2.0548,41.44547],[2.05371,41.44526],[2.05445,41.44716],[2.05885,41.44884],[2.06781,41.44792],[2.07121,41.4507],[2.0703,41.45282],[2.07108,41.4531],[2.07056,41.45346],[2.07051,41.45404],[2.07087,41.45406],[2.07077,41.45357],[2.07132,41.4533],[2.07355,41.45511],[2.07403,41.45629],[2.07475,41.4566],[2.0752,41.45576],[2.07656,41.45533],[2.07713,41.45418],[2.07864,41.45349],[2.08055,41.45303],[2.0818,41.45469],[2.08276,41.45429],[2.08278,41.45256],[2.0839,41.45119],[2.08535,41.45233],[2.09835,41.45798],[2.10699,41.45892],[2.11302,41.45738],[2.11589,41.46004],[2.11668,41.45986],[2.1169,41.45898],[2.11741,41.45883]]]]}},{"type":"Feature","properties":{"cp":"08199","municipio":"Monistrol de Montserrat"},"geometry":{"type":"MultiPolygon","coordinates":[[[[1.84538,41.59146],[1.8446,41.59116],[1.83692,41.59245],[1.8332,41.59191],[1.8317,41.5907],[1.82889,41.59241],[1.827,41.59243],[1.82522,41.59323],[1.82387,41.59593],[1.82263,41.59661],[1.82199,41.59796],[1.82054,41.59914],[1.81931,41.59929],[1.81727,41.60064],[1.81724,41.60153],[1.81627,41.60149],[1.8154,41.60208],[1.81482,41.60162],[1.81344,41.6021],[1.81346,41.60308],[1.8128,41.60336],[1.81256,41.60434],[1.81158,41.60532],[1.81575,41.60472],[1.81751,41.6032],[1.82293,41.60068],[1.82438,41.60346],[1.82577,41.60385],[1.82746,41.60697],[1.84389,41.60093],[1.84538,41.59146]]],[[[1.83093,41.62399],[1.82671,41.62167],[1.82297,41.61824],[1.82286,41.61462],[1.82479,41.61553],[1.82357,41.61207],[1.82297,41.61155],[1.82312,41.61013],[1.83006,41.61213],[1.82577,41.60385],[1.82438,41.60346],[1.82293,41.60068],[1.81751,41.6032],[1.81575,41.60472],[1.8114,41.60537],[1.80869,41.60455],[1.80567,41.60475],[1.80497,41.60503],[1.80411,41.6065],[1.80174,41.60683],[1.79734,41.6088],[1.80418,41.61594],[1.80417,41.61716],[1.80516,41.61857],[1.80547,41.62099],[1.80589,41.62147],[1.80696,41.62163],[1.80729,41.62232],[1.80669,41.62543],[1.80763,41.6273],[1.80781,41.62872],[1.80875,41.62906],[1.80847,41.6297],[1.80946,41.63001],[1.81616,41.62672],[1.81985,41.62715],[1.82413,41.62533],[1.82725,41.62552],[1.82854,41.62526],[1.83093,41.62399]]]]}},{"type":"Feature","properties":{"cp":"08201","municipio":"Sabadell"},"geometry":{"type":"MultiPolygon","coordinates":[[[[2.10825,41.54611],[2.10919,41.5462],[2.11253,41.53938],[2.10818,41.53816],[2.10819,41.53789],[2.10307,41.54341],[2.09991,41.54442],[2.09844,41.54959],[2.09877,41.55022],[2.10628,41.5521],[2.10868,41.54795],[2.10892,41.54653],[2.10816,41.54641],[2.10825,41.54611]]]]}},{"type":"Feature","properties":{"cp":"08202","municipio":"Sabadell"},"geometry":{"type":"MultiPolygon","coordinates":[[[[2.13092,41.56339],[2.13127,41.56253],[2.13391,41.56346],[2.13571,41.56325],[2.13857,41.56124],[2.13879,41.55917],[2.14008,41.55979],[2.14095,41.55882],[2.14115,41.55612],[2.1399,41.55566],[2.14053,41.55439],[2.14187,41.55421],[2.14349,41.55164],[2.14493,41.55153],[2.14779,41.54615],[2.14823,41.54332],[2.15016,41.54099],[2.14965,41.54047],[2.14838,41.54138],[2.1474,41.54151],[2.14722,41.5411],[2.14592,41.54099],[2.14622,41.54014],[2.14491,41.53992],[2.14499,41.53915],[2.14563,41.53905],[2.14542,41.53827],[2.14422,41.53846],[2.14029,41.53741],[2.13959,41.53471],[2.13785,41.53306],[2.13851,41.53165],[2.13399,41.53153],[2.13355,41.53325],[2.13203,41.53442],[2.13144,41.53354],[2.12945,41.53318],[2.12575,41.53349],[2.12611,41.53704],[2.12936,41.53782],[2.12935,41.54149],[2.12599,41.54236],[2.1247,41.5451],[2.12404,41.54556],[2.12406,41.54329],[2.12275,41.5422],[2.12188,41.544],[2.11983,41.54591],[2.1184,41.54644],[2.11847,41.54618],[2.11725,41.5465],[2.116,41.54629],[2.11718,41.5436],[2.11659,41.5415],[2.11542,41.5404],[2.11253,41.53938],[2.10919,41.5462],[2.10825,41.54611],[2.10816,41.54641],[2.10892,41.54653],[2.10868,41.54795],[2.10628,41.5521],[2.11366,41.55408],[2.11219,41.55388],[2.11172,41.55488],[2.11457,41.55606],[2.11451,41.55664],[2.11493,41.55704],[2.11643,41.55691],[2.11722,41.55771],[2.11792,41.56117],[2.12025,41.56198],[2.1219,41.56742],[2.12181,41.57063],[2.12475,41.56916],[2.12805,41.56868],[2.12862,41.56629],[2.13092,41.56339]]]]}},{"type":"Feature","properties":{"cp":"08203","municipio":"Sabadell"},"geometry":{"type":"MultiPolygon","coordinates":[[[[2.12575,41.53349],[2.124,41.53367],[2.12308,41.5332],[2.12351,41.53313],[2.12281,41.5325],[2.12369,41.53143],[2.12445,41.53113],[2.12406,41.53088],[2.12344,41.53114],[2.12236,41.53282],[2.12143,41.53309],[2.11661,41.53173],[2.11617,41.53194],[2.11631,41.53131],[2.11595,41.53155],[2.10507,41.52851],[2.10387,41.53243],[2.10427,41.53442],[2.1062,41.53728],[2.10809,41.53818],[2.10819,41.53789],[2.10818,41.53816],[2.11456,41.53999],[2.11659,41.5415],[2.11718,41.5436],[2.116,41.54629],[2.11715,41.5465],[2.11983,41.54591],[2.12188,41.544],[2.12275,41.5422],[2.12406,41.54329],[2.12404,41.54556],[2.1247,41.5451],[2.12599,41.54236],[2.12935,41.54149],[2.12936,41.53782],[2.12611,41.53704],[2.12575,41.53349]]]]}},{"type":"Feature","properties":{"cp":"08204","municipio":"Sabadell"},"geometry":{"type":"MultiPolygon","coordinates":[[[[2.11464,41.5312],[2.11595,41.53155],[2.11631,41.53131],[2.11617,41.53194],[2.11661,41.53173],[2.12143,41.53309],[2.12236,41.53282],[2.12344,41.53114],[2.12406,41.53088],[2.12422,41.5286],[2.12648,41.52832],[2.12636,41.52791],[2.12174,41.52543],[2.11654,41.52308],[2.10916,41.52129],[2.10608,41.52603],[2.10507,41.52851],[2.11464,41.5312]]]]}},{"type":"Feature","properties":{"cp":"08205","municipio":"Sabadell"},"geometry":{"type":"MultiPolygon","coordinates":[[[[2.09768,41.52365],[2.09892,41.52762],[2.09776,41.53089],[2.10085,41.5312],[2.10169,41.53266],[2.10093,41.53262],[2.09758,41.53439],[2.09733,41.53571],[2.09661,41.53587],[2.09513,41.53867],[2.09344,41.5389],[2.09178,41.54055],[2.09121,41.54252],[2.09075,41.54263],[2.08357,41.53839],[2.0822,41.54128],[2.08068,41.54196],[2.07702,41.54548],[2.07513,41.54845],[2.07494,41.55114],[2.07609,41.55122],[2.07815,41.55028],[2.09084,41.54686],[2.09,41.54587],[2.09096,41.54683],[2.10263,41.54369],[2.10814,41.5382],[2.1062,41.53728],[2.10551,41.53647],[2.10427,41.53442],[2.10387,41.53243],[2.10608,41.52603],[2.10916,41.52129],[2.11252,41.51756],[2.11205,41.51614],[2.1129,41.51399],[2.11007,41.51124],[2.10876,41.50808],[2.10476,41.50671],[2.0996,41.51015],[2.09204,41.50947],[2.08901,41.50983],[2.08841,41.5111],[2.09356,41.51283],[2.0934,41.51367],[2.09402,41.5141],[2.09394,41.51686],[2.09621,41.5198],[2.09709,41.51991],[2.09795,41.52238],[2.09768,41.52365]]]]}},{"type":"Feature","properties":{"cp":"08206","municipio":"Sabadell"},"geometry":{"type":"MultiPolygon","coordinates":[[[[2.09665,41.56188],[2.09699,41.55897],[2.0975,41.55879],[2.09762,41.55827],[2.09667,41.55828],[2.09682,41.55728],[2.09734,41.55709],[2.09843,41.54964],[2.09991,41.54442],[2.09096,41.54683],[2.09,41.54587],[2.09073,41.54689],[2.07815,41.55028],[2.07609,41.55122],[2.07496,41.55113],[2.06487,41.55361],[2.06588,41.5536],[2.06495,41.55434],[2.065,41.55532],[2.06694,41.55619],[2.0638,41.55788],[2.06525,41.55906],[2.06484,41.55941],[2.06642,41.56044],[2.06735,41.55994],[2.06882,41.56071],[2.06747,41.56258],[2.06302,41.5636],[2.06428,41.56563],[2.07862,41.56401],[2.08217,41.56322],[2.09665,41.56188]]]]}},{"type":"Feature","properties":{"cp":"08207","municipio":"Sabadell"},"geometry":{"type":"MultiPolygon","coordinates":[[[[2.05218,41.58857],[2.05928,41.58734],[2.06521,41.58784],[2.06469,41.58719],[2.06619,41.58621],[2.06922,41.58528],[2.07132,41.58581],[2.07269,41.5851],[2.07366,41.58531],[2.07754,41.58481],[2.07924,41.58381],[2.07991,41.58279],[2.08313,41.58299],[2.08543,41.58043],[2.08659,41.58099],[2.08761,41.58338],[2.08942,41.58296],[2.08965,41.58338],[2.09024,41.58335],[2.09004,41.58162],[2.09049,41.58048],[2.09385,41.57685],[2.09441,41.57212],[2.09924,41.5682],[2.09936,41.5671],[2.10024,41.56696],[2.10082,41.56627],[2.10082,41.56462],[2.10139,41.56462],[2.10081,41.56444],[2.10099,41.56164],[2.10251,41.56078],[2.09665,41.56188],[2.08217,41.56322],[2.07862,41.56401],[2.06454,41.56546],[2.06446,41.56678],[2.06581,41.56814],[2.06112,41.57047],[2.06327,41.57329],[2.06456,41.57296],[2.06581,41.5755],[2.06049,41.57763],[2.06263,41.57915],[2.05426,41.58157],[2.05222,41.58123],[2.04921,41.58472],[2.04823,41.58463],[2.0475,41.58561],[2.04824,41.58612],[2.04689,41.58713],[2.05065,41.58955],[2.05218,41.58857]]]]}},{"type":"Feature","properties":{"cp":"08208","municipio":"Sabadell"},"geometry":{"type":"MultiPolygon","coordinates":[[[[2.10585,41.59055],[2.11078,41.5894],[2.11745,41.59019],[2.11849,41.58774],[2.11733,41.58525],[2.11754,41.57866],[2.11809,41.57793],[2.12194,41.57795],[2.12596,41.57637],[2.12805,41.56868],[2.12475,41.56916],[2.12181,41.57063],[2.1219,41.56742],[2.12025,41.56198],[2.11792,41.56117],[2.11722,41.55771],[2.11643,41.55691],[2.11493,41.55704],[2.11451,41.55664],[2.11457,41.55606],[2.11172,41.55488],[2.11219,41.55388],[2.11366,41.55408],[2.09877,41.55022],[2.09844,41.54959],[2.09734,41.55709],[2.09682,41.55728],[2.09667,41.55828],[2.09762,41.55827],[2.0975,41.55879],[2.09699,41.55897],[2.09665,41.56188],[2.10251,41.56078],[2.10099,41.56164],[2.10081,41.56444],[2.10139,41.56462],[2.10082,41.56462],[2.10082,41.56627],[2.10024,41.56696],[2.09936,41.5671],[2.09924,41.5682],[2.09441,41.57212],[2.09385,41.57685],[2.09049,41.58048],[2.09004,41.58162],[2.09024,41.58335],[2.09123,41.58308],[2.09334,41.58338],[2.09449,41.58396],[2.09664,41.58403],[2.09654,41.58482],[2.09798,41.58471],[2.09886,41.58527],[2.10087,41.58535],[2.1011,41.58396],[2.10523,41.58518],[2.1049,41.58649],[2.10677,41.58658],[2.10555,41.5878],[2.10638,41.58787],[2.10585,41.59055]]]]}},{"type":"Feature","properties":{"cp":"08210","municipio":"Barberà del Vallès"},"geometry":{"type":"MultiPolygon","coordinates":[[[[2.13851,41.53165],[2.13954,41.53097],[2.14057,41.52934],[2.14234,41.52865],[2.14408,41.52893],[2.14592,41.52793],[2.14974,41.52488],[2.14978,41.52287],[2.15274,41.5204],[2.15307,41.51934],[2.15408,41.51991],[2.15747,41.52],[2.16013,41.51881],[2.16105,41.51601],[2.1623,41.51615],[2.16207,41.51331],[2.16127,41.5117],[2.16133,41.51078],[2.16068,41.51023],[2.16083,41.50886],[2.16033,41.50825],[2.15868,41.50741],[2.15817,41.50839],[2.15471,41.51135],[2.14959,41.50867],[2.14927,41.5087],[2.14884,41.51003],[2.14721,41.50989],[2.1456,41.51047],[2.14317,41.50963],[2.14226,41.5086],[2.13838,41.50752],[2.13605,41.50832],[2.13458,41.50817],[2.13574,41.50672],[2.1254,41.50655],[2.12495,41.50704],[2.12356,41.50664],[2.12267,41.50553],[2.11331,41.51238],[2.11332,41.51393],[2.11492,41.51428],[2.11566,41.51511],[2.11247,41.5176],[2.10916,41.52129],[2.11654,41.52308],[2.12636,41.52791],[2.12648,41.52832],[2.12422,41.5286],[2.12386,41.53076],[2.12445,41.53113],[2.12369,41.53143],[2.12281,41.5325],[2.12351,41.53313],[2.12308,41.5332],[2.124,41.53367],[2.12945,41.53318],[2.13144,41.53354],[2.13203,41.53442],[2.13355,41.53325],[2.13399,41.53153],[2.13851,41.53165]]]]}},{"type":"Feature","properties":{"cp":"08211","municipio":"Castellar del Vallès"},"geometry":{"type":"MultiPolygon","coordinates":[[[[2.09087,41.65958],[2.09143,41.65758],[2.09131,41.65487],[2.09218,41.65417],[2.09303,41.65406],[2.09368,41.65327],[2.09559,41.65282],[2.09679,41.6519],[2.09864,41.64866],[2.0977,41.64757],[2.09961,41.64544],[2.10007,41.64351],[2.09807,41.63498],[2.10034,41.62998],[2.10153,41.62914],[2.1041,41.62325],[2.10612,41.62096],[2.11369,41.61738],[2.11454,41.61745],[2.11682,41.61535],[2.1187,41.61467],[2.11711,41.61494],[2.11333,41.61307],[2.11214,41.61098],[2.11474,41.60856],[2.11599,41.60596],[2.11802,41.60459],[2.11815,41.60179],[2.11735,41.5992],[2.11792,41.59709],[2.11745,41.59019],[2.11078,41.5894],[2.10585,41.59055],[2.10638,41.58787],[2.10555,41.5878],[2.10677,41.58658],[2.1049,41.58649],[2.10523,41.58518],[2.1011,41.58396],[2.10087,41.58535],[2.09886,41.58527],[2.09798,41.58471],[2.09654,41.58482],[2.09664,41.58403],[2.09449,41.58396],[2.09334,41.58338],[2.09123,41.58308],[2.08965,41.58338],[2.08942,41.58296],[2.08761,41.58338],[2.08659,41.58099],[2.08543,41.58043],[2.08313,41.58299],[2.07991,41.58279],[2.07924,41.58381],[2.07754,41.58481],[2.07366,41.58531],[2.07269,41.5851],[2.07132,41.58581],[2.06922,41.58528],[2.06619,41.58621],[2.06469,41.58719],[2.06521,41.58784],[2.06207,41.58772],[2.06227,41.59031],[2.0612,41.5905],[2.0603,41.59127],[2.06139,41.59214],[2.0603,41.59314],[2.06067,41.59342],[2.05928,41.59395],[2.05923,41.59522],[2.05881,41.59496],[2.05679,41.59689],[2.05492,41.5972],[2.0544,41.59787],[2.05142,41.59903],[2.04894,41.60109],[2.04432,41.60357],[2.04411,41.60389],[2.04556,41.60478],[2.04625,41.60869],[2.0453,41.60978],[2.04296,41.61056],[2.04229,41.61227],[2.04237,41.61461],[2.03927,41.61491],[2.03777,41.61721],[2.03551,41.62247],[2.03505,41.62457],[2.03236,41.62522],[2.03,41.62648],[2.02865,41.62647],[2.02604,41.62957],[2.02531,41.62972],[2.02513,41.63232],[2.02807,41.63487],[2.03118,41.63608],[2.0374,41.6483],[2.03968,41.64961],[2.04068,41.65291],[2.0505,41.65709],[2.05749,41.65868],[2.05917,41.65818],[2.06069,41.65886],[2.06183,41.65872],[2.06527,41.65986],[2.06624,41.65978],[2.06972,41.66162],[2.07192,41.6637],[2.07789,41.66502],[2.08,41.66637],[2.08372,41.66676],[2.08663,41.66606],[2.08864,41.66357],[2.08878,41.66213],[2.08827,41.66115],[2.08987,41.66028],[2.08998,41.65967],[2.09087,41.65958]]]]}},{"type":"Feature","properties":{"cp":"08212","municipio":"Sant Llorenç Savall"},"geometry":{"type":"MultiPolygon","coordinates":[[[[2.01079,41.66135],[2.01059,41.66467],[2.01092,41.66573],[2.00953,41.66782],[2.00895,41.66992],[2.00662,41.67142],[2.00481,41.67429],[2.00458,41.67575],[2.00614,41.67807],[2.00693,41.67709],[2.00873,41.67866],[2.01052,41.67829],[2.01072,41.67893],[2.01194,41.67941],[2.01305,41.68047],[2.01207,41.68127],[2.01128,41.68275],[2.01004,41.68636],[2.00947,41.68632],[2.00953,41.68779],[2.00896,41.68868],[2.00925,41.68974],[2.00902,41.69115],[2.00951,41.69239],[2.01117,41.69188],[2.01302,41.69206],[2.01566,41.69411],[2.01847,41.69493],[2.01922,41.69631],[2.02033,41.69673],[2.02204,41.69896],[2.02085,41.70413],[2.02012,41.70531],[2.0214,41.70697],[2.02218,41.70729],[2.02223,41.70769],[2.02301,41.70753],[2.02488,41.70847],[2.0258,41.71005],[2.02714,41.71027],[2.02827,41.7111],[2.02877,41.71089],[2.02976,41.71203],[2.03057,41.71497],[2.03271,41.71653],[2.03481,41.71625],[2.03596,41.71686],[2.03687,41.71662],[2.03837,41.71698],[2.04047,41.7151],[2.04366,41.71446],[2.04445,41.71396],[2.04503,41.71278],[2.04897,41.71077],[2.05067,41.71062],[2.05293,41.71156],[2.05515,41.71186],[2.05858,41.711],[2.06087,41.71098],[2.06345,41.71198],[2.06511,41.71211],[2.06562,41.7137],[2.06611,41.71405],[2.07105,41.71269],[2.07364,41.71092],[2.07678,41.71069],[2.07702,41.70989],[2.07938,41.70957],[2.08198,41.71062],[2.08465,41.71082],[2.08517,41.71044],[2.08618,41.70804],[2.08707,41.70783],[2.08585,41.70476],[2.08619,41.70402],[2.08469,41.70316],[2.0841,41.70211],[2.08464,41.7016],[2.08419,41.69996],[2.08472,41.69795],[2.08638,41.69661],[2.08591,41.69608],[2.08605,41.69523],[2.09052,41.69426],[2.09323,41.69168],[2.09478,41.68875],[2.09655,41.68809],[2.09728,41.68555],[2.09648,41.68364],[2.09703,41.68268],[2.09679,41.68158],[2.09989,41.68152],[2.10302,41.67918],[2.10646,41.67815],[2.11005,41.67311],[2.11023,41.67191],[2.11189,41.67066],[2.11292,41.66919],[2.1126,41.66673],[2.10907,41.66654],[2.10792,41.66519],[2.10696,41.66474],[2.1045,41.66465],[2.10241,41.66211],[2.1028,41.66127],[2.10199,41.66135],[2.10001,41.66052],[2.09894,41.6592],[2.0959,41.65893],[2.08998,41.65967],[2.08987,41.66028],[2.08827,41.66115],[2.08878,41.66213],[2.08864,41.66357],[2.08663,41.66606],[2.08372,41.66676],[2.08048,41.66644],[2.07789,41.66502],[2.07192,41.6637],[2.06972,41.66162],[2.06624,41.65978],[2.06527,41.65986],[2.06183,41.65872],[2.06069,41.65886],[2.05917,41.65818],[2.05749,41.65868],[2.0505,41.65709],[2.04068,41.65291],[2.03542,41.65594],[2.03272,41.65484],[2.0286,41.65465],[2.02595,41.65646],[2.02234,41.6568],[2.02082,41.65674],[2.01898,41.65541],[2.01819,41.65611],[2.01564,41.65635],[2.01455,41.65688],[2.01497,41.65816],[2.01451,41.65849],[2.01206,41.65619],[2.01065,41.65647],[2.01079,41.66135]]]]}},{"type":"Feature","properties":{"cp":"08213","municipio":"Polinyà"},"geometry":{"type":"MultiPolygon","coordinates":[[[[2.17412,41.55538],[2.17353,41.54779],[2.16972,41.54797],[2.16944,41.54634],[2.1675,41.54502],[2.16856,41.54396],[2.16897,41.54125],[2.15823,41.53672],[2.15611,41.53969],[2.15016,41.54099],[2.14823,41.54332],[2.14779,41.54615],[2.14493,41.55153],[2.14349,41.55164],[2.14187,41.55421],[2.14053,41.55439],[2.1399,41.55566],[2.14115,41.55612],[2.14095,41.55882],[2.14008,41.55979],[2.13879,41.55917],[2.13857,41.56124],[2.13571,41.56325],[2.13391,41.56346],[2.13127,41.56253],[2.13058,41.5642],[2.12862,41.56629],[2.12633,41.57512],[2.1319,41.57422],[2.13698,41.57408],[2.14216,41.57527],[2.14991,41.57612],[2.15069,41.57405],[2.15723,41.56532],[2.15845,41.56473],[2.16112,41.56528],[2.16271,41.56467],[2.16469,41.56521],[2.16733,41.56246],[2.16833,41.56239],[2.1684,41.55979],[2.16901,41.55918],[2.16979,41.55664],[2.17091,41.55501],[2.17412,41.55538]]]]}},{"type":"Feature","properties":{"cp":"08214","municipio":"Badia del Vallès"},"geometry":{"type":"MultiPolygon","coordinates":[[[[2.11964,41.5077],[2.12267,41.50553],[2.12356,41.50664],[2.12495,41.50704],[2.12593,41.50602],[2.12028,41.50266],[2.11536,41.50408],[2.1104,41.50482],[2.10922,41.50562],[2.10914,41.50631],[2.10723,41.50756],[2.10876,41.50808],[2.11007,41.51124],[2.1129,41.51399],[2.11205,41.51614],[2.11252,41.51756],[2.11566,41.51511],[2.11492,41.51428],[2.11332,41.51393],[2.11331,41.51238],[2.11964,41.5077]]]]}},{"type":"Feature","properties":{"cp":"08221","municipio":"Terrassa"},"geometry":{"type":"MultiPolygon","coordinates":[[[[2.01233,41.5702],[2.0168,41.56971],[2.01671,41.56794],[2.01733,41.56617],[2.01846,41.56545],[2.0178,41.56249],[2.01878,41.56071],[2.01867,41.56021],[2.01942,41.56068],[2.02027,41.56],[2.02106,41.55992],[2.02048,41.55959],[2.02068,41.55979],[2.01927,41.56051],[2.01886,41.56013],[2.01927,41.55894],[2.01896,41.55773],[2.0215,41.55756],[2.01991,41.55729],[2.0177,41.55812],[2.01096,41.55687],[2.00864,41.55703],[2.0088,41.55556],[2.00834,41.55548],[2.00792,41.55704],[2.00738,41.55703],[2.00782,41.56431],[2.00445,41.56904],[2.00192,41.56847],[2.00751,41.57015],[2.01233,41.5702]]]]}},{"type":"Feature","properties":{"cp":"08222","municipio":"Terrassa"},"geometry":{"type":"MultiPolygon","coordinates":[[[[2.01887,41.56948],[2.02284,41.5691],[2.02307,41.56806],[2.02316,41.56907],[2.03349,41.56813],[2.03284,41.56223],[2.0325,41.5621],[2.03321,41.55805],[2.02546,41.55898],[2.0215,41.55756],[2.01896,41.55773],[2.01927,41.55894],[2.01886,41.56013],[2.01927,41.56051],[2.02068,41.55979],[2.02048,41.55959],[2.02106,41.55992],[2.02027,41.56],[2.01942,41.56068],[2.01867,41.56021],[2.01878,41.56071],[2.0178,41.56249],[2.01846,41.56545],[2.01733,41.56617],[2.01671,41.56794],[2.0168,41.56971],[2.01887,41.56948]]]]}},{"type":"Feature","properties":{"cp":"08223","municipio":"Terrassa"},"geometry":{"type":"MultiPolygon","coordinates":[[[[2.02985,41.5585],[2.0332,41.55805],[2.03389,41.55667],[2.03447,41.55684],[2.0338,41.55796],[2.03619,41.55755],[2.0341,41.55648],[2.03834,41.55242],[2.03924,41.55084],[2.03995,41.54442],[2.03662,41.54571],[2.0347,41.54603],[2.03291,41.54596],[2.02989,41.54486],[2.02816,41.54616],[2.02792,41.54678],[2.0273,41.54644],[2.02896,41.54443],[2.02772,41.54352],[2.02256,41.54213],[2.02217,41.54355],[2.0206,41.54489],[2.01757,41.54634],[2.01634,41.54827],[2.01588,41.55019],[2.01288,41.54873],[2.00988,41.54956],[2.00836,41.55295],[2.00783,41.5531],[2.00829,41.55321],[2.00737,41.55692],[2.00792,41.55704],[2.00834,41.55548],[2.0088,41.55556],[2.00864,41.55703],[2.01096,41.55687],[2.01778,41.55813],[2.02027,41.55728],[2.02546,41.55898],[2.02985,41.5585]]]]}},{"type":"Feature","properties":{"cp":"08224","municipio":"Terrassa"},"geometry":{"type":"MultiPolygon","coordinates":[[[[1.99877,41.56965],[1.99808,41.56852],[1.99616,41.56714],[1.99599,41.56599],[1.99637,41.56578],[2.00108,41.56817],[2.00445,41.56904],[2.00782,41.56431],[2.00738,41.55603],[2.00829,41.55321],[2.00783,41.5531],[2.00836,41.55295],[2.00969,41.54971],[2.01288,41.54873],[2.01588,41.55019],[2.01634,41.54827],[2.01757,41.54634],[2.0206,41.54489],[2.02217,41.54355],[2.02256,41.54213],[2.01939,41.53714],[2.01997,41.53406],[2.02134,41.53149],[2.02241,41.52786],[2.01983,41.52863],[2.01921,41.53051],[2.0174,41.53154],[2.011,41.53279],[2.00627,41.53258],[2.0049,41.53298],[2.00354,41.53448],[2.00148,41.53572],[1.99957,41.53834],[1.99974,41.53952],[1.99845,41.54114],[1.99683,41.54215],[1.9911,41.54073],[1.98902,41.53798],[1.98574,41.53525],[1.98036,41.53532],[1.97829,41.53383],[1.9741,41.53464],[1.97098,41.53711],[1.97023,41.53883],[1.96603,41.5385],[1.96337,41.53921],[1.96047,41.53933],[1.95877,41.53896],[1.95817,41.53997],[1.96094,41.54045],[1.96527,41.54263],[1.96888,41.5437],[1.97044,41.54565],[1.97178,41.54595],[1.97276,41.54737],[1.97333,41.54717],[1.97477,41.54963],[1.97714,41.55052],[1.97896,41.5528],[1.98158,41.55369],[1.98304,41.55474],[1.98782,41.56086],[1.98342,41.57076],[1.98626,41.57091],[1.9886,41.57191],[1.99021,41.57147],[1.99078,41.57046],[1.99515,41.56732],[1.99972,41.57139],[1.99964,41.57286],[2.00121,41.57244],[2.00023,41.57086],[1.99877,41.56965]]]]}},{"type":"Feature","properties":{"cp":"08225","municipio":"Terrassa"},"geometry":{"type":"MultiPolygon","coordinates":[[[[2.01364,41.60335],[2.01336,41.59899],[2.0139,41.598],[2.01512,41.59792],[2.01616,41.59874],[2.01801,41.60136],[2.0212,41.59991],[2.02034,41.59675],[2.02474,41.59505],[2.02303,41.59272],[2.02055,41.59149],[2.01932,41.59041],[2.01853,41.58484],[2.0206,41.58505],[2.02053,41.58441],[2.0204,41.58397],[2.01842,41.584],[2.01726,41.57537],[2.01769,41.57521],[2.0173,41.57484],[2.01787,41.57216],[2.01821,41.57145],[2.01889,41.57153],[2.01823,41.5714],[2.01887,41.56948],[2.01448,41.57019],[2.00751,41.57015],[2.00108,41.56817],[1.99637,41.56578],[1.99584,41.56665],[1.99616,41.56714],[1.99808,41.56852],[2.00121,41.57244],[1.99964,41.57286],[1.99972,41.57139],[1.99515,41.56732],[1.99078,41.57046],[1.99021,41.57147],[1.9886,41.57191],[1.98626,41.57091],[1.98342,41.57076],[1.98285,41.57205],[1.9785,41.57246],[1.97484,41.57426],[1.97367,41.57431],[1.96962,41.57223],[1.96572,41.57296],[1.96482,41.57561],[1.96296,41.57632],[1.96162,41.57765],[1.96053,41.57972],[1.9586,41.58142],[1.95182,41.58436],[1.95145,41.58486],[1.95164,41.58518],[1.95317,41.58597],[1.95377,41.58742],[1.95456,41.58767],[1.95377,41.58927],[1.95493,41.59147],[1.95373,41.5919],[1.95317,41.59302],[1.95164,41.59338],[1.94783,41.59709],[1.94609,41.59713],[1.94612,41.59794],[1.94513,41.59928],[1.94436,41.59996],[1.94362,41.60002],[1.94357,41.60039],[1.94373,41.60099],[1.94703,41.60346],[1.9474,41.60416],[1.94937,41.60516],[1.95225,41.60571],[1.95308,41.60626],[1.95361,41.60822],[1.95619,41.61115],[1.95503,41.61177],[1.95546,41.61348],[1.9552,41.61442],[1.95414,41.61542],[1.9538,41.6186],[1.95415,41.61907],[1.95374,41.6195],[1.95405,41.62031],[1.9535,41.62087],[1.95441,41.6214],[1.95472,41.62448],[1.96332,41.62925],[1.966,41.62986],[1.97005,41.63344],[1.97266,41.63398],[1.97585,41.63526],[1.97609,41.6368],[1.97545,41.6381],[1.97486,41.63885],[1.97374,41.63932],[1.97321,41.64129],[1.97101,41.64237],[1.97077,41.64455],[1.97193,41.6461],[1.97154,41.64882],[1.98245,41.64831],[1.98191,41.6411],[1.97933,41.62338],[1.98352,41.62009],[1.98411,41.61897],[1.98582,41.61747],[1.98703,41.61701],[1.98926,41.61724],[1.98916,41.61582],[1.99327,41.61304],[1.99613,41.61183],[1.99822,41.60943],[2.00737,41.60528],[2.00995,41.60503],[2.01364,41.60335]]]]}},{"type":"Feature","properties":{"cp":"08226","municipio":"Terrassa"},"geometry":{"type":"MultiPolygon","coordinates":[[[[2.0259,41.59357],[2.02718,41.59375],[2.02916,41.59264],[2.02862,41.59269],[2.02779,41.59051],[2.02687,41.59023],[2.02498,41.58781],[2.02871,41.57726],[2.0327,41.57343],[2.03353,41.5719],[2.03398,41.57011],[2.03304,41.55981],[2.03447,41.55684],[2.03389,41.55667],[2.033,41.55846],[2.0325,41.5621],[2.03284,41.56223],[2.03349,41.56813],[2.02316,41.56907],[2.02288,41.56808],[2.02284,41.5691],[2.01887,41.56948],[2.01823,41.5714],[2.01889,41.57153],[2.01821,41.57145],[2.01787,41.57216],[2.0173,41.57484],[2.01769,41.57521],[2.01726,41.57537],[2.01842,41.584],[2.0204,41.58397],[2.0206,41.58505],[2.01853,41.58484],[2.01932,41.59041],[2.02055,41.59149],[2.02303,41.59272],[2.02394,41.59412],[2.0259,41.59357]]]]}},{"type":"Feature","properties":{"cp":"08227","municipio":"Terrassa"},"geometry":{"type":"MultiPolygon","coordinates":[[[[2.05737,41.59634],[2.05881,41.59496],[2.05923,41.59522],[2.05928,41.59395],[2.06067,41.59342],[2.0603,41.59314],[2.06139,41.59214],[2.0603,41.59127],[2.0612,41.5905],[2.06227,41.59031],[2.06207,41.58771],[2.05928,41.58734],[2.05218,41.58857],[2.05065,41.58955],[2.04689,41.58713],[2.04824,41.58612],[2.0475,41.58561],[2.04823,41.58463],[2.04921,41.58472],[2.05222,41.58123],[2.05426,41.58157],[2.06263,41.57915],[2.06049,41.57763],[2.06581,41.5755],[2.06456,41.57296],[2.06327,41.57329],[2.06112,41.57047],[2.06581,41.56814],[2.06446,41.56678],[2.06449,41.56596],[2.06302,41.5636],[2.06747,41.56258],[2.06882,41.56071],[2.06735,41.55994],[2.06642,41.56044],[2.06484,41.55941],[2.06525,41.55906],[2.0638,41.55788],[2.06694,41.55619],[2.065,41.55532],[2.06495,41.55434],[2.06588,41.5536],[2.06283,41.55363],[2.06095,41.55282],[2.06347,41.54858],[2.06341,41.5477],[2.06585,41.5446],[2.06602,41.54251],[2.06567,41.54204],[2.06516,41.54252],[2.06492,41.5416],[2.06405,41.54148],[2.06389,41.541],[2.06053,41.54234],[2.0525,41.54211],[2.04556,41.54323],[2.04282,41.54397],[2.04167,41.54527],[2.04048,41.54549],[2.04032,41.54737],[2.03976,41.54704],[2.03954,41.55009],[2.03834,41.55242],[2.0341,41.55648],[2.03619,41.55755],[2.0338,41.55796],[2.03304,41.55981],[2.03398,41.57011],[2.03353,41.5719],[2.0327,41.57343],[2.02871,41.57726],[2.02498,41.58781],[2.02687,41.59023],[2.02779,41.59051],[2.02862,41.59269],[2.02916,41.59264],[2.02718,41.59375],[2.02664,41.59345],[2.02394,41.59412],[2.02474,41.59505],[2.02847,41.59361],[2.04411,41.60389],[2.04894,41.60109],[2.05142,41.59903],[2.0544,41.59787],[2.05492,41.5972],[2.05679,41.59689],[2.05737,41.59634]]]]}},{"type":"Feature","properties":{"cp":"08228","municipio":"Terrassa"},"geometry":{"type":"MultiPolygon","coordinates":[[[[2.06053,41.54234],[2.06389,41.541],[2.06372,41.54048],[2.06258,41.53984],[2.06226,41.539],[2.06042,41.53893],[2.05936,41.5399],[2.05957,41.54057],[2.0578,41.54096],[2.05338,41.54056],[2.05246,41.53822],[2.05174,41.53786],[2.05093,41.53636],[2.05144,41.53446],[2.0494,41.53338],[2.05007,41.53208],[2.05427,41.53043],[2.05707,41.5241],[2.0549,41.52517],[2.05323,41.5255],[2.05097,41.52518],[2.04656,41.52602],[2.04299,41.52517],[2.04226,41.52664],[2.04038,41.52796],[2.03856,41.52745],[2.03675,41.52544],[2.03633,41.52656],[2.03411,41.52893],[2.03248,41.52874],[2.03154,41.52228],[2.03687,41.52097],[2.03543,41.5177],[2.03439,41.51681],[2.03305,41.51722],[2.03056,41.51948],[2.02794,41.52306],[2.02785,41.52436],[2.02566,41.52756],[2.02241,41.52786],[2.02134,41.53149],[2.01997,41.53406],[2.01939,41.53714],[2.02267,41.54226],[2.02772,41.54352],[2.02896,41.54443],[2.0273,41.54644],[2.02792,41.54678],[2.02816,41.54616],[2.02989,41.54486],[2.03291,41.54596],[2.0347,41.54603],[2.03662,41.54571],[2.03995,41.54442],[2.03976,41.54704],[2.04032,41.54737],[2.04048,41.54549],[2.04167,41.54527],[2.04282,41.54397],[2.04556,41.54323],[2.0525,41.54211],[2.06053,41.54234]]]]}},{"type":"Feature","properties":{"cp":"08230","municipio":"Matadepera"},"geometry":{"type":"MultiPolygon","coordinates":[[[[2.01564,41.65635],[2.01819,41.65611],[2.01898,41.65541],[2.02082,41.65674],[2.02595,41.65646],[2.0286,41.65465],[2.03272,41.65484],[2.03542,41.65594],[2.0407,41.65292],[2.03968,41.64961],[2.0374,41.6483],[2.03118,41.63608],[2.02807,41.63487],[2.02513,41.63232],[2.02531,41.62972],[2.02604,41.62957],[2.02865,41.62647],[2.03,41.62648],[2.03236,41.62522],[2.03505,41.62457],[2.03551,41.62247],[2.03777,41.61721],[2.03927,41.61491],[2.04237,41.61461],[2.04229,41.61227],[2.04296,41.61056],[2.0453,41.60978],[2.04625,41.60869],[2.04556,41.60478],[2.02847,41.59361],[2.02034,41.59675],[2.0212,41.59991],[2.01801,41.60136],[2.01616,41.59874],[2.01512,41.59792],[2.0139,41.598],[2.01336,41.59899],[2.01364,41.60335],[2.00995,41.60503],[2.00737,41.60528],[1.99822,41.60943],[1.99613,41.61183],[1.99327,41.61304],[1.98916,41.61582],[1.98926,41.61724],[1.98703,41.61701],[1.98582,41.61747],[1.98411,41.61897],[1.98352,41.62009],[1.97933,41.62338],[1.98191,41.6411],[1.98245,41.64831],[1.98976,41.65429],[1.99425,41.65478],[1.99532,41.65533],[1.99954,41.65435],[2.0012,41.65499],[2.00263,41.6544],[2.00526,41.65467],[2.00624,41.65548],[2.00941,41.65682],[2.01049,41.65815],[2.01065,41.65647],[2.01206,41.65619],[2.01451,41.65849],[2.01497,41.65816],[2.01455,41.65688],[2.01564,41.65635]]]]}},{"type":"Feature","properties":{"cp":"08231","municipio":"Ullastrell"},"geometry":{"type":"MultiPolygon","coordinates":[[[[1.98574,41.53525],[1.98472,41.53313],[1.98548,41.5322],[1.98489,41.53161],[1.98518,41.53048],[1.98452,41.52792],[1.98528,41.52682],[1.98618,41.52358],[1.98178,41.52513],[1.98026,41.52381],[1.97893,41.52353],[1.97534,41.51976],[1.97375,41.51947],[1.97093,41.51515],[1.96987,41.51433],[1.96983,41.51281],[1.96914,41.51188],[1.96097,41.51312],[1.96019,41.51149],[1.95819,41.51064],[1.95138,41.50931],[1.94557,41.50766],[1.94067,41.50694],[1.93717,41.50763],[1.9367,41.50943],[1.95134,41.51005],[1.95121,41.52279],[1.94899,41.52552],[1.93878,41.52851],[1.94007,41.52863],[1.94186,41.52813],[1.94236,41.52837],[1.95024,41.53494],[1.95023,41.53654],[1.95243,41.53554],[1.95309,41.53567],[1.95363,41.53681],[1.9556,41.53716],[1.95666,41.53646],[1.9582,41.53744],[1.95878,41.53815],[1.95877,41.53896],[1.96231,41.53926],[1.96603,41.5385],[1.97023,41.53883],[1.97098,41.53711],[1.9741,41.53464],[1.97829,41.53383],[1.98036,41.53532],[1.98574,41.53525]]]]}},{"type":"Feature","properties":{"cp":"08232","municipio":"Viladecavalls"},"geometry":{"type":"MultiPolygon","coordinates":[[[[1.96081,41.57918],[1.96162,41.57765],[1.96296,41.57632],[1.96482,41.57561],[1.96572,41.57296],[1.96962,41.57223],[1.97367,41.57431],[1.97484,41.57426],[1.9785,41.57246],[1.98285,41.57205],[1.98782,41.56086],[1.98304,41.55474],[1.98158,41.55369],[1.97896,41.5528],[1.97714,41.55052],[1.97477,41.54963],[1.97333,41.54717],[1.97276,41.54737],[1.97178,41.54595],[1.97044,41.54565],[1.96888,41.5437],[1.96527,41.54263],[1.96094,41.54045],[1.95817,41.53997],[1.95877,41.53896],[1.95878,41.53815],[1.95739,41.5367],[1.95666,41.53646],[1.9556,41.53716],[1.95363,41.53681],[1.95309,41.53567],[1.95243,41.53554],[1.95023,41.53654],[1.95024,41.53494],[1.94236,41.52837],[1.94186,41.52813],[1.94007,41.52863],[1.93878,41.52851],[1.93628,41.53019],[1.93628,41.53214],[1.9358,41.53287],[1.93398,41.53379],[1.93291,41.53606],[1.93202,41.53644],[1.93325,41.53756],[1.9311,41.53945],[1.93242,41.5419],[1.9312,41.54193],[1.93045,41.54413],[1.92967,41.54403],[1.92876,41.54729],[1.92929,41.54812],[1.92772,41.54935],[1.9275,41.55015],[1.92555,41.55101],[1.92772,41.55251],[1.92721,41.55273],[1.92629,41.55239],[1.92418,41.55538],[1.92016,41.55628],[1.91995,41.55689],[1.91857,41.55681],[1.92239,41.55981],[1.92195,41.56068],[1.92094,41.56028],[1.92041,41.56205],[1.9212,41.56244],[1.92146,41.56341],[1.92221,41.56363],[1.92158,41.56467],[1.92051,41.56431],[1.92186,41.56679],[1.9235,41.56778],[1.92015,41.56997],[1.92043,41.57146],[1.92243,41.57079],[1.9276,41.57091],[1.93254,41.57573],[1.93673,41.57779],[1.93898,41.57844],[1.9428,41.58094],[1.94769,41.58058],[1.94819,41.58002],[1.95239,41.57896],[1.95451,41.57782],[1.95741,41.57832],[1.95871,41.578],[1.96081,41.57918]]]]}},{"type":"Feature","properties":{"cp":"08233","municipio":"Vacarisses"},"geometry":{"type":"MultiPolygon","coordinates":[[[[1.89609,41.62136],[1.89758,41.62298],[1.89802,41.6229],[1.90037,41.62434],[1.90176,41.62654],[1.90384,41.62745],[1.90479,41.62836],[1.90829,41.62932],[1.90873,41.63021],[1.91568,41.62806],[1.91763,41.62919],[1.92019,41.62882],[1.92992,41.623],[1.93125,41.62314],[1.93487,41.62521],[1.93687,41.62496],[1.93822,41.62422],[1.9418,41.62439],[1.94437,41.63555],[1.95553,41.64336],[1.9585,41.64156],[1.95715,41.64648],[1.96159,41.64424],[1.97154,41.64882],[1.97193,41.6461],[1.97077,41.64455],[1.97101,41.64237],[1.97321,41.64129],[1.97374,41.63932],[1.97486,41.63885],[1.97609,41.6368],[1.97585,41.63526],[1.97266,41.63398],[1.97005,41.63344],[1.966,41.62986],[1.96332,41.62925],[1.95472,41.62448],[1.95441,41.6214],[1.9535,41.62087],[1.95405,41.62031],[1.95374,41.6195],[1.95415,41.61907],[1.9538,41.6186],[1.95414,41.61542],[1.9552,41.61442],[1.95546,41.61348],[1.95503,41.61177],[1.95619,41.61115],[1.95361,41.60822],[1.95308,41.60626],[1.95225,41.60571],[1.94937,41.60516],[1.9474,41.60416],[1.94703,41.60346],[1.94373,41.60099],[1.94362,41.60002],[1.94436,41.59996],[1.94513,41.59928],[1.94612,41.59794],[1.94609,41.59713],[1.94783,41.59709],[1.95164,41.59338],[1.95317,41.59302],[1.95373,41.5919],[1.95493,41.59147],[1.95377,41.58927],[1.95456,41.58767],[1.95377,41.58742],[1.95317,41.58597],[1.95164,41.58518],[1.95145,41.58486],[1.95182,41.58436],[1.95775,41.58206],[1.96081,41.57918],[1.95871,41.578],[1.95741,41.57832],[1.95451,41.57782],[1.95239,41.57896],[1.94819,41.58002],[1.94769,41.58058],[1.9428,41.58094],[1.93898,41.57844],[1.93673,41.57779],[1.93254,41.57573],[1.92952,41.57313],[1.92846,41.57142],[1.92677,41.57069],[1.92243,41.57079],[1.92043,41.57146],[1.90918,41.57076],[1.90058,41.57396],[1.88466,41.579],[1.89089,41.58124],[1.8886,41.58385],[1.88658,41.58494],[1.88649,41.58609],[1.88245,41.58583],[1.88067,41.58689],[1.88051,41.58758],[1.87875,41.58941],[1.87645,41.59],[1.8685,41.58894],[1.86795,41.58935],[1.86778,41.59067],[1.86336,41.59233],[1.86402,41.59476],[1.86394,41.59807],[1.86178,41.60257],[1.86087,41.60637],[1.86168,41.60845],[1.86145,41.61119],[1.86228,41.61328],[1.86317,41.61358],[1.86255,41.61538],[1.86288,41.61677],[1.86529,41.61865],[1.86867,41.61567],[1.86997,41.61503],[1.87139,41.61349],[1.87349,41.61252],[1.87448,41.61297],[1.87639,41.613],[1.87767,41.61411],[1.88048,41.61399],[1.88335,41.61496],[1.88535,41.61439],[1.88771,41.61436],[1.89003,41.61496],[1.89226,41.61655],[1.89304,41.61739],[1.89338,41.61919],[1.8946,41.61937],[1.89503,41.62116],[1.89609,41.62136]]]]}},{"type":"Feature","properties":{"cp":"08241","municipio":"Manresa"},"geometry":{"type":"MultiPolygon","coordinates":[[[[1.80723,41.74127],[1.81129,41.73592],[1.81282,41.73461],[1.81592,41.72895],[1.81591,41.72818],[1.81479,41.7278],[1.81526,41.72636],[1.82251,41.72533],[1.8235,41.72548],[1.82365,41.72809],[1.82393,41.72807],[1.82385,41.72639],[1.82465,41.72638],[1.82479,41.72846],[1.82579,41.73027],[1.82935,41.73028],[1.83105,41.72962],[1.83235,41.73073],[1.8327,41.73007],[1.8321,41.72923],[1.83502,41.72799],[1.83727,41.72595],[1.83835,41.72631],[1.83916,41.72519],[1.83973,41.72544],[1.84086,41.7226],[1.83954,41.72218],[1.83833,41.72381],[1.83957,41.722],[1.83908,41.72242],[1.83736,41.72118],[1.83485,41.71739],[1.84085,41.71207],[1.83617,41.69447],[1.83795,41.69371],[1.83743,41.69184],[1.83558,41.69284],[1.83122,41.69271],[1.82695,41.69598],[1.81871,41.69133],[1.8166,41.69395],[1.81454,41.6949],[1.81054,41.69445],[1.80944,41.69062],[1.80826,41.69044],[1.80726,41.68958],[1.80539,41.6929],[1.80201,41.6929],[1.7982,41.69805],[1.79662,41.69893],[1.79594,41.70112],[1.79274,41.70778],[1.78858,41.70976],[1.7855,41.71351],[1.77977,41.7128],[1.77712,41.71135],[1.77385,41.71391],[1.77634,41.71623],[1.76893,41.74353],[1.77381,41.74288],[1.77604,41.74185],[1.78084,41.74086],[1.78338,41.73922],[1.7895,41.73674],[1.79424,41.73575],[1.79671,41.73453],[1.79809,41.73478],[1.80125,41.73661],[1.80301,41.73585],[1.80652,41.73691],[1.80723,41.74127]]]]}},{"type":"Feature","properties":{"cp":"08242","municipio":"Manresa"},"geometry":{"type":"MultiPolygon","coordinates":[[[[1.82324,41.74161],[1.83105,41.74468],[1.83299,41.74469],[1.83311,41.74522],[1.83442,41.74508],[1.83472,41.74319],[1.83277,41.73969],[1.83243,41.73741],[1.83083,41.73817],[1.83096,41.73712],[1.83123,41.73714],[1.83115,41.7379],[1.83242,41.73735],[1.83129,41.72992],[1.83105,41.72962],[1.82935,41.73028],[1.82579,41.73027],[1.82479,41.72846],[1.82465,41.72638],[1.82385,41.72639],[1.82393,41.72807],[1.82365,41.72809],[1.8235,41.72548],[1.8228,41.72532],[1.81526,41.72636],[1.81479,41.7278],[1.81591,41.72818],[1.81592,41.72895],[1.81231,41.73501],[1.81626,41.73848],[1.81539,41.74257],[1.8161,41.74276],[1.81603,41.7437],[1.81852,41.74412],[1.82165,41.7457],[1.82324,41.74161]]]]}},{"type":"Feature","properties":{"cp":"08243","municipio":"Manresa"},"geometry":{"type":"MultiPolygon","coordinates":[[[[1.83897,41.75184],[1.83906,41.75004],[1.83951,41.74919],[1.84043,41.74925],[1.84058,41.74995],[1.84495,41.74945],[1.8495,41.74615],[1.85063,41.74183],[1.85292,41.74144],[1.85651,41.73844],[1.85871,41.73909],[1.86394,41.73895],[1.86516,41.73824],[1.86578,41.73695],[1.86376,41.7329],[1.86277,41.7322],[1.86361,41.73016],[1.86643,41.72716],[1.86656,41.72642],[1.86855,41.72575],[1.86981,41.72376],[1.86843,41.72103],[1.86867,41.72067],[1.86744,41.71935],[1.86753,41.71858],[1.86839,41.71785],[1.87308,41.71639],[1.87443,41.71502],[1.87436,41.71436],[1.87333,41.71376],[1.87077,41.71328],[1.86984,41.71258],[1.85625,41.70798],[1.85626,41.69379],[1.85479,41.69346],[1.84718,41.69385],[1.84383,41.69524],[1.84289,41.69487],[1.8409,41.69304],[1.83958,41.69069],[1.83743,41.69184],[1.83795,41.69371],[1.83617,41.69447],[1.84085,41.71207],[1.83485,41.71739],[1.83736,41.72118],[1.83908,41.72242],[1.83957,41.722],[1.83833,41.72381],[1.83954,41.72218],[1.84086,41.7226],[1.83973,41.72544],[1.83916,41.72519],[1.83835,41.72631],[1.83727,41.72595],[1.83502,41.72799],[1.8321,41.72923],[1.8327,41.73007],[1.83235,41.73073],[1.83129,41.72992],[1.83242,41.73735],[1.83115,41.7379],[1.83123,41.73714],[1.83096,41.73712],[1.83083,41.73817],[1.83243,41.73741],[1.83277,41.73969],[1.83472,41.74319],[1.83442,41.74508],[1.83311,41.74522],[1.83299,41.74469],[1.83105,41.74468],[1.8234,41.74151],[1.82165,41.7457],[1.81852,41.74412],[1.81603,41.7437],[1.8161,41.74276],[1.81539,41.74257],[1.81626,41.73848],[1.81231,41.73501],[1.80723,41.74127],[1.80747,41.74274],[1.8087,41.74456],[1.8091,41.74701],[1.80806,41.74834],[1.81145,41.74987],[1.81257,41.74954],[1.81403,41.75003],[1.81454,41.75127],[1.81895,41.75047],[1.8227,41.75515],[1.82946,41.75815],[1.83489,41.75348],[1.83843,41.75251],[1.83897,41.75184]]]]}},{"type":"Feature","properties":{"cp":"08250","municipio":"Sant Joan de Vilatorrada"},"geometry":{"type":"MultiPolygon","coordinates":[[[[1.81306,41.78285],[1.81357,41.77743],[1.81284,41.77656],[1.81258,41.77434],[1.80775,41.77212],[1.8079,41.7681],[1.82114,41.76418],[1.82781,41.76757],[1.82946,41.75815],[1.8227,41.75515],[1.81895,41.75047],[1.81454,41.75127],[1.81403,41.75003],[1.81257,41.74954],[1.81145,41.74987],[1.80806,41.74834],[1.8091,41.74701],[1.8087,41.74456],[1.80747,41.74274],[1.80652,41.73691],[1.80301,41.73585],[1.80125,41.73661],[1.79809,41.73478],[1.79671,41.73453],[1.79424,41.73575],[1.7895,41.73674],[1.78338,41.73922],[1.78084,41.74086],[1.77921,41.74126],[1.78954,41.75288],[1.78897,41.75723],[1.78544,41.75753],[1.78406,41.75705],[1.7771,41.76207],[1.77644,41.76375],[1.77465,41.7656],[1.77417,41.76668],[1.76816,41.76738],[1.77011,41.77413],[1.7705,41.77648],[1.77032,41.77795],[1.76822,41.77711],[1.76688,41.77837],[1.76543,41.77852],[1.76983,41.78336],[1.77396,41.78427],[1.77407,41.78474],[1.77293,41.78531],[1.77461,41.7858],[1.77688,41.78538],[1.77922,41.78302],[1.7808,41.78213],[1.77948,41.78019],[1.77936,41.77899],[1.77962,41.77824],[1.78154,41.77702],[1.78356,41.77645],[1.78435,41.77822],[1.78581,41.77915],[1.78624,41.77861],[1.78635,41.77731],[1.78698,41.77735],[1.7875,41.77961],[1.78868,41.78044],[1.78879,41.78116],[1.7895,41.78147],[1.7905,41.7814],[1.79122,41.78028],[1.79133,41.77873],[1.79412,41.7811],[1.79462,41.7796],[1.79548,41.77945],[1.7961,41.78009],[1.79701,41.78384],[1.79794,41.78564],[1.80028,41.78627],[1.79977,41.7877],[1.79989,41.79032],[1.80185,41.79181],[1.80174,41.79207],[1.81177,41.78929],[1.81306,41.78285]]]]}},{"type":"Feature","properties":{"cp":"08251","municipio":"Castellnou de Bages"},"geometry":{"type":"MultiPolygon","coordinates":[[[[1.79774,41.82454],[1.80504,41.83031],[1.81989,41.8683],[1.82179,41.86639],[1.82148,41.86499],[1.82005,41.86385],[1.82054,41.86168],[1.81984,41.86016],[1.8239,41.85532],[1.82442,41.85405],[1.82636,41.85313],[1.82809,41.85325],[1.82946,41.85255],[1.8316,41.84949],[1.83199,41.84786],[1.83375,41.84559],[1.83785,41.84473],[1.83991,41.84379],[1.8404,41.84304],[1.84034,41.84021],[1.84144,41.83818],[1.84162,41.8363],[1.84262,41.83524],[1.84552,41.83368],[1.84791,41.8334],[1.84971,41.83217],[1.85206,41.83223],[1.85128,41.83163],[1.85082,41.82983],[1.85492,41.8199],[1.85767,41.81666],[1.85228,41.81457],[1.84672,41.80902],[1.83868,41.80337],[1.83654,41.80018],[1.83006,41.79829],[1.81787,41.79768],[1.81027,41.79872],[1.80151,41.79712],[1.80314,41.80043],[1.80219,41.80202],[1.80354,41.80476],[1.80247,41.80893],[1.80289,41.8112],[1.80213,41.81351],[1.80296,41.81429],[1.80313,41.81524],[1.80234,41.816],[1.80238,41.8175],[1.79963,41.82085],[1.79877,41.82228],[1.7987,41.82329],[1.79774,41.82454]]],[[[1.81306,41.78285],[1.81177,41.78929],[1.80185,41.79181],[1.80197,41.79322],[1.8027,41.79407],[1.80118,41.79593],[1.80151,41.79712],[1.81027,41.79872],[1.81787,41.79768],[1.83006,41.79829],[1.83654,41.80018],[1.83868,41.80337],[1.84672,41.80902],[1.85156,41.80065],[1.85604,41.79832],[1.86465,41.79487],[1.86211,41.78925],[1.86537,41.78371],[1.86112,41.77722],[1.86047,41.77277],[1.85712,41.76581],[1.84869,41.76755],[1.83747,41.76319],[1.82854,41.76395],[1.82781,41.76757],[1.82114,41.76418],[1.8079,41.7681],[1.80775,41.77212],[1.81258,41.77434],[1.81284,41.77656],[1.81357,41.77743],[1.81306,41.78285]]]]}},{"type":"Feature","properties":{"cp":"08253","municipio":"Sant Salvador de Guardiola"},"geometry":{"type":"MultiPolygon","coordinates":[[[[1.79353,41.66753],[1.79294,41.66631],[1.7913,41.66617],[1.79348,41.66387],[1.79271,41.66326],[1.78924,41.66273],[1.79039,41.66119],[1.79014,41.65977],[1.78898,41.65747],[1.78719,41.656],[1.78777,41.65424],[1.78749,41.6536],[1.78829,41.65291],[1.7867,41.65243],[1.7844,41.65237],[1.78292,41.65306],[1.78048,41.65309],[1.77964,41.65372],[1.77688,41.65409],[1.77497,41.6549],[1.77425,41.65305],[1.7727,41.65292],[1.77153,41.65213],[1.7695,41.65238],[1.76727,41.65077],[1.76695,41.6494],[1.76609,41.64853],[1.76645,41.64729],[1.76558,41.64682],[1.76502,41.64584],[1.76161,41.64631],[1.75699,41.64428],[1.74751,41.64602],[1.74538,41.64543],[1.74202,41.64535],[1.73443,41.64635],[1.72913,41.64615],[1.72825,41.64595],[1.72905,41.64527],[1.72881,41.64435],[1.72577,41.64158],[1.71673,41.64476],[1.71507,41.64619],[1.7057,41.6499],[1.70291,41.65053],[1.72366,41.66148],[1.7371,41.66766],[1.73767,41.67327],[1.733,41.67737],[1.73217,41.68652],[1.7315,41.68737],[1.73138,41.68835],[1.73212,41.69192],[1.73604,41.69639],[1.74065,41.69795],[1.74797,41.70278],[1.75285,41.70377],[1.75689,41.70628],[1.76486,41.70907],[1.76652,41.71004],[1.76732,41.70979],[1.77045,41.71022],[1.7723,41.71006],[1.77411,41.71058],[1.7766,41.71049],[1.77712,41.71135],[1.77977,41.7128],[1.7855,41.71351],[1.78858,41.70976],[1.79274,41.70778],[1.79594,41.70112],[1.79662,41.69893],[1.7982,41.69805],[1.80201,41.6929],[1.80539,41.6929],[1.80726,41.68958],[1.80826,41.69044],[1.80829,41.69],[1.81523,41.68749],[1.81566,41.68681],[1.81483,41.68616],[1.8115,41.68604],[1.80703,41.68429],[1.80486,41.68411],[1.80225,41.68293],[1.79964,41.68238],[1.79519,41.67843],[1.79412,41.67663],[1.79674,41.67202],[1.79557,41.67079],[1.79525,41.66978],[1.79368,41.66861],[1.79353,41.66753]]]]}},{"type":"Feature","properties":{"cp":"08254","municipio":"Manresa"},"geometry":{"type":"MultiPolygon","coordinates":[[[[1.85626,41.69379],[1.85625,41.70798],[1.86984,41.71258],[1.86898,41.71048],[1.86975,41.70883],[1.87087,41.70811],[1.87137,41.70714],[1.87089,41.70611],[1.86968,41.70556],[1.86867,41.70258],[1.86917,41.70014],[1.86863,41.69884],[1.86995,41.69594],[1.87081,41.6954],[1.87168,41.69252],[1.87286,41.69031],[1.87277,41.68941],[1.87122,41.6885],[1.86855,41.68806],[1.86603,41.68846],[1.86428,41.69026],[1.86026,41.69327],[1.85815,41.69357],[1.85802,41.69419],[1.85626,41.69379]]],[[[1.94879,41.71033],[1.94744,41.70774],[1.94614,41.70713],[1.94553,41.70569],[1.94628,41.7006],[1.94683,41.70031],[1.94756,41.69891],[1.94727,41.69805],[1.94758,41.69612],[1.9492,41.69351],[1.94943,41.69118],[1.94728,41.69032],[1.94586,41.69048],[1.94334,41.68933],[1.94273,41.68863],[1.94014,41.68797],[1.93865,41.68703],[1.93847,41.68633],[1.93671,41.68619],[1.93548,41.68465],[1.93428,41.68411],[1.93045,41.68511],[1.92801,41.68462],[1.92706,41.68479],[1.92628,41.68558],[1.92509,41.68587],[1.9245,41.68557],[1.92335,41.68274],[1.92255,41.68182],[1.9204,41.68209],[1.919,41.68344],[1.91765,41.68266],[1.91674,41.68288],[1.91347,41.67939],[1.91102,41.67924],[1.91042,41.6797],[1.91028,41.6804],[1.90873,41.68043],[1.90365,41.67725],[1.90117,41.67886],[1.90074,41.67973],[1.89845,41.68183],[1.89613,41.68288],[1.89489,41.68503],[1.89289,41.68432],[1.89158,41.68448],[1.8901,41.68546],[1.88851,41.68567],[1.88207,41.68607],[1.8808,41.68582],[1.87286,41.69031],[1.87168,41.69252],[1.87081,41.6954],[1.86995,41.69594],[1.86863,41.69884],[1.86917,41.70014],[1.86867,41.70258],[1.86968,41.70556],[1.87089,41.70611],[1.87137,41.70714],[1.87087,41.70811],[1.86975,41.70883],[1.86898,41.71048],[1.86994,41.71276],[1.87077,41.71328],[1.87333,41.71376],[1.87436,41.71436],[1.87443,41.71502],[1.87308,41.71639],[1.86839,41.71785],[1.86753,41.71858],[1.86744,41.71935],[1.86867,41.72067],[1.87096,41.72173],[1.87552,41.72257],[1.87704,41.72348],[1.87752,41.72271],[1.87708,41.72111],[1.87731,41.72067],[1.87887,41.72075],[1.88132,41.72264],[1.88375,41.72144],[1.88525,41.72126],[1.88661,41.722],[1.88879,41.72401],[1.89316,41.72494],[1.89381,41.72625],[1.89343,41.7273],[1.89382,41.72813],[1.89351,41.7286],[1.8903,41.73011],[1.89045,41.73066],[1.89233,41.73167],[1.89312,41.73263],[1.89539,41.73172],[1.89756,41.73241],[1.90467,41.72718],[1.90603,41.72722],[1.90622,41.72765],[1.90544,41.72929],[1.90397,41.73084],[1.9038,41.73152],[1.90433,41.7322],[1.90536,41.73236],[1.90667,41.73198],[1.90791,41.73087],[1.91048,41.72689],[1.91429,41.726],[1.91715,41.72446],[1.91924,41.72455],[1.92311,41.72345],[1.92373,41.72284],[1.92402,41.72097],[1.92574,41.71953],[1.93057,41.72001],[1.93222,41.72281],[1.9331,41.72356],[1.93593,41.72283],[1.93837,41.7213],[1.941,41.71789],[1.93995,41.71598],[1.93796,41.71454],[1.93689,41.71309],[1.93967,41.71125],[1.93971,41.7096],[1.94016,41.70887],[1.9412,41.70876],[1.9421,41.70994],[1.94671,41.7098],[1.94879,41.71033]]]]}},{"type":"Feature","properties":{"cp":"08255","municipio":"Castellfollit del Boix"},"geometry":{"type":"MultiPolygon","coordinates":[[[[1.65924,41.71132],[1.66008,41.71061],[1.66511,41.71038],[1.66443,41.7099],[1.66464,41.70925],[1.66698,41.70656],[1.66802,41.70406],[1.66831,41.70067],[1.66929,41.70021],[1.67138,41.70018],[1.67221,41.69971],[1.67214,41.69782],[1.67311,41.69662],[1.6734,41.69539],[1.67466,41.69417],[1.67661,41.6932],[1.67717,41.69266],[1.67743,41.69159],[1.68201,41.69279],[1.68229,41.69074],[1.68639,41.68769],[1.69352,41.68991],[1.69714,41.69224],[1.69802,41.69234],[1.70212,41.69433],[1.7028,41.69573],[1.70382,41.69656],[1.71257,41.69537],[1.71732,41.69667],[1.72084,41.69713],[1.72178,41.69786],[1.72464,41.69783],[1.72647,41.6987],[1.72804,41.69864],[1.72735,41.6949],[1.73416,41.69437],[1.73212,41.69192],[1.73138,41.68835],[1.7315,41.68737],[1.73217,41.68652],[1.733,41.67737],[1.73767,41.67327],[1.7371,41.66766],[1.72366,41.66148],[1.70291,41.65053],[1.7057,41.6499],[1.71507,41.64619],[1.71673,41.64476],[1.72577,41.64158],[1.72593,41.64117],[1.72505,41.64057],[1.72538,41.63917],[1.72193,41.63782],[1.72011,41.6382],[1.71852,41.63762],[1.71875,41.63695],[1.71675,41.63544],[1.71644,41.63461],[1.71564,41.6344],[1.71538,41.63278],[1.71357,41.63249],[1.70956,41.62917],[1.71121,41.62821],[1.70877,41.62763],[1.70707,41.62548],[1.70548,41.62438],[1.70478,41.62252],[1.70219,41.62037],[1.70177,41.61875],[1.69717,41.62113],[1.69666,41.62201],[1.69203,41.62162],[1.69121,41.62223],[1.69048,41.622],[1.68912,41.62022],[1.68738,41.61983],[1.68218,41.62041],[1.68124,41.61972],[1.6665,41.63622],[1.66385,41.64437],[1.66894,41.64909],[1.66879,41.64987],[1.6649,41.65064],[1.66507,41.65128],[1.66689,41.65262],[1.66711,41.65319],[1.66077,41.65308],[1.66087,41.65357],[1.6616,41.65378],[1.66152,41.65449],[1.66063,41.65482],[1.66071,41.65555],[1.66181,41.65619],[1.66175,41.65686],[1.66087,41.65715],[1.65805,41.65649],[1.65565,41.6572],[1.65528,41.65669],[1.65347,41.65849],[1.65213,41.65548],[1.65072,41.65428],[1.65012,41.65525],[1.64967,41.65531],[1.64703,41.65387],[1.64531,41.65465],[1.64473,41.65548],[1.64221,41.65496],[1.64276,41.65095],[1.64143,41.65089],[1.64127,41.64873],[1.64163,41.64576],[1.64261,41.6447],[1.64197,41.6438],[1.64016,41.64434],[1.63839,41.64637],[1.63862,41.64712],[1.6371,41.64848],[1.63645,41.65018],[1.63426,41.65075],[1.63118,41.65413],[1.62794,41.66014],[1.62779,41.66239],[1.63019,41.66338],[1.63353,41.66393],[1.63392,41.66419],[1.63464,41.66676],[1.63403,41.6679],[1.6332,41.66837],[1.63214,41.6688],[1.63092,41.66836],[1.62822,41.67031],[1.6263,41.67115],[1.62313,41.67396],[1.62663,41.67904],[1.62365,41.67939],[1.6204,41.68049],[1.61821,41.6821],[1.6201,41.68519],[1.61828,41.68641],[1.62362,41.69116],[1.61557,41.69625],[1.61552,41.70043],[1.61466,41.70105],[1.61438,41.70179],[1.61536,41.70312],[1.61908,41.70298],[1.6214,41.70243],[1.62253,41.70435],[1.62364,41.70518],[1.62421,41.70645],[1.63074,41.70626],[1.6324,41.70685],[1.63642,41.70561],[1.63766,41.7074],[1.64492,41.70652],[1.64587,41.70752],[1.64548,41.70979],[1.64572,41.7113],[1.64841,41.71147],[1.65095,41.7144],[1.65487,41.71352],[1.65924,41.71132]]]]}},{"type":"Feature","properties":{"cp":"08256","municipio":"Aguilar de Segarra"},"geometry":{"type":"MultiPolygon","coordinates":[[[[1.61516,41.70285],[1.60295,41.73609],[1.5932,41.75299],[1.59593,41.75734],[1.59401,41.76427],[1.5943,41.76463],[1.6032,41.7649],[1.60745,41.76623],[1.60815,41.76721],[1.60747,41.77014],[1.60767,41.77056],[1.60988,41.76851],[1.61246,41.76882],[1.62083,41.76865],[1.62258,41.76797],[1.62751,41.76725],[1.62928,41.76609],[1.63158,41.76294],[1.63399,41.76122],[1.63502,41.7582],[1.63719,41.75804],[1.64025,41.75643],[1.64095,41.75482],[1.64393,41.75344],[1.64471,41.75237],[1.64645,41.75141],[1.64848,41.75132],[1.64955,41.75196],[1.66027,41.74601],[1.66433,41.74315],[1.66426,41.7415],[1.66589,41.73949],[1.66428,41.73781],[1.66742,41.73635],[1.66935,41.7342],[1.67264,41.73465],[1.67291,41.73343],[1.67382,41.73301],[1.67385,41.73233],[1.67322,41.73193],[1.67101,41.73209],[1.66982,41.73325],[1.66479,41.73026],[1.66594,41.72903],[1.66614,41.72801],[1.66569,41.72617],[1.66609,41.72532],[1.66609,41.72306],[1.66709,41.72079],[1.6678,41.72015],[1.66648,41.71928],[1.66607,41.71709],[1.66447,41.71297],[1.66511,41.71038],[1.66008,41.71061],[1.65487,41.71352],[1.65095,41.7144],[1.64841,41.71147],[1.64572,41.7113],[1.64548,41.70979],[1.64587,41.70752],[1.64492,41.70652],[1.63766,41.7074],[1.63642,41.70561],[1.6324,41.70685],[1.63074,41.70626],[1.62421,41.70645],[1.62364,41.70518],[1.62253,41.70435],[1.6214,41.70243],[1.61694,41.70315],[1.61516,41.70285]]],[[[1.67291,41.73343],[1.67264,41.73465],[1.66935,41.7342],[1.66742,41.73635],[1.66428,41.73781],[1.66589,41.73949],[1.66426,41.7415],[1.66433,41.74315],[1.66027,41.74601],[1.64955,41.75196],[1.65145,41.75253],[1.65323,41.75217],[1.65798,41.75235],[1.65899,41.75286],[1.66231,41.75281],[1.66623,41.75407],[1.66901,41.75436],[1.66994,41.75416],[1.6741,41.75132],[1.67629,41.74868],[1.67799,41.74792],[1.67924,41.74859],[1.67987,41.74819],[1.68486,41.75127],[1.68599,41.75021],[1.68654,41.75029],[1.68994,41.74872],[1.69423,41.75066],[1.69612,41.75203],[1.70179,41.74996],[1.70336,41.74645],[1.70367,41.74402],[1.70574,41.74168],[1.70738,41.7408],[1.70889,41.73875],[1.71051,41.74087],[1.7177,41.73996],[1.71855,41.73942],[1.71876,41.73843],[1.7223,41.73827],[1.72501,41.73693],[1.72484,41.73534],[1.72572,41.73407],[1.72928,41.7341],[1.73213,41.73549],[1.73609,41.73581],[1.74262,41.73482],[1.74317,41.73643],[1.74413,41.73757],[1.74658,41.73791],[1.75109,41.73976],[1.75446,41.74043],[1.75481,41.74181],[1.75745,41.74338],[1.75997,41.74253],[1.76412,41.74267],[1.76893,41.74353],[1.77634,41.71623],[1.77385,41.71391],[1.77712,41.71135],[1.7766,41.71049],[1.77411,41.71058],[1.7723,41.71006],[1.77045,41.71022],[1.76732,41.70979],[1.76652,41.71004],[1.76486,41.70907],[1.75689,41.70628],[1.75285,41.70377],[1.74797,41.70278],[1.74065,41.69795],[1.73604,41.69639],[1.73416,41.69437],[1.72735,41.6949],[1.72804,41.69864],[1.72647,41.6987],[1.72464,41.69783],[1.72178,41.69786],[1.72084,41.69713],[1.71732,41.69667],[1.71257,41.69537],[1.70382,41.69656],[1.7028,41.69573],[1.70212,41.69433],[1.69802,41.69234],[1.69714,41.69224],[1.69352,41.68991],[1.68639,41.68769],[1.68229,41.69074],[1.68201,41.69279],[1.67743,41.69159],[1.67717,41.69266],[1.67661,41.6932],[1.67466,41.69417],[1.6734,41.69539],[1.67311,41.69662],[1.67214,41.69782],[1.67221,41.69971],[1.67138,41.70018],[1.66929,41.70021],[1.66831,41.70067],[1.66802,41.70406],[1.66698,41.70656],[1.66502,41.70857],[1.66443,41.7099],[1.66511,41.71038],[1.66447,41.71297],[1.66607,41.71709],[1.66648,41.71928],[1.6678,41.72015],[1.66709,41.72079],[1.66609,41.72306],[1.66609,41.72532],[1.66569,41.72617],[1.66614,41.72801],[1.66594,41.72903],[1.66479,41.73026],[1.66982,41.73325],[1.67101,41.73209],[1.67322,41.73193],[1.67385,41.73233],[1.67382,41.73301],[1.67291,41.73343]]]]}},{"type":"Feature","properties":{"cp":"08259","municipio":"Fonollosa"},"geometry":{"type":"MultiPolygon","coordinates":[[[[1.69902,41.79268],[1.69957,41.79084],[1.70004,41.7904],[1.70196,41.79178],[1.71221,41.78616],[1.71585,41.78178],[1.72017,41.78078],[1.72815,41.78091],[1.73709,41.78049],[1.74291,41.78261],[1.76224,41.7853],[1.76985,41.78336],[1.76543,41.77852],[1.76688,41.77837],[1.76822,41.77711],[1.77032,41.77795],[1.7705,41.77648],[1.77011,41.77413],[1.76816,41.76738],[1.77417,41.76668],[1.77465,41.7656],[1.77644,41.76375],[1.7771,41.76207],[1.78406,41.75705],[1.78544,41.75753],[1.78897,41.75723],[1.78954,41.75288],[1.77921,41.74126],[1.77604,41.74185],[1.77381,41.74288],[1.76893,41.74353],[1.76412,41.74267],[1.75997,41.74253],[1.75745,41.74338],[1.75481,41.74181],[1.75446,41.74043],[1.75109,41.73976],[1.74658,41.73791],[1.74413,41.73757],[1.74317,41.73643],[1.74262,41.73482],[1.73609,41.73581],[1.73213,41.73549],[1.72928,41.7341],[1.72572,41.73407],[1.72484,41.73534],[1.72501,41.73693],[1.7223,41.73827],[1.71876,41.73843],[1.71855,41.73942],[1.7177,41.73996],[1.71051,41.74087],[1.70889,41.73875],[1.70738,41.7408],[1.70574,41.74168],[1.70367,41.74402],[1.70336,41.74645],[1.70179,41.74996],[1.69612,41.75203],[1.69423,41.75066],[1.68994,41.74872],[1.68654,41.75029],[1.68599,41.75021],[1.68486,41.75127],[1.67987,41.74819],[1.67924,41.74859],[1.67799,41.74792],[1.67629,41.74868],[1.6741,41.75132],[1.66994,41.75416],[1.66901,41.75436],[1.66623,41.75407],[1.66231,41.75281],[1.65899,41.75286],[1.65798,41.75235],[1.65623,41.75223],[1.65323,41.75217],[1.65145,41.75253],[1.64848,41.75132],[1.64645,41.75141],[1.64471,41.75237],[1.64393,41.75344],[1.64095,41.75482],[1.64025,41.75643],[1.63719,41.75804],[1.63502,41.7582],[1.63399,41.76122],[1.63057,41.76391],[1.62928,41.76609],[1.63789,41.77017],[1.6432,41.77012],[1.64354,41.77364],[1.65315,41.77698],[1.6623,41.77861],[1.67184,41.77857],[1.67182,41.77929],[1.66985,41.78102],[1.66926,41.7821],[1.67039,41.78523],[1.66979,41.786],[1.6694,41.78993],[1.66397,41.79182],[1.66185,41.79196],[1.66061,41.7928],[1.66048,41.79382],[1.65896,41.79537],[1.6602,41.80099],[1.66163,41.8],[1.66522,41.7999],[1.67177,41.79644],[1.67442,41.79376],[1.68191,41.79183],[1.68338,41.79352],[1.68695,41.79414],[1.68785,41.79519],[1.68649,41.79756],[1.68643,41.80008],[1.68534,41.80158],[1.68928,41.80349],[1.69636,41.79732],[1.69715,41.79721],[1.69914,41.79364],[1.69902,41.79268]]]]}},{"type":"Feature","properties":{"cp":"08260","municipio":"Súria"},"geometry":{"type":"MultiPolygon","coordinates":[[[[1.78236,41.85392],[1.78207,41.85354],[1.78246,41.85295],[1.78177,41.85202],[1.7819,41.85152],[1.78275,41.85062],[1.78259,41.84906],[1.78423,41.84711],[1.78367,41.8468],[1.78121,41.84717],[1.78214,41.84504],[1.78502,41.84445],[1.78719,41.84307],[1.78813,41.84289],[1.79502,41.84378],[1.79711,41.84339],[1.79627,41.84164],[1.79696,41.84171],[1.79624,41.84003],[1.79472,41.83946],[1.79285,41.83772],[1.791,41.83763],[1.79318,41.83256],[1.79312,41.83144],[1.79156,41.82534],[1.79033,41.82385],[1.78998,41.82202],[1.79016,41.81922],[1.78957,41.81615],[1.78178,41.81237],[1.7798,41.81206],[1.77881,41.81237],[1.77776,41.81198],[1.77436,41.80802],[1.76798,41.80441],[1.76303,41.80301],[1.76071,41.80733],[1.7546,41.80777],[1.74305,41.81737],[1.73861,41.81945],[1.73785,41.82054],[1.73334,41.82355],[1.73625,41.82366],[1.74147,41.83564],[1.74079,41.83641],[1.73522,41.83808],[1.73724,41.84074],[1.73603,41.84905],[1.73895,41.85082],[1.74237,41.856],[1.74051,41.85947],[1.74381,41.85984],[1.7521,41.8637],[1.75351,41.86168],[1.77134,41.86392],[1.77287,41.86292],[1.77476,41.8596],[1.78033,41.85943],[1.78058,41.8559],[1.7826,41.8546],[1.78236,41.85392]]],[[[1.81989,41.8683],[1.80504,41.83031],[1.79774,41.82454],[1.79694,41.82532],[1.79548,41.82508],[1.79565,41.82754],[1.79417,41.8296],[1.79407,41.83199],[1.79262,41.83338],[1.79262,41.83418],[1.791,41.83763],[1.79285,41.83772],[1.79472,41.83946],[1.79624,41.84003],[1.79696,41.84171],[1.79627,41.84164],[1.79711,41.84339],[1.79502,41.84378],[1.78813,41.84289],[1.78719,41.84307],[1.78502,41.84445],[1.78214,41.84504],[1.78121,41.84717],[1.78367,41.8468],[1.78423,41.84711],[1.78259,41.84906],[1.78275,41.85062],[1.78177,41.85202],[1.78246,41.85295],[1.78207,41.85354],[1.78236,41.85392],[1.78532,41.85319],[1.78535,41.8581],[1.78743,41.85966],[1.78864,41.86157],[1.797,41.86212],[1.79926,41.86289],[1.79789,41.86501],[1.79498,41.86747],[1.80965,41.87464],[1.81258,41.87564],[1.81989,41.8683]]]]}},{"type":"Feature","properties":{"cp":"08261","municipio":"Cardona"},"geometry":{"type":"MultiPolygon","coordinates":[[[[1.61833,41.8791],[1.61912,41.88153],[1.61678,41.88069],[1.61553,41.88064],[1.61467,41.88008],[1.61309,41.88053],[1.61164,41.88031],[1.61049,41.88084],[1.60933,41.88207],[1.60793,41.88239],[1.60588,41.88407],[1.60267,41.88248],[1.60174,41.88423],[1.60016,41.88295],[1.59753,41.88224],[1.59582,41.881],[1.59209,41.87929],[1.59137,41.87763],[1.58907,41.87718],[1.58649,41.87496],[1.5834,41.87336],[1.58132,41.8752],[1.56893,41.88001],[1.57273,41.88448],[1.57637,41.8916],[1.58283,41.89291],[1.58469,41.89076],[1.58345,41.88845],[1.58688,41.88856],[1.58936,41.89123],[1.59494,41.89606],[1.59713,41.89937],[1.60016,41.90265],[1.6005,41.90459],[1.60202,41.9026],[1.60456,41.90218],[1.60516,41.90146],[1.61592,41.906],[1.61574,41.90742],[1.61736,41.9085],[1.61709,41.91001],[1.62002,41.91271],[1.62276,41.91337],[1.62227,41.91549],[1.62595,41.9166],[1.62578,41.91734],[1.63247,41.92083],[1.63428,41.92404],[1.63825,41.9272],[1.64199,41.92787],[1.64205,41.92898],[1.64323,41.92912],[1.65,41.92665],[1.653,41.9288],[1.64954,41.93388],[1.6427,41.94048],[1.6447,41.94382],[1.65042,41.9448],[1.65038,41.94671],[1.64901,41.94944],[1.64865,41.95209],[1.6474,41.95288],[1.64734,41.95351],[1.64838,41.95428],[1.6484,41.95567],[1.64898,41.95632],[1.65144,41.9576],[1.65482,41.95784],[1.65836,41.96085],[1.66073,41.96193],[1.66244,41.96239],[1.66465,41.96209],[1.66664,41.95978],[1.66805,41.95925],[1.66883,41.95776],[1.66997,41.95788],[1.67133,41.95747],[1.67042,41.95446],[1.67067,41.95348],[1.67198,41.95194],[1.67442,41.95056],[1.67434,41.94734],[1.67752,41.94757],[1.67858,41.9473],[1.67932,41.94488],[1.67829,41.94258],[1.68302,41.94006],[1.68598,41.93729],[1.68732,41.93731],[1.68828,41.93874],[1.70272,41.93928],[1.70871,41.94137],[1.71682,41.9435],[1.71671,41.94198],[1.71739,41.94133],[1.71909,41.9378],[1.71987,41.93733],[1.71934,41.93577],[1.72018,41.93228],[1.71942,41.93208],[1.71954,41.93148],[1.72198,41.93042],[1.72459,41.9238],[1.72032,41.91635],[1.71747,41.90435],[1.71807,41.9017],[1.71756,41.89826],[1.71882,41.89611],[1.71994,41.89537],[1.71921,41.89357],[1.71827,41.89288],[1.71647,41.89221],[1.71428,41.89235],[1.71366,41.89273],[1.71265,41.89512],[1.7117,41.89622],[1.71046,41.897],[1.70872,41.89685],[1.70818,41.89581],[1.70839,41.89467],[1.71177,41.89106],[1.71109,41.89039],[1.71111,41.88945],[1.7097,41.8888],[1.7077,41.8891],[1.70778,41.89011],[1.70683,41.89022],[1.70597,41.88939],[1.70615,41.88898],[1.70345,41.89137],[1.70217,41.89018],[1.69963,41.89008],[1.69785,41.88911],[1.69497,41.88838],[1.6941,41.88858],[1.69179,41.88749],[1.69221,41.88664],[1.6916,41.88634],[1.68934,41.88227],[1.68507,41.87842],[1.68407,41.87687],[1.66865,41.86842],[1.66783,41.86885],[1.66608,41.86848],[1.66216,41.86857],[1.65798,41.86772],[1.65619,41.86844],[1.65575,41.86948],[1.65189,41.86926],[1.64755,41.86959],[1.64077,41.87161],[1.6371,41.86995],[1.62766,41.86951],[1.6256,41.8691],[1.62264,41.87071],[1.62102,41.8731],[1.62154,41.87379],[1.62136,41.87465],[1.61866,41.87754],[1.61833,41.8791]]]]}},{"type":"Feature","properties":{"cp":"08262","municipio":"Callús"},"geometry":{"type":"MultiPolygon","coordinates":[[[[1.79774,41.82454],[1.7987,41.82329],[1.79877,41.82228],[1.79963,41.82085],[1.80238,41.8175],[1.80234,41.816],[1.80313,41.81524],[1.80296,41.81429],[1.80213,41.81351],[1.80289,41.8112],[1.80247,41.80893],[1.80354,41.80476],[1.80219,41.80202],[1.80314,41.80043],[1.80159,41.79761],[1.80118,41.79593],[1.8027,41.79407],[1.80197,41.79322],[1.80185,41.79181],[1.79989,41.79032],[1.79977,41.7877],[1.80028,41.78627],[1.79794,41.78564],[1.79701,41.78384],[1.7961,41.78009],[1.79548,41.77945],[1.79462,41.7796],[1.79412,41.7811],[1.79133,41.77873],[1.79122,41.78028],[1.7905,41.7814],[1.7895,41.78147],[1.78879,41.78116],[1.78868,41.78044],[1.7875,41.77961],[1.78698,41.77735],[1.78635,41.77731],[1.78624,41.77861],[1.78581,41.77915],[1.78435,41.77822],[1.78356,41.77645],[1.78069,41.77733],[1.77962,41.77824],[1.77935,41.77969],[1.7808,41.78213],[1.77922,41.78302],[1.77688,41.78538],[1.77603,41.78574],[1.77329,41.78561],[1.77302,41.78506],[1.77416,41.7845],[1.77208,41.7838],[1.76766,41.78645],[1.7669,41.7896],[1.76422,41.79181],[1.7633,41.79319],[1.76329,41.79399],[1.76038,41.79603],[1.75554,41.80029],[1.75335,41.8013],[1.75038,41.80156],[1.75064,41.80255],[1.75021,41.80359],[1.75093,41.80491],[1.75406,41.8069],[1.7546,41.80777],[1.76071,41.80733],[1.76303,41.80301],[1.76798,41.80441],[1.77436,41.80802],[1.77776,41.81198],[1.77881,41.81237],[1.7798,41.81206],[1.78178,41.81237],[1.78957,41.81615],[1.79016,41.81922],[1.78998,41.82202],[1.79033,41.82385],[1.79156,41.82534],[1.79318,41.83256],[1.79407,41.83199],[1.79417,41.8296],[1.79565,41.82754],[1.79548,41.82508],[1.79694,41.82532],[1.79774,41.82454]]]]}},{"type":"Feature","properties":{"cp":"08263","municipio":"Sant Mateu de Bages"},"geometry":{"type":"MultiPolygon","coordinates":[[[[1.73831,41.82856],[1.73625,41.82366],[1.73334,41.82355],[1.73785,41.82054],[1.73861,41.81945],[1.74305,41.81737],[1.75447,41.8081],[1.75406,41.8069],[1.75093,41.80491],[1.75021,41.80359],[1.75064,41.80255],[1.75038,41.80156],[1.75335,41.8013],[1.75638,41.79979],[1.76038,41.79603],[1.76329,41.79399],[1.7633,41.79319],[1.76422,41.79181],[1.7669,41.7896],[1.76766,41.78645],[1.7721,41.78381],[1.76983,41.78336],[1.76224,41.7853],[1.74291,41.78261],[1.73606,41.78041],[1.72815,41.78091],[1.72017,41.78078],[1.71585,41.78178],[1.71221,41.78616],[1.70507,41.79015],[1.70196,41.79178],[1.70004,41.7904],[1.69957,41.79084],[1.69902,41.79268],[1.69914,41.79364],[1.69715,41.79721],[1.69636,41.79732],[1.68928,41.80349],[1.68534,41.80158],[1.68643,41.80008],[1.68649,41.79756],[1.68785,41.79519],[1.68695,41.79414],[1.68338,41.79352],[1.68191,41.79183],[1.67442,41.79376],[1.67177,41.79644],[1.66522,41.7999],[1.66163,41.8],[1.6602,41.80099],[1.65896,41.79537],[1.66048,41.79382],[1.66061,41.7928],[1.66185,41.79196],[1.66397,41.79182],[1.6694,41.78993],[1.66979,41.786],[1.67039,41.78523],[1.66926,41.7821],[1.66985,41.78102],[1.67182,41.77929],[1.67184,41.77857],[1.6623,41.77861],[1.65315,41.77698],[1.64354,41.77364],[1.6432,41.77012],[1.63789,41.77017],[1.62928,41.76609],[1.62751,41.76725],[1.62258,41.76797],[1.62083,41.76865],[1.61246,41.76882],[1.60988,41.76851],[1.60767,41.77056],[1.60747,41.77014],[1.60815,41.76721],[1.60745,41.76623],[1.6032,41.7649],[1.59488,41.76471],[1.59289,41.76938],[1.58905,41.76956],[1.58468,41.77125],[1.58384,41.77219],[1.58403,41.77286],[1.58276,41.77343],[1.58248,41.77479],[1.58138,41.77553],[1.59359,41.77793],[1.59216,41.78074],[1.59983,41.78903],[1.59704,41.79131],[1.59591,41.79419],[1.59797,41.79398],[1.59711,41.79649],[1.59497,41.79649],[1.59444,41.79711],[1.59403,41.79881],[1.59445,41.79985],[1.59312,41.80041],[1.59307,41.80078],[1.59393,41.80185],[1.59209,41.80208],[1.589,41.80398],[1.58881,41.80472],[1.59325,41.81199],[1.60241,41.81362],[1.61146,41.81777],[1.61388,41.82581],[1.66425,41.8197],[1.73831,41.82856]]]]}},{"type":"Feature","properties":{"cp":"08269","municipio":"Navàs"},"geometry":{"type":"MultiPolygon","coordinates":[[[[1.7522,41.88517],[1.76297,41.86287],[1.75351,41.86168],[1.7521,41.8637],[1.74381,41.85984],[1.74051,41.85947],[1.74237,41.856],[1.73934,41.85166],[1.73732,41.8542],[1.73506,41.85372],[1.72948,41.84969],[1.72549,41.84822],[1.72187,41.8486],[1.72113,41.84802],[1.72103,41.84608],[1.71747,41.84554],[1.7172,41.84468],[1.71654,41.84492],[1.71566,41.84778],[1.71427,41.84824],[1.71177,41.85088],[1.70942,41.85265],[1.70553,41.85239],[1.70178,41.85286],[1.69772,41.85243],[1.69463,41.85056],[1.69011,41.85191],[1.68441,41.85533],[1.68529,41.85789],[1.66864,41.86842],[1.68407,41.87687],[1.68507,41.87842],[1.68934,41.88227],[1.6916,41.88634],[1.69221,41.88664],[1.69179,41.88749],[1.6941,41.88858],[1.69497,41.88838],[1.69785,41.88911],[1.69963,41.89008],[1.70217,41.89018],[1.70345,41.89137],[1.70495,41.88975],[1.70597,41.88939],[1.70624,41.88876],[1.71558,41.88585],[1.71875,41.8824],[1.72378,41.89108],[1.7522,41.88517]]],[[[1.73831,41.82856],[1.66425,41.8197],[1.61388,41.82581],[1.61544,41.8303],[1.61179,41.83349],[1.61146,41.83455],[1.61001,41.83612],[1.6108,41.83691],[1.61184,41.83719],[1.61201,41.8383],[1.61503,41.84029],[1.61933,41.84182],[1.62238,41.84108],[1.62396,41.84129],[1.63146,41.84471],[1.62646,41.84862],[1.63031,41.85878],[1.62809,41.86014],[1.6256,41.8691],[1.62766,41.86951],[1.6371,41.86995],[1.64077,41.87161],[1.64755,41.86959],[1.65189,41.86926],[1.65575,41.86948],[1.65619,41.86844],[1.65798,41.86772],[1.66216,41.86857],[1.66608,41.86848],[1.66783,41.86885],[1.68529,41.85789],[1.68441,41.85533],[1.69011,41.85191],[1.69463,41.85056],[1.69772,41.85243],[1.70178,41.85286],[1.70553,41.85239],[1.70942,41.85265],[1.71177,41.85088],[1.71427,41.84824],[1.71566,41.84778],[1.71654,41.84492],[1.7172,41.84468],[1.71747,41.84554],[1.72103,41.84608],[1.72113,41.84802],[1.72187,41.8486],[1.72549,41.84822],[1.72948,41.84969],[1.73506,41.85372],[1.73732,41.8542],[1.73934,41.85166],[1.73895,41.85082],[1.73603,41.84905],[1.73724,41.84074],[1.73522,41.83808],[1.74079,41.83641],[1.74147,41.83564],[1.73831,41.82856]]]]}},{"type":"Feature","properties":{"cp":"08270","municipio":"Navarcles"},"geometry":{"type":"MultiPolygon","coordinates":[[[[1.91257,41.73953],[1.91052,41.73964],[1.90938,41.74087],[1.90599,41.74214],[1.90358,41.74234],[1.902,41.74293],[1.90191,41.74336],[1.9044,41.74558],[1.90359,41.74673],[1.89508,41.74855],[1.89341,41.75028],[1.89318,41.7525],[1.89353,41.75411],[1.89952,41.75711],[1.90607,41.76476],[1.90615,41.76773],[1.9044,41.77075],[1.90442,41.77197],[1.90369,41.77392],[1.9112,41.77456],[1.91214,41.77381],[1.91275,41.7715],[1.91227,41.77098],[1.91313,41.77058],[1.91684,41.77056],[1.9174,41.76976],[1.9169,41.76629],[1.91699,41.7634],[1.91801,41.76125],[1.9157,41.76067],[1.91517,41.76018],[1.91587,41.75958],[1.91582,41.75793],[1.91622,41.75691],[1.91701,41.75672],[1.91858,41.75888],[1.91965,41.75878],[1.91995,41.75822],[1.91941,41.75628],[1.92055,41.75486],[1.92101,41.75321],[1.92227,41.75267],[1.92383,41.75272],[1.92322,41.74989],[1.92486,41.74824],[1.92548,41.74663],[1.92759,41.74561],[1.92761,41.74504],[1.92483,41.7441],[1.9224,41.74418],[1.92001,41.7428],[1.91811,41.74271],[1.91674,41.74198],[1.91391,41.73929],[1.91257,41.73953]]]]}},{"type":"Feature","properties":{"cp":"08271","municipio":"Artés"},"geometry":{"type":"MultiPolygon","coordinates":[[[[1.90369,41.77392],[1.90407,41.77469],[1.90542,41.77565],[1.90538,41.77903],[1.90506,41.77959],[1.90548,41.78034],[1.91445,41.7863],[1.91816,41.78777],[1.92124,41.78837],[1.92191,41.79012],[1.92319,41.79114],[1.92302,41.79379],[1.9244,41.79456],[1.92628,41.79484],[1.92728,41.79559],[1.93055,41.79588],[1.93558,41.79951],[1.93582,41.80098],[1.93372,41.80235],[1.93287,41.80497],[1.93354,41.80688],[1.93799,41.80877],[1.94207,41.80813],[1.94511,41.80979],[1.94814,41.81037],[1.95246,41.81057],[1.95915,41.81321],[1.95992,41.81435],[1.96257,41.81533],[1.96355,41.81481],[1.96639,41.8148],[1.96635,41.81386],[1.96801,41.81347],[1.96909,41.81484],[1.97037,41.81271],[1.97531,41.81105],[1.97925,41.81191],[1.98154,41.81296],[1.98864,41.80614],[1.99147,41.80594],[1.99249,41.80454],[1.99385,41.8052],[1.99521,41.80487],[1.99847,41.80673],[2.00319,41.80717],[2.00609,41.808],[2.01011,41.80475],[2.01308,41.80337],[2.01871,41.80156],[2.00193,41.79763],[2.00091,41.79693],[1.9878,41.79467],[1.97813,41.79241],[1.96872,41.78807],[1.96686,41.78799],[1.96392,41.78692],[1.95493,41.7827],[1.95428,41.78188],[1.93517,41.78084],[1.92591,41.77778],[1.90369,41.77392]]]]}},{"type":"Feature","properties":{"cp":"08272","municipio":"Sant Fruitós de Bages"},"geometry":{"type":"MultiPolygon","coordinates":[[[[1.902,41.74293],[1.89691,41.73825],[1.89497,41.73794],[1.89104,41.73879],[1.88668,41.7369],[1.8829,41.73429],[1.8792,41.73023],[1.87683,41.72969],[1.87637,41.73018],[1.87394,41.72992],[1.8727,41.73036],[1.87081,41.7299],[1.87077,41.72923],[1.87176,41.72739],[1.87609,41.72488],[1.87704,41.72348],[1.87552,41.72257],[1.87232,41.72214],[1.86867,41.72067],[1.86843,41.72103],[1.86981,41.72376],[1.86855,41.72575],[1.86656,41.72642],[1.86643,41.72716],[1.86361,41.73016],[1.86277,41.7322],[1.86376,41.7329],[1.86578,41.73695],[1.86516,41.73824],[1.86394,41.73895],[1.85871,41.73909],[1.85651,41.73844],[1.85292,41.74144],[1.85063,41.74183],[1.8495,41.74615],[1.84495,41.74945],[1.84058,41.74995],[1.84043,41.74925],[1.83951,41.74919],[1.83906,41.75004],[1.83897,41.75184],[1.83843,41.75251],[1.83489,41.75348],[1.82946,41.75815],[1.82854,41.76395],[1.83747,41.76319],[1.84869,41.76755],[1.85712,41.76581],[1.86047,41.77277],[1.86112,41.77722],[1.86537,41.78371],[1.8667,41.78225],[1.90442,41.77197],[1.9044,41.77075],[1.90615,41.76773],[1.90607,41.76476],[1.89952,41.75711],[1.89353,41.75411],[1.89318,41.7525],[1.8935,41.75005],[1.89508,41.74855],[1.90359,41.74673],[1.9044,41.74558],[1.90191,41.74336],[1.902,41.74293]]]]}},{"type":"Feature","properties":{"cp":"08273","municipio":"Santa Maria d'Oló"},"geometry":{"type":"MultiPolygon","coordinates":[[[[2.01513,41.87299],[2.01558,41.87311],[2.01389,41.87516],[2.01309,41.8753],[2.01072,41.8789],[2.00133,41.88241],[2.00391,41.88366],[2.00524,41.88368],[2.00711,41.88291],[2.00931,41.88336],[2.01415,41.8851],[2.01271,41.88812],[2.01447,41.89542],[2.01454,41.89976],[2.01171,41.90268],[2.00992,41.90615],[2.0123,41.91205],[2.0216,41.91119],[2.02691,41.90829],[2.02839,41.90523],[2.03357,41.90185],[2.04078,41.90292],[2.04679,41.89764],[2.05262,41.89967],[2.05692,41.89979],[2.05879,41.89944],[2.06336,41.90006],[2.06397,41.90045],[2.06381,41.90143],[2.06452,41.90183],[2.07382,41.90014],[2.08194,41.90616],[2.09135,41.90908],[2.09169,41.90461],[2.09707,41.9035],[2.10584,41.90343],[2.11454,41.90689],[2.12048,41.9079],[2.13101,41.9104],[2.13477,41.91324],[2.13519,41.91455],[2.13732,41.91265],[2.13916,41.91001],[2.13922,41.90791],[2.13991,41.90684],[2.13962,41.90627],[2.14149,41.90519],[2.14171,41.90323],[2.14381,41.90134],[2.14291,41.90017],[2.13988,41.89996],[2.14095,41.89884],[2.13971,41.89291],[2.13936,41.88847],[2.13394,41.88563],[2.12305,41.88524],[2.11825,41.88283],[2.10731,41.88621],[2.09929,41.88944],[2.09237,41.88452],[2.0939,41.87931],[2.08696,41.87713],[2.08603,41.87464],[2.08637,41.8732],[2.08484,41.87097],[2.08444,41.86896],[2.08203,41.86417],[2.08044,41.86325],[2.08084,41.86251],[2.07897,41.86236],[2.07836,41.86165],[2.07699,41.862],[2.07598,41.86101],[2.07356,41.86066],[2.0731,41.85964],[2.07224,41.85901],[2.07257,41.85801],[2.07173,41.85783],[2.07046,41.85847],[2.07003,41.85728],[2.06844,41.85692],[2.06815,41.85611],[2.06687,41.85533],[2.06585,41.85521],[2.06557,41.8545],[2.06484,41.85425],[2.06436,41.8535],[2.06353,41.85347],[2.06344,41.8527],[2.06226,41.85243],[2.06228,41.85082],[2.06074,41.85029],[2.05819,41.84585],[2.0594,41.84552],[2.05871,41.84433],[2.05681,41.84266],[2.05624,41.8428],[2.0561,41.84329],[2.05558,41.8431],[2.05557,41.84154],[2.05476,41.84022],[2.05248,41.83819],[2.05248,41.83724],[2.05337,41.83639],[2.05126,41.83499],[2.05117,41.83445],[2.05221,41.83339],[2.05196,41.83196],[2.05124,41.83177],[2.05114,41.83039],[2.05051,41.83052],[2.04988,41.82907],[2.04957,41.82677],[2.04842,41.82585],[2.04834,41.82457],[2.04791,41.82425],[2.04888,41.82334],[2.04782,41.82214],[2.0478,41.82033],[2.04534,41.81737],[2.04559,41.81686],[2.04051,41.81634],[2.04008,41.81585],[2.04029,41.81511],[2.03715,41.81493],[2.03754,41.81406],[2.03564,41.81417],[2.03335,41.81327],[2.03112,41.81378],[2.02926,41.81481],[2.02743,41.81712],[2.02601,41.82045],[2.02181,41.82045],[2.01985,41.82307],[2.01545,41.82384],[2.01132,41.82179],[2.00363,41.83012],[2.00475,41.832],[2.00316,41.83287],[1.9964,41.83551],[1.98664,41.83629],[1.976,41.83803],[1.97681,41.84025],[1.97404,41.84143],[1.97506,41.84798],[1.98376,41.85545],[1.98686,41.85462],[1.98779,41.85514],[1.98828,41.85624],[1.98924,41.85709],[1.99329,41.85801],[2.00131,41.86529],[2.00269,41.86538],[2.00388,41.8673],[2.00482,41.86773],[2.00548,41.86862],[2.00841,41.86958],[2.01172,41.8713],[2.01334,41.87265],[2.01513,41.87299]]]]}},{"type":"Feature","properties":{"cp":"08274","municipio":"Sant Feliu Sasserra"},"geometry":{"type":"MultiPolygon","coordinates":[[[[2.04257,41.90227],[2.04078,41.90292],[2.03357,41.90185],[2.02839,41.90523],[2.02691,41.90829],[2.0216,41.91119],[2.0123,41.91205],[2.01203,41.9128],[2.01254,41.91396],[2.01124,41.91592],[2.00583,41.91515],[2.00364,41.91575],[2.00268,41.91663],[2.00742,41.92749],[2.00347,41.92826],[1.99682,41.92339],[1.99322,41.92139],[1.99191,41.92331],[1.98558,41.92385],[1.98287,41.92578],[1.97731,41.92863],[1.97174,41.93084],[1.97173,41.93382],[1.97052,41.93698],[1.9747,41.93822],[1.97586,41.94031],[1.97476,41.94158],[1.97613,41.943],[1.97573,41.94395],[1.977,41.95501],[1.97871,41.95378],[1.99634,41.96143],[1.99137,41.96677],[1.9859,41.96969],[1.99854,41.97024],[2.00122,41.96673],[2.00491,41.96477],[2.01465,41.96631],[2.01696,41.96614],[2.01989,41.96545],[2.02454,41.9635],[2.0327,41.9609],[2.03286,41.96068],[2.03167,41.95938],[2.03245,41.95868],[2.0309,41.9576],[2.03124,41.95693],[2.02703,41.95043],[2.02843,41.94907],[2.02776,41.94281],[2.02559,41.94111],[2.02351,41.94151],[2.0252,41.93774],[2.02646,41.93706],[2.03009,41.93227],[2.02926,41.93046],[2.02937,41.92975],[2.03092,41.92584],[2.03383,41.92072],[2.03417,41.91613],[2.03464,41.91568],[2.03501,41.91277],[2.03556,41.91171],[2.03718,41.91146],[2.03953,41.91012],[2.04099,41.90983],[2.04215,41.90805],[2.04309,41.90739],[2.04437,41.9073],[2.04658,41.90853],[2.04777,41.90783],[2.04396,41.90351],[2.04444,41.90054],[2.04257,41.90227]],[[2.01944,41.94309],[2.01851,41.94458],[2.01694,41.94313],[2.01505,41.94277],[2.01441,41.94147],[2.01366,41.94168],[2.01106,41.93874],[2.01445,41.93565],[2.01771,41.93625],[2.01903,41.93804],[2.02253,41.93778],[2.01861,41.93982],[2.01944,41.94309]]]]}},{"type":"Feature","properties":{"cp":"08275","municipio":"Monistrol de Calders"},"geometry":{"type":"MultiPolygon","coordinates":[[[[1.99387,41.76147],[2.00062,41.76094],[2.00052,41.76493],[2.00098,41.76914],[1.99997,41.77202],[1.99899,41.77236],[1.99839,41.77325],[2.00185,41.77653],[2.00456,41.77643],[2.00545,41.7769],[2.00656,41.77573],[2.00887,41.77671],[2.00858,41.77919],[2.00615,41.77835],[2.00611,41.77863],[2.00818,41.77973],[2.00907,41.78001],[2.01227,41.77983],[2.01737,41.78113],[2.01995,41.77879],[2.02482,41.77855],[2.0238,41.77998],[2.02477,41.78119],[2.02531,41.78609],[2.02811,41.79001],[2.033,41.78949],[2.0341,41.7903],[2.04117,41.78448],[2.04455,41.77927],[2.04527,41.77089],[2.04235,41.76603],[2.05347,41.76077],[2.04839,41.75918],[2.04363,41.75669],[2.04621,41.74924],[2.04503,41.74908],[2.04365,41.74801],[2.0426,41.74624],[2.03742,41.74352],[2.03794,41.74203],[2.03717,41.74137],[2.03473,41.73679],[2.03182,41.736],[2.02854,41.73574],[2.02599,41.73217],[2.02651,41.72676],[2.01468,41.7245],[2.01498,41.72592],[2.01439,41.7275],[2.01332,41.72765],[2.01126,41.73006],[2.00384,41.72871],[2.00452,41.73292],[2.00382,41.73376],[2.00386,41.73454],[2.00216,41.73593],[2.00203,41.73886],[2.00153,41.74033],[2.00245,41.742],[2.0013,41.74272],[2.00217,41.74348],[1.9968,41.7441],[1.98947,41.75024],[1.97925,41.75292],[1.97997,41.7541],[1.98296,41.75296],[1.98557,41.75395],[1.9868,41.75358],[1.98717,41.75287],[1.99078,41.75453],[1.9895,41.75552],[1.98987,41.75708],[1.98919,41.75875],[1.98994,41.76172],[1.99098,41.76174],[1.99204,41.7612],[1.99387,41.76147]]],[[[2.02477,41.78119],[2.0238,41.77998],[2.02482,41.77855],[2.01995,41.77879],[2.01737,41.78113],[2.01227,41.77983],[2.00907,41.78001],[2.00818,41.77973],[2.00611,41.77863],[2.00615,41.77835],[2.00858,41.77919],[2.00887,41.77671],[2.00656,41.77573],[2.00545,41.7769],[2.00456,41.77643],[2.00185,41.77653],[1.99839,41.77325],[1.99899,41.77236],[1.99997,41.77202],[2.00098,41.76914],[2.00052,41.76493],[2.00062,41.76094],[1.99387,41.76147],[1.99204,41.7612],[1.99098,41.76174],[1.98994,41.76172],[1.98919,41.75875],[1.98987,41.75708],[1.9895,41.75552],[1.99078,41.75453],[1.98717,41.75287],[1.9868,41.75358],[1.98557,41.75395],[1.98296,41.75296],[1.97997,41.7541],[1.97925,41.75292],[1.97672,41.75229],[1.97242,41.75299],[1.97103,41.75229],[1.96816,41.7517],[1.96545,41.75195],[1.96499,41.75074],[1.9615,41.74935],[1.95895,41.74933],[1.95576,41.74724],[1.95285,41.74663],[1.94883,41.74662],[1.94605,41.74578],[1.9449,41.74616],[1.94217,41.74557],[1.93739,41.74556],[1.9361,41.74472],[1.93223,41.74413],[1.92905,41.74502],[1.92761,41.74504],[1.92741,41.74589],[1.92548,41.74663],[1.92486,41.74824],[1.92322,41.74989],[1.92383,41.75272],[1.9214,41.75285],[1.92055,41.75486],[1.91941,41.75628],[1.91995,41.75822],[1.91965,41.75878],[1.91858,41.75888],[1.91701,41.75672],[1.91622,41.75691],[1.91582,41.75793],[1.91587,41.75958],[1.91517,41.76018],[1.9157,41.76067],[1.91801,41.76125],[1.91699,41.7634],[1.9169,41.76629],[1.9174,41.76976],[1.91684,41.77056],[1.91313,41.77058],[1.91227,41.77098],[1.91275,41.7715],[1.91214,41.77381],[1.9112,41.77456],[1.90369,41.77392],[1.92591,41.77778],[1.93517,41.78084],[1.95428,41.78188],[1.95493,41.7827],[1.96392,41.78692],[1.96686,41.78799],[1.96872,41.78807],[1.97813,41.79241],[1.9878,41.79467],[2.00091,41.79693],[2.00193,41.79763],[2.02028,41.8021],[2.02736,41.80178],[2.03332,41.80009],[2.03441,41.79528],[2.03283,41.79438],[2.0341,41.7903],[2.04117,41.78448],[2.04194,41.78423],[2.04117,41.78448],[2.0341,41.7903],[2.033,41.78949],[2.02811,41.79001],[2.02531,41.78609],[2.02477,41.78119]]]]}},{"type":"Feature","properties":{"cp":"08278","municipio":"Mura"},"geometry":{"type":"MultiPolygon","coordinates":[[[[1.94846,41.64689],[1.94862,41.64866],[1.94822,41.64891],[1.94649,41.6486],[1.94378,41.64905],[1.94238,41.64858],[1.94084,41.64981],[1.94003,41.65239],[1.94213,41.6553],[1.94199,41.65607],[1.94124,41.65623],[1.9404,41.65777],[1.93685,41.65866],[1.93674,41.66132],[1.93621,41.66169],[1.93402,41.66308],[1.932,41.66318],[1.92967,41.66394],[1.92922,41.6644],[1.92873,41.66694],[1.92612,41.6672],[1.92593,41.66953],[1.92552,41.67007],[1.92213,41.67139],[1.92212,41.67194],[1.92284,41.6725],[1.92273,41.67296],[1.92124,41.67503],[1.91864,41.6768],[1.91794,41.67807],[1.91747,41.67821],[1.91529,41.677],[1.91392,41.67768],[1.91389,41.67892],[1.91347,41.67939],[1.91674,41.68288],[1.91765,41.68266],[1.919,41.68344],[1.9204,41.68209],[1.92255,41.68182],[1.92335,41.68274],[1.9245,41.68557],[1.92509,41.68587],[1.92628,41.68558],[1.92706,41.68479],[1.92801,41.68462],[1.93045,41.68511],[1.93428,41.68411],[1.93548,41.68465],[1.93671,41.68619],[1.93847,41.68633],[1.93865,41.68703],[1.94014,41.68797],[1.94273,41.68863],[1.94334,41.68933],[1.94586,41.69048],[1.94728,41.69032],[1.94943,41.69118],[1.9492,41.69351],[1.94758,41.69612],[1.94727,41.69805],[1.94756,41.69891],[1.94683,41.70031],[1.94628,41.7006],[1.94553,41.70569],[1.94614,41.70713],[1.94744,41.70774],[1.94931,41.71095],[1.95191,41.71139],[1.95485,41.71088],[1.9554,41.71311],[1.95669,41.71372],[1.95899,41.714],[1.96166,41.71282],[1.96438,41.71486],[1.96587,41.7144],[1.96898,41.71438],[1.97071,41.7138],[1.97129,41.71319],[1.97298,41.71281],[1.9763,41.7156],[1.98036,41.71612],[1.98156,41.71534],[1.98416,41.71511],[1.98536,41.71548],[1.98715,41.71486],[1.98896,41.71497],[1.98867,41.71339],[1.99204,41.71383],[1.99327,41.71591],[1.99327,41.71758],[1.99263,41.71827],[1.99381,41.71912],[1.99339,41.72012],[1.99579,41.72127],[1.99844,41.72131],[1.99895,41.72203],[2.00038,41.72276],[2.00272,41.72296],[2.00504,41.72536],[2.00537,41.72699],[2.00384,41.72871],[2.01126,41.73006],[2.01332,41.72765],[2.01439,41.7275],[2.01498,41.72592],[2.01468,41.7245],[2.01537,41.72399],[2.01528,41.72189],[2.01659,41.72018],[2.01613,41.71644],[2.01942,41.71311],[2.0196,41.71148],[2.02093,41.71021],[2.02076,41.70917],[2.02223,41.70769],[2.02012,41.70531],[2.02085,41.70413],[2.02148,41.70151],[2.02204,41.69896],[2.02169,41.69827],[2.02092,41.6979],[2.02033,41.69673],[2.01922,41.69631],[2.01793,41.69452],[2.01566,41.69411],[2.01302,41.69206],[2.01117,41.69188],[2.00951,41.69239],[2.00902,41.69115],[2.00925,41.68974],[2.00896,41.68868],[2.00953,41.68779],[2.00947,41.68632],[2.01004,41.68636],[2.01128,41.68275],[2.01207,41.68127],[2.01305,41.68047],[2.01194,41.67941],[2.01072,41.67893],[2.01052,41.67829],[2.00873,41.67866],[2.00693,41.67709],[2.00614,41.67807],[2.00458,41.67575],[2.00481,41.67429],[2.00662,41.67142],[2.00895,41.66992],[2.00953,41.66782],[2.01092,41.66573],[2.01059,41.66467],[2.01066,41.65914],[2.00998,41.65733],[2.00526,41.65467],[2.00263,41.6544],[2.0012,41.65499],[1.99954,41.65435],[1.99532,41.65533],[1.99425,41.65478],[1.98976,41.65429],[1.98245,41.64831],[1.97154,41.64882],[1.96159,41.64424],[1.95715,41.64648],[1.95551,41.6456],[1.95232,41.64645],[1.95067,41.64581],[1.94846,41.64689]]],[[[1.87731,41.72067],[1.87708,41.72111],[1.87752,41.72271],[1.87609,41.72488],[1.87176,41.72739],[1.87077,41.72923],[1.87081,41.7299],[1.8727,41.73036],[1.87394,41.72992],[1.87637,41.73018],[1.87683,41.72969],[1.8792,41.73023],[1.8829,41.73429],[1.88668,41.7369],[1.89104,41.73879],[1.89497,41.73794],[1.89691,41.73825],[1.902,41.74293],[1.90358,41.74234],[1.90599,41.74214],[1.90938,41.74087],[1.91052,41.73964],[1.91391,41.73929],[1.91674,41.74198],[1.91811,41.74271],[1.92001,41.7428],[1.9224,41.74418],[1.92483,41.7441],[1.92761,41.74504],[1.92905,41.74502],[1.93223,41.74413],[1.9361,41.74472],[1.93739,41.74556],[1.94217,41.74557],[1.9449,41.74616],[1.94605,41.74578],[1.94883,41.74662],[1.95285,41.74663],[1.95576,41.74724],[1.95895,41.74933],[1.9615,41.74935],[1.96499,41.75074],[1.96545,41.75195],[1.96816,41.7517],[1.97103,41.75229],[1.97242,41.75299],[1.97672,41.75229],[1.97925,41.75292],[1.98947,41.75024],[1.9968,41.7441],[2.00217,41.74348],[2.0013,41.74272],[2.00245,41.742],[2.00153,41.74033],[2.00203,41.73886],[2.00216,41.73593],[2.00386,41.73454],[2.00382,41.73376],[2.00452,41.73292],[2.00384,41.72871],[2.00537,41.72699],[2.00504,41.72536],[2.00272,41.72296],[2.00038,41.72276],[1.99895,41.72203],[1.99844,41.72131],[1.99579,41.72127],[1.99339,41.72012],[1.99381,41.71912],[1.99263,41.71827],[1.99327,41.71758],[1.99327,41.71591],[1.99204,41.71383],[1.98867,41.71339],[1.98896,41.71497],[1.98715,41.71486],[1.98536,41.71548],[1.98416,41.71511],[1.98156,41.71534],[1.98036,41.71612],[1.9763,41.7156],[1.97298,41.71281],[1.97129,41.71319],[1.97071,41.7138],[1.96898,41.71438],[1.96587,41.7144],[1.96438,41.71486],[1.96166,41.71282],[1.95899,41.714],[1.95669,41.71372],[1.9554,41.71311],[1.95485,41.71088],[1.95191,41.71139],[1.94963,41.7111],[1.94754,41.70991],[1.9421,41.70994],[1.94072,41.7086],[1.93971,41.7096],[1.93967,41.71125],[1.93689,41.71309],[1.93796,41.71454],[1.93995,41.71598],[1.941,41.71789],[1.93837,41.7213],[1.93463,41.7234],[1.9331,41.72356],[1.93222,41.72281],[1.93057,41.72001],[1.92574,41.71953],[1.92402,41.72097],[1.92373,41.72284],[1.92311,41.72345],[1.91924,41.72455],[1.91715,41.72446],[1.91429,41.726],[1.91048,41.72689],[1.90791,41.73087],[1.90667,41.73198],[1.90536,41.73236],[1.90433,41.7322],[1.9038,41.73152],[1.90397,41.73084],[1.90544,41.72929],[1.90622,41.72765],[1.90603,41.72722],[1.90467,41.72718],[1.89756,41.73241],[1.89539,41.73172],[1.89312,41.73263],[1.89233,41.73167],[1.89045,41.73066],[1.8903,41.73011],[1.89351,41.7286],[1.89382,41.72813],[1.89343,41.7273],[1.89381,41.72625],[1.89316,41.72494],[1.88879,41.72401],[1.88661,41.722],[1.88525,41.72126],[1.88375,41.72144],[1.88132,41.72264],[1.87887,41.72075],[1.87731,41.72067]]]]}},{"type":"Feature","properties":{"cp":"08279","municipio":"Avinyó"},"geometry":{"type":"MultiPolygon","coordinates":[[[[1.93818,41.83339],[1.9392,41.83425],[1.93865,41.83686],[1.93752,41.83884],[1.93671,41.84187],[1.93385,41.84361],[1.9315,41.84297],[1.92783,41.84428],[1.92499,41.84479],[1.92306,41.84636],[1.91992,41.84631],[1.91682,41.84688],[1.91411,41.84635],[1.91172,41.84708],[1.91081,41.84997],[1.91268,41.85743],[1.93041,41.86052],[1.93227,41.8656],[1.93726,41.86696],[1.93753,41.87024],[1.9409,41.87235],[1.94214,41.87596],[1.9436,41.8787],[1.94465,41.87981],[1.94509,41.88092],[1.94909,41.88463],[1.95029,41.88908],[1.9524,41.89011],[1.95705,41.8915],[1.95752,41.89291],[1.9573,41.8936],[1.96201,41.89389],[1.96188,41.89435],[1.96382,41.8945],[1.9631,41.90483],[1.961,41.90584],[1.9624,41.9063],[1.96578,41.90897],[1.97523,41.91154],[1.97525,41.91581],[1.97033,41.91829],[1.97054,41.91984],[1.97415,41.92001],[1.9841,41.91912],[1.98359,41.92198],[1.98558,41.92385],[1.99191,41.92331],[1.99322,41.92139],[1.99682,41.92339],[2.00347,41.92826],[2.00742,41.92749],[2.00268,41.91663],[2.00364,41.91575],[2.00583,41.91515],[2.01124,41.91592],[2.01254,41.91396],[2.01203,41.9128],[2.0123,41.91205],[2.00992,41.90615],[2.01171,41.90268],[2.01454,41.89976],[2.01447,41.89542],[2.01271,41.88812],[2.01415,41.8851],[2.00931,41.88336],[2.00711,41.88291],[2.00524,41.88368],[2.00391,41.88366],[2.00133,41.88241],[2.01072,41.8789],[2.01309,41.8753],[2.01389,41.87516],[2.01558,41.87311],[2.01334,41.87265],[2.01172,41.8713],[2.00841,41.86958],[2.00548,41.86862],[2.00482,41.86773],[2.00388,41.8673],[2.00269,41.86538],[2.00131,41.86529],[1.99329,41.85801],[1.98924,41.85709],[1.98828,41.85624],[1.98779,41.85514],[1.98686,41.85462],[1.98376,41.85545],[1.97506,41.84798],[1.97404,41.84143],[1.97681,41.84025],[1.976,41.83803],[1.98664,41.83629],[1.9964,41.83551],[2.00316,41.83287],[2.00475,41.832],[2.00363,41.83012],[2.01132,41.82179],[2.01545,41.82384],[2.01985,41.82307],[2.02181,41.82045],[2.02601,41.82045],[2.02743,41.81712],[2.02926,41.81481],[2.03112,41.81378],[2.03335,41.81327],[2.03315,41.81263],[2.03412,41.81028],[2.03824,41.80581],[2.02736,41.80178],[2.02028,41.8021],[2.01871,41.80156],[2.01308,41.80337],[2.01011,41.80475],[2.00609,41.808],[2.00319,41.80717],[1.99847,41.80673],[1.99521,41.80487],[1.99385,41.8052],[1.99249,41.80454],[1.99147,41.80594],[1.98864,41.80614],[1.98154,41.81296],[1.97925,41.81191],[1.97531,41.81105],[1.97037,41.81271],[1.96909,41.81484],[1.96801,41.81347],[1.96635,41.81386],[1.96639,41.8148],[1.96355,41.81481],[1.96257,41.81533],[1.95992,41.81435],[1.95915,41.81321],[1.95844,41.81301],[1.95775,41.81429],[1.95499,41.81614],[1.95518,41.81703],[1.95465,41.81782],[1.95493,41.81835],[1.95428,41.81917],[1.9533,41.81893],[1.95204,41.8207],[1.95025,41.8214],[1.94975,41.82201],[1.94805,41.82244],[1.9479,41.82408],[1.94703,41.82419],[1.94692,41.82494],[1.94579,41.82474],[1.94569,41.82539],[1.94431,41.82535],[1.94239,41.8269],[1.94148,41.827],[1.93978,41.82991],[1.93847,41.83127],[1.93818,41.83339]]]]}},{"type":"Feature","properties":{"cp":"08280","municipio":"Calaf"},"geometry":{"type":"MultiPolygon","coordinates":[[[[1.50369,41.73346],[1.50627,41.73485],[1.50787,41.73463],[1.51173,41.73589],[1.51465,41.73748],[1.52145,41.73625],[1.52225,41.73692],[1.52376,41.73682],[1.52723,41.7361],[1.53155,41.73458],[1.53475,41.73417],[1.53641,41.73299],[1.5368,41.73221],[1.5394,41.73111],[1.54091,41.72883],[1.54019,41.72755],[1.5373,41.72706],[1.53558,41.72615],[1.52909,41.72442],[1.52736,41.7215],[1.52197,41.7175],[1.51874,41.71599],[1.51598,41.71321],[1.50882,41.71131],[1.50184,41.71075],[1.49733,41.70937],[1.48855,41.70765],[1.48289,41.70896],[1.4702,41.70908],[1.4693,41.71014],[1.46797,41.71074],[1.46419,41.7107],[1.45933,41.71132],[1.45488,41.71042],[1.45282,41.70935],[1.45253,41.71033],[1.49409,41.72064],[1.49564,41.72005],[1.49743,41.7217],[1.49883,41.72416],[1.50266,41.72645],[1.50179,41.72974],[1.5021,41.73133],[1.50162,41.73169],[1.50167,41.73238],[1.50369,41.73346]]]]}},{"type":"Feature","properties":{"cp":"08281","municipio":"Aguilar de Segarra"},"geometry":{"type":"MultiPolygon","coordinates":[[[[1.61516,41.70285],[1.6144,41.70146],[1.61552,41.70043],[1.61557,41.69625],[1.60695,41.69421],[1.60608,41.69317],[1.60538,41.69296],[1.60235,41.69262],[1.60269,41.69547],[1.60139,41.69805],[1.59965,41.69935],[1.59589,41.7011],[1.59318,41.70091],[1.59016,41.69916],[1.58806,41.69867],[1.58205,41.69814],[1.57372,41.70128],[1.57113,41.70179],[1.57026,41.70504],[1.5674,41.70578],[1.5635,41.70839],[1.56076,41.70728],[1.55926,41.70823],[1.552,41.70878],[1.551,41.70977],[1.55355,41.71254],[1.55938,41.71324],[1.55955,41.71385],[1.56137,41.7147],[1.56093,41.71623],[1.56357,41.71713],[1.56782,41.72042],[1.58075,41.72359],[1.58572,41.72396],[1.58721,41.7235],[1.58921,41.72362],[1.59067,41.72205],[1.59275,41.72189],[1.59669,41.71865],[1.59951,41.7172],[1.60172,41.71728],[1.60706,41.71656],[1.6085,41.71951],[1.60372,41.72301],[1.6021,41.72607],[1.60113,41.72711],[1.60094,41.72898],[1.60204,41.73117],[1.59681,41.73181],[1.59138,41.73132],[1.58925,41.7323],[1.58711,41.73198],[1.58552,41.73374],[1.58378,41.73483],[1.58448,41.73641],[1.58703,41.73859],[1.58701,41.73925],[1.58488,41.73922],[1.58482,41.74007],[1.58774,41.74172],[1.58698,41.74255],[1.58628,41.7469],[1.58648,41.74742],[1.58941,41.74874],[1.58964,41.7507],[1.59193,41.75132],[1.59255,41.7526],[1.5932,41.75299],[1.60295,41.73609],[1.61516,41.70285]]],[[[1.53198,41.68425],[1.53209,41.68491],[1.53137,41.68547],[1.53142,41.68586],[1.53351,41.68714],[1.52875,41.68937],[1.52588,41.69126],[1.52389,41.69353],[1.52105,41.69363],[1.51624,41.69279],[1.50763,41.69434],[1.49582,41.6935],[1.48046,41.6933],[1.47579,41.69486],[1.46898,41.69537],[1.46585,41.69451],[1.46003,41.69585],[1.45626,41.69498],[1.44961,41.69453],[1.4498,41.69568],[1.45591,41.69691],[1.45878,41.69795],[1.46307,41.69803],[1.46458,41.6986],[1.46526,41.69815],[1.46637,41.69857],[1.46914,41.69849],[1.46866,41.69758],[1.47096,41.69822],[1.48031,41.69647],[1.48226,41.69745],[1.48346,41.69757],[1.48794,41.69649],[1.50582,41.69636],[1.51501,41.69558],[1.51677,41.69945],[1.5163,41.70422],[1.518,41.70791],[1.51598,41.71321],[1.51874,41.71599],[1.52197,41.7175],[1.52736,41.7215],[1.5286,41.72384],[1.53009,41.72484],[1.53558,41.72615],[1.5373,41.72706],[1.54019,41.72755],[1.54091,41.72883],[1.54433,41.72647],[1.55212,41.73146],[1.56749,41.73107],[1.57585,41.73036],[1.57762,41.73094],[1.58494,41.7305],[1.58711,41.73198],[1.58925,41.7323],[1.59138,41.73132],[1.59681,41.73181],[1.60204,41.73117],[1.60094,41.72898],[1.60113,41.72711],[1.6021,41.72607],[1.60372,41.72301],[1.6085,41.71951],[1.60706,41.71656],[1.60172,41.71728],[1.59951,41.7172],[1.59669,41.71865],[1.59275,41.72189],[1.59067,41.72205],[1.58921,41.72362],[1.58721,41.7235],[1.58572,41.72396],[1.58075,41.72359],[1.56782,41.72042],[1.56357,41.71713],[1.56093,41.71623],[1.56137,41.7147],[1.55955,41.71385],[1.55938,41.71324],[1.55355,41.71254],[1.551,41.70977],[1.552,41.70878],[1.55926,41.70823],[1.56076,41.70728],[1.5635,41.70839],[1.5674,41.70578],[1.57026,41.70504],[1.57113,41.70179],[1.57372,41.70128],[1.58205,41.69814],[1.58806,41.69867],[1.59016,41.69916],[1.59318,41.70091],[1.59589,41.7011],[1.59965,41.69935],[1.60139,41.69805],[1.60269,41.69547],[1.60235,41.69262],[1.59755,41.69178],[1.59503,41.68924],[1.58963,41.68786],[1.58678,41.68888],[1.58159,41.68813],[1.57976,41.68522],[1.5806,41.68486],[1.582,41.68301],[1.58145,41.68075],[1.57989,41.67902],[1.57433,41.67475],[1.57202,41.67236],[1.56896,41.67161],[1.56654,41.67197],[1.56638,41.6714],[1.56157,41.66851],[1.55538,41.66672],[1.53979,41.67229],[1.53312,41.67418],[1.53077,41.6756],[1.52993,41.67645],[1.53074,41.67696],[1.53237,41.68009],[1.53437,41.68098],[1.53507,41.68178],[1.53415,41.68263],[1.5325,41.68219],[1.53138,41.68241],[1.53108,41.68323],[1.53198,41.68425]]],[[[1.50266,41.72645],[1.49883,41.72416],[1.49743,41.7217],[1.49564,41.72005],[1.49409,41.72064],[1.45253,41.71033],[1.45282,41.70935],[1.44999,41.70842],[1.44745,41.70839],[1.44611,41.70929],[1.44487,41.70957],[1.44628,41.71319],[1.44412,41.71416],[1.44605,41.71751],[1.44871,41.71675],[1.44885,41.71796],[1.45339,41.71806],[1.45513,41.72039],[1.45792,41.72017],[1.46346,41.72068],[1.46584,41.72306],[1.47505,41.72974],[1.47391,41.73381],[1.47922,41.73544],[1.47951,41.73564],[1.47957,41.73765],[1.47923,41.73797],[1.47671,41.73754],[1.47814,41.73679],[1.47237,41.73423],[1.47004,41.73387],[1.46917,41.73407],[1.46451,41.73763],[1.44525,41.73342],[1.44154,41.73204],[1.43952,41.73272],[1.43641,41.73469],[1.43638,41.73955],[1.44408,41.74364],[1.44468,41.74638],[1.45025,41.75051],[1.44926,41.75156],[1.45068,41.75192],[1.44637,41.75424],[1.44664,41.7547],[1.446,41.75496],[1.44592,41.75545],[1.44788,41.75781],[1.44778,41.75901],[1.45054,41.76078],[1.45039,41.76264],[1.45479,41.7661],[1.45708,41.76735],[1.45844,41.76763],[1.45843,41.76858],[1.45728,41.76975],[1.46073,41.77109],[1.46112,41.77669],[1.4639,41.77583],[1.4648,41.77517],[1.46709,41.77553],[1.46659,41.77425],[1.46831,41.77099],[1.47052,41.77151],[1.47009,41.77231],[1.47158,41.77177],[1.47137,41.77125],[1.47286,41.77137],[1.47411,41.77295],[1.47859,41.77367],[1.47976,41.77183],[1.48198,41.77106],[1.48377,41.77165],[1.48364,41.77272],[1.48227,41.77351],[1.48251,41.77441],[1.48147,41.775],[1.48258,41.77611],[1.48766,41.77733],[1.48396,41.78618],[1.48436,41.7881],[1.48401,41.78912],[1.48313,41.79063],[1.48245,41.79101],[1.48784,41.78882],[1.49183,41.78858],[1.49377,41.78969],[1.49522,41.7893],[1.4957,41.7898],[1.49633,41.7898],[1.5008,41.78919],[1.50483,41.78789],[1.50636,41.77981],[1.50824,41.77408],[1.509,41.77358],[1.51077,41.77354],[1.51205,41.77257],[1.51198,41.7719],[1.51034,41.77125],[1.51205,41.77062],[1.51399,41.77079],[1.51588,41.77027],[1.51891,41.77086],[1.52073,41.76948],[1.52235,41.76634],[1.52335,41.76571],[1.5261,41.76518],[1.52745,41.76396],[1.52862,41.76438],[1.53276,41.76358],[1.52821,41.75909],[1.52907,41.75814],[1.52974,41.7546],[1.53072,41.75256],[1.52574,41.74289],[1.52514,41.73836],[1.52376,41.73682],[1.52225,41.73692],[1.52145,41.73625],[1.51465,41.73748],[1.51173,41.73589],[1.50787,41.73463],[1.50627,41.73485],[1.50167,41.73238],[1.50162,41.73169],[1.5021,41.73133],[1.50179,41.72974],[1.50266,41.72645]]],[[[1.58138,41.77553],[1.58248,41.77479],[1.58276,41.77343],[1.58403,41.77286],[1.58384,41.77219],[1.58468,41.77125],[1.58905,41.76956],[1.59289,41.76938],[1.59488,41.76471],[1.59401,41.76427],[1.59593,41.75734],[1.59468,41.75573],[1.59395,41.75377],[1.59255,41.7526],[1.59236,41.75169],[1.5899,41.75096],[1.58941,41.74874],[1.58648,41.74742],[1.58628,41.7469],[1.58698,41.74255],[1.58774,41.74172],[1.58482,41.74007],[1.58488,41.73922],[1.58701,41.73925],[1.58703,41.73859],[1.58448,41.73641],[1.58378,41.73483],[1.58552,41.73374],[1.58711,41.73198],[1.58494,41.7305],[1.57762,41.73094],[1.57585,41.73036],[1.56749,41.73107],[1.55212,41.73146],[1.54433,41.72647],[1.54091,41.72883],[1.5394,41.73111],[1.5368,41.73221],[1.53641,41.73299],[1.53475,41.73417],[1.53155,41.73458],[1.52723,41.7361],[1.52376,41.73682],[1.52514,41.73836],[1.52574,41.74289],[1.53072,41.75256],[1.53519,41.75284],[1.53562,41.75358],[1.53606,41.75499],[1.53407,41.75731],[1.5447,41.7576],[1.54518,41.76128],[1.54626,41.76321],[1.54585,41.76451],[1.54658,41.76559],[1.54832,41.77065],[1.55251,41.77078],[1.55449,41.77028],[1.55913,41.76995],[1.56166,41.77016],[1.56159,41.7722],[1.56265,41.77398],[1.56115,41.77535],[1.5612,41.77736],[1.56225,41.77728],[1.56265,41.7777],[1.56455,41.77696],[1.56625,41.77746],[1.56884,41.7774],[1.57148,41.77946],[1.57258,41.78219],[1.57511,41.78154],[1.5762,41.78026],[1.58082,41.7772],[1.58138,41.77553]]]]}},{"type":"Feature","properties":{"cp":"08282","municipio":"Sant Martí Sesgueioles"},"geometry":{"type":"MultiPolygon","coordinates":[[[[1.48743,41.70769],[1.49733,41.70937],[1.50184,41.71075],[1.50882,41.71131],[1.51598,41.71321],[1.518,41.70791],[1.5163,41.70422],[1.51677,41.69945],[1.51501,41.69558],[1.50582,41.69636],[1.48794,41.69649],[1.48795,41.69957],[1.48688,41.69961],[1.48681,41.70061],[1.48512,41.70011],[1.4866,41.7022],[1.48806,41.70331],[1.48834,41.70452],[1.48743,41.70769]]],[[[1.45282,41.70935],[1.45488,41.71042],[1.45933,41.71132],[1.46419,41.7107],[1.46797,41.71074],[1.4693,41.71014],[1.4702,41.70908],[1.48289,41.70896],[1.48743,41.70769],[1.48834,41.70452],[1.48806,41.70331],[1.4866,41.7022],[1.48512,41.70011],[1.48681,41.70061],[1.48688,41.69961],[1.48795,41.69957],[1.48794,41.69649],[1.48346,41.69757],[1.48226,41.69745],[1.48031,41.69647],[1.47096,41.69822],[1.46866,41.69758],[1.46914,41.69849],[1.46637,41.69857],[1.46526,41.69815],[1.46458,41.6986],[1.46307,41.69803],[1.45878,41.69795],[1.45591,41.69691],[1.4498,41.69568],[1.44961,41.69453],[1.45033,41.69181],[1.45002,41.68982],[1.4482,41.6833],[1.44715,41.68123],[1.44662,41.67878],[1.44597,41.67795],[1.44621,41.6771],[1.44539,41.67651],[1.44339,41.67234],[1.44122,41.67058],[1.44083,41.66978],[1.41895,41.67644],[1.42339,41.68412],[1.42299,41.68436],[1.41989,41.68549],[1.41819,41.68513],[1.41606,41.68533],[1.41419,41.68472],[1.40883,41.68563],[1.40704,41.68544],[1.40431,41.68616],[1.4039,41.69388],[1.40419,41.69489],[1.39587,41.69609],[1.40033,41.7044],[1.39789,41.7056],[1.38192,41.70575],[1.3962,41.71582],[1.4008,41.71956],[1.4166,41.72879],[1.41938,41.73264],[1.42795,41.7331],[1.43641,41.73469],[1.43952,41.73272],[1.44154,41.73204],[1.44525,41.73342],[1.46451,41.73763],[1.46917,41.73407],[1.47004,41.73387],[1.47237,41.73423],[1.47814,41.73679],[1.47671,41.73754],[1.47923,41.73797],[1.47957,41.73765],[1.47951,41.73564],[1.47391,41.73381],[1.47505,41.72974],[1.46584,41.72306],[1.46346,41.72068],[1.45792,41.72017],[1.45513,41.72039],[1.45339,41.71806],[1.44885,41.71796],[1.44871,41.71675],[1.44605,41.71751],[1.44412,41.71416],[1.44628,41.71319],[1.44487,41.70957],[1.44611,41.70929],[1.44745,41.70839],[1.44999,41.70842],[1.45282,41.70935]]]]}},{"type":"Feature","properties":{"cp":"08283","municipio":"Castellfollit de Riubregós"},"geometry":{"type":"MultiPolygon","coordinates":[[[[1.47108,41.80093],[1.47224,41.80023],[1.47154,41.7966],[1.4718,41.79203],[1.47059,41.78966],[1.46959,41.78885],[1.46985,41.78812],[1.46954,41.78741],[1.471,41.7868],[1.47349,41.78253],[1.46982,41.78192],[1.46892,41.7796],[1.46929,41.77918],[1.46877,41.77876],[1.46125,41.7772],[1.46073,41.77109],[1.45728,41.76975],[1.45843,41.76858],[1.45844,41.76763],[1.45708,41.76735],[1.45479,41.7661],[1.45039,41.76264],[1.45054,41.76078],[1.44778,41.75901],[1.44788,41.75781],[1.44592,41.75545],[1.446,41.75496],[1.44664,41.7547],[1.44637,41.75424],[1.45068,41.75192],[1.44926,41.75156],[1.45025,41.75051],[1.44468,41.74638],[1.44408,41.74364],[1.43638,41.73955],[1.43641,41.73469],[1.42485,41.73277],[1.42523,41.73471],[1.42201,41.7354],[1.42232,41.73595],[1.42073,41.73635],[1.42077,41.73742],[1.41553,41.74015],[1.41592,41.74043],[1.41474,41.74088],[1.41423,41.74004],[1.41172,41.74143],[1.41131,41.7408],[1.40533,41.74445],[1.40579,41.74485],[1.40449,41.74528],[1.40398,41.7445],[1.40302,41.7453],[1.40371,41.74883],[1.4074,41.75271],[1.40988,41.75981],[1.4115,41.7663],[1.41029,41.76738],[1.4101,41.76835],[1.4109,41.77493],[1.41388,41.77622],[1.41554,41.77593],[1.41858,41.78645],[1.41852,41.78795],[1.42048,41.78967],[1.42095,41.79063],[1.42161,41.7932],[1.42065,41.79347],[1.42046,41.79255],[1.41954,41.792],[1.41744,41.79333],[1.417,41.79463],[1.41984,41.79738],[1.42631,41.80188],[1.43364,41.80184],[1.43995,41.80067],[1.44268,41.80072],[1.45115,41.79777],[1.45614,41.79872],[1.45785,41.79876],[1.45893,41.79799],[1.46035,41.79786],[1.46546,41.79835],[1.46707,41.79879],[1.47108,41.80093]]]]}},{"type":"Feature","properties":{"cp":"08289","municipio":"Copons"},"geometry":{"type":"MultiPolygon","coordinates":[[[[1.48782,41.63965],[1.48793,41.63999],[1.47658,41.64127],[1.47359,41.64194],[1.47172,41.6417],[1.46184,41.64325],[1.45967,41.64322],[1.4586,41.64375],[1.45532,41.64228],[1.45385,41.64339],[1.45156,41.64436],[1.45014,41.64656],[1.44484,41.64581],[1.44359,41.64657],[1.4395,41.64784],[1.43933,41.64859],[1.43311,41.65133],[1.43052,41.65535],[1.44151,41.65744],[1.45828,41.65393],[1.46555,41.65304],[1.46898,41.65228],[1.473,41.65013],[1.4755,41.64943],[1.48096,41.64608],[1.48284,41.64585],[1.48709,41.64442],[1.5054,41.64839],[1.50687,41.65046],[1.50399,41.65204],[1.50462,41.65349],[1.50243,41.65519],[1.50314,41.65796],[1.50181,41.65893],[1.5023,41.65961],[1.51636,41.65804],[1.51587,41.65877],[1.51684,41.66141],[1.51664,41.66246],[1.52361,41.65913],[1.52816,41.65931],[1.53015,41.66066],[1.52908,41.6617],[1.52634,41.66242],[1.52562,41.66331],[1.52591,41.66532],[1.52731,41.6672],[1.5271,41.66865],[1.52769,41.66952],[1.53002,41.67102],[1.52978,41.67145],[1.52837,41.67136],[1.52777,41.67184],[1.5287,41.67505],[1.52993,41.67645],[1.53312,41.67418],[1.53979,41.67229],[1.55538,41.66672],[1.55138,41.66402],[1.54987,41.66234],[1.54911,41.65999],[1.54764,41.65848],[1.5464,41.6561],[1.54624,41.6526],[1.54491,41.64882],[1.54109,41.64768],[1.5403,41.64685],[1.54008,41.64511],[1.53923,41.64395],[1.53991,41.6428],[1.53957,41.63988],[1.53743,41.63794],[1.53759,41.63746],[1.54018,41.63573],[1.54061,41.63475],[1.53975,41.63353],[1.5394,41.63161],[1.5372,41.62734],[1.53752,41.62466],[1.53539,41.62435],[1.53136,41.62155],[1.52981,41.61977],[1.52855,41.61921],[1.52556,41.61906],[1.52137,41.61821],[1.51598,41.61995],[1.51483,41.62108],[1.51468,41.62262],[1.51348,41.62447],[1.50998,41.62673],[1.50955,41.62872],[1.50977,41.63097],[1.50817,41.63233],[1.50397,41.63063],[1.49631,41.63285],[1.49025,41.63277],[1.48928,41.63416],[1.48779,41.63487],[1.48625,41.63782],[1.48782,41.63965]]],[[[1.53137,41.68547],[1.53213,41.68461],[1.53103,41.6827],[1.5325,41.68219],[1.53415,41.68263],[1.53507,41.68178],[1.53437,41.68098],[1.53237,41.68009],[1.53074,41.67696],[1.52898,41.67562],[1.52777,41.67184],[1.52837,41.67136],[1.52978,41.67145],[1.53002,41.67102],[1.52769,41.66952],[1.5271,41.66865],[1.52731,41.6672],[1.52591,41.66532],[1.52565,41.66386],[1.52585,41.66279],[1.52634,41.66242],[1.52908,41.6617],[1.53015,41.66066],[1.52816,41.65931],[1.52361,41.65913],[1.51664,41.66246],[1.51684,41.66141],[1.51587,41.65877],[1.51636,41.65804],[1.5023,41.65961],[1.50181,41.65893],[1.50314,41.65796],[1.50243,41.65519],[1.50462,41.65349],[1.50399,41.65204],[1.50687,41.65046],[1.5054,41.64839],[1.48709,41.64442],[1.48284,41.64585],[1.48096,41.64608],[1.4755,41.64943],[1.473,41.65013],[1.46898,41.65228],[1.46555,41.65304],[1.45828,41.65393],[1.44151,41.65744],[1.43052,41.65535],[1.42565,41.66092],[1.42536,41.66954],[1.41504,41.67458],[1.41895,41.67644],[1.44083,41.66978],[1.44122,41.67058],[1.44339,41.67234],[1.44539,41.67651],[1.44621,41.6771],[1.44597,41.67795],[1.44662,41.67878],[1.44715,41.68123],[1.4482,41.6833],[1.45002,41.68982],[1.45033,41.69181],[1.44961,41.69453],[1.45626,41.69498],[1.46003,41.69585],[1.46585,41.69451],[1.46898,41.69537],[1.47579,41.69486],[1.48046,41.6933],[1.49582,41.6935],[1.50763,41.69434],[1.51624,41.69279],[1.52105,41.69363],[1.52389,41.69353],[1.52588,41.69126],[1.52875,41.68937],[1.53351,41.68714],[1.53175,41.68614],[1.53137,41.68547]]]]}},{"type":"Feature","properties":{"cp":"08290","municipio":"Cerdanyola del Vallès"},"geometry":{"type":"MultiPolygon","coordinates":[[[[2.15269,41.48946],[2.15349,41.4882],[2.16004,41.48456],[2.15753,41.48156],[2.15799,41.47981],[2.15428,41.47523],[2.1557,41.47462],[2.1572,41.47181],[2.15593,41.46696],[2.15867,41.46831],[2.15817,41.4671],[2.1595,41.46598],[2.15962,41.46415],[2.15819,41.46186],[2.15795,41.46007],[2.15716,41.45867],[2.1571,41.45632],[2.15775,41.45583],[2.15834,41.45356],[2.15605,41.45027],[2.1533,41.44909],[2.15199,41.44738],[2.14928,41.44731],[2.1483,41.4468],[2.14626,41.44757],[2.1433,41.44764],[2.14117,41.44709],[2.14044,41.44758],[2.13724,41.44791],[2.13581,41.44739],[2.13435,41.4476],[2.1333,41.44586],[2.13252,41.44544],[2.13249,41.44473],[2.1319,41.44418],[2.1303,41.4438],[2.12985,41.44311],[2.1218,41.44825],[2.11976,41.45029],[2.11921,41.45349],[2.11981,41.45575],[2.11797,41.45648],[2.11741,41.45883],[2.1169,41.45898],[2.11668,41.45986],[2.11589,41.46001],[2.11618,41.46317],[2.11743,41.46602],[2.11195,41.46602],[2.10669,41.46786],[2.10457,41.47173],[2.1046,41.4728],[2.10229,41.47364],[2.09507,41.48003],[2.12027,41.50267],[2.12593,41.50602],[2.12542,41.50655],[2.13461,41.50661],[2.13929,41.5023],[2.14117,41.49883],[2.14315,41.4973],[2.14439,41.49697],[2.14487,41.49735],[2.14923,41.49413],[2.14777,41.49328],[2.15269,41.48946]]]]}},{"type":"Feature","properties":{"cp":"08291","municipio":"Ripollet"},"geometry":{"type":"MultiPolygon","coordinates":[[[[2.16366,41.50262],[2.16805,41.49635],[2.17046,41.49505],[2.16973,41.49445],[2.17266,41.49268],[2.16802,41.48909],[2.16229,41.49026],[2.16053,41.49025],[2.15944,41.48855],[2.15812,41.48803],[2.15558,41.48858],[2.15433,41.48952],[2.15269,41.48946],[2.14777,41.49328],[2.14923,41.49413],[2.14487,41.49735],[2.14439,41.49697],[2.14315,41.4973],[2.14117,41.49883],[2.13929,41.5023],[2.13461,41.50661],[2.13574,41.50672],[2.13458,41.50817],[2.13605,41.50832],[2.13838,41.50752],[2.14226,41.5086],[2.14317,41.50963],[2.1456,41.51047],[2.14721,41.50989],[2.14884,41.51003],[2.14927,41.5087],[2.14959,41.50867],[2.15471,41.51135],[2.15817,41.50839],[2.15884,41.50724],[2.16066,41.50614],[2.16366,41.50262]]]]}},{"type":"Feature","properties":{"cp":"08292","municipio":"Esparreguera"},"geometry":{"type":"MultiPolygon","coordinates":[[[[1.87244,41.58947],[1.87645,41.59],[1.87816,41.58965],[1.88051,41.58758],[1.88067,41.58689],[1.88245,41.58583],[1.88649,41.58609],[1.88658,41.58494],[1.8886,41.58385],[1.89089,41.58124],[1.88388,41.57868],[1.88272,41.57626],[1.88309,41.57567],[1.88157,41.57299],[1.88159,41.57145],[1.87993,41.56979],[1.87839,41.569],[1.8798,41.5674],[1.87949,41.56659],[1.88099,41.56186],[1.87894,41.55997],[1.87933,41.55709],[1.87571,41.55508],[1.87464,41.55214],[1.87466,41.54819],[1.87417,41.54687],[1.87274,41.54559],[1.87299,41.54399],[1.87769,41.54261],[1.88232,41.542],[1.88459,41.54032],[1.88637,41.53809],[1.89339,41.53292],[1.89424,41.53291],[1.89488,41.53359],[1.89773,41.53467],[1.9065,41.53401],[1.90935,41.53443],[1.91051,41.53419],[1.91151,41.53269],[1.9118,41.53029],[1.90687,41.52961],[1.90264,41.52839],[1.90045,41.52678],[1.89746,41.52696],[1.89694,41.52558],[1.89068,41.52388],[1.88474,41.52479],[1.88305,41.52353],[1.87676,41.52262],[1.87412,41.52481],[1.8727,41.52421],[1.87068,41.52445],[1.87061,41.5237],[1.86772,41.5219],[1.86612,41.51992],[1.86724,41.51978],[1.86463,41.51883],[1.86345,41.51765],[1.86423,41.51733],[1.86159,41.5167],[1.86061,41.51515],[1.85965,41.51521],[1.85874,41.51754],[1.8574,41.51774],[1.85683,41.516],[1.85542,41.51586],[1.85492,41.51624],[1.85389,41.52007],[1.85322,41.52009],[1.85245,41.5208],[1.85121,41.52068],[1.8503,41.52151],[1.84932,41.52096],[1.84867,41.5215],[1.84677,41.52191],[1.84558,41.52314],[1.84193,41.52357],[1.84132,41.52524],[1.83996,41.52496],[1.83992,41.52592],[1.83887,41.52633],[1.83747,41.52888],[1.83457,41.52977],[1.83384,41.53054],[1.83404,41.53082],[1.83083,41.53242],[1.82685,41.53897],[1.83058,41.54273],[1.82972,41.54442],[1.83354,41.54589],[1.83234,41.5484],[1.83974,41.55888],[1.83976,41.56003],[1.84159,41.56391],[1.84604,41.56932],[1.84984,41.56985],[1.85236,41.57065],[1.8551,41.57224],[1.85959,41.57334],[1.86055,41.57419],[1.86014,41.57648],[1.86098,41.57953],[1.86056,41.58099],[1.85701,41.58338],[1.85465,41.58787],[1.85199,41.59032],[1.8518,41.59095],[1.86336,41.59233],[1.86778,41.59067],[1.86795,41.58935],[1.8685,41.58894],[1.87244,41.58947]]],[[[1.79839,41.55837],[1.80022,41.55822],[1.80135,41.55759],[1.80256,41.55839],[1.80525,41.55658],[1.80786,41.55678],[1.80891,41.55621],[1.8101,41.55624],[1.81257,41.55538],[1.81424,41.55555],[1.81742,41.55433],[1.81775,41.55211],[1.8172,41.55075],[1.81843,41.54882],[1.81961,41.54798],[1.82022,41.54568],[1.8236,41.54289],[1.82487,41.54299],[1.82588,41.54233],[1.82424,41.54034],[1.82685,41.53897],[1.82911,41.53497],[1.82607,41.53217],[1.81698,41.53451],[1.80693,41.53894],[1.79242,41.54773],[1.79254,41.55151],[1.79146,41.55831],[1.79166,41.55937],[1.79603,41.56111],[1.79692,41.5595],[1.79839,41.55837]]]]}},{"type":"Feature","properties":{"cp":"08293","municipio":"Collbató"},"geometry":{"type":"MultiPolygon","coordinates":[[[[1.84538,41.59146],[1.8464,41.59167],[1.8477,41.59119],[1.8518,41.59095],[1.85199,41.59032],[1.85465,41.58787],[1.85701,41.58338],[1.86056,41.58099],[1.86098,41.57953],[1.86014,41.57648],[1.86055,41.57419],[1.85959,41.57334],[1.8551,41.57224],[1.85236,41.57065],[1.84984,41.56985],[1.84604,41.56932],[1.84159,41.56391],[1.83976,41.56003],[1.83974,41.55888],[1.83234,41.5484],[1.83354,41.54589],[1.82972,41.54442],[1.83058,41.54273],[1.82685,41.53897],[1.82424,41.54034],[1.82588,41.54233],[1.82561,41.54263],[1.82439,41.54309],[1.8236,41.54289],[1.82022,41.54568],[1.81961,41.54798],[1.81843,41.54882],[1.8172,41.55075],[1.81775,41.55211],[1.81742,41.55433],[1.81424,41.55555],[1.81257,41.55538],[1.8101,41.55624],[1.80891,41.55621],[1.80786,41.55678],[1.80525,41.55658],[1.80256,41.55839],[1.80135,41.55759],[1.80022,41.55822],[1.79862,41.55826],[1.79692,41.5595],[1.7963,41.5609],[1.79444,41.56184],[1.7963,41.56285],[1.7974,41.56415],[1.79745,41.56488],[1.79898,41.56536],[1.80326,41.56868],[1.8061,41.57183],[1.80872,41.57951],[1.81196,41.60048],[1.8128,41.60336],[1.81346,41.60308],[1.81344,41.6021],[1.81482,41.60162],[1.8154,41.60208],[1.81627,41.60149],[1.81724,41.60153],[1.81761,41.60038],[1.81931,41.59929],[1.82054,41.59914],[1.82199,41.59796],[1.82263,41.59661],[1.82387,41.59593],[1.82522,41.59323],[1.827,41.59243],[1.82889,41.59241],[1.8317,41.5907],[1.8332,41.59191],[1.83692,41.59245],[1.8446,41.59116],[1.84538,41.59146]]]]}},{"type":"Feature","properties":{"cp":"08294","municipio":"Hostalets de Pierola, Els"},"geometry":{"type":"MultiPolygon","coordinates":[[[[1.79711,41.56752],[1.79041,41.5631],[1.78401,41.5617],[1.77901,41.56685],[1.77807,41.57483],[1.78523,41.57579],[1.78755,41.57522],[1.78964,41.57397],[1.79133,41.57371],[1.79307,41.57113],[1.79454,41.57019],[1.79495,41.56922],[1.79656,41.56888],[1.79727,41.56831],[1.79711,41.56752]]],[[[1.77991,41.65345],[1.77798,41.64848],[1.77789,41.64714],[1.77906,41.64445],[1.78228,41.64281],[1.78509,41.64031],[1.78741,41.64014],[1.7892,41.64051],[1.79004,41.64011],[1.79051,41.63914],[1.78837,41.63468],[1.78903,41.63005],[1.78833,41.62815],[1.78696,41.62629],[1.78669,41.62219],[1.78591,41.61945],[1.78502,41.61801],[1.78553,41.61419],[1.7874,41.61143],[1.78739,41.6106],[1.78953,41.60998],[1.79212,41.6105],[1.79532,41.60971],[1.80174,41.60683],[1.80411,41.6065],[1.80497,41.60503],[1.80567,41.60475],[1.80869,41.60455],[1.8114,41.60537],[1.81256,41.60434],[1.8128,41.60336],[1.81196,41.60048],[1.80872,41.57951],[1.8061,41.57183],[1.80326,41.56868],[1.79898,41.56536],[1.79745,41.56488],[1.79697,41.56723],[1.79727,41.56831],[1.79656,41.56888],[1.79495,41.56922],[1.79441,41.57035],[1.79307,41.57113],[1.79163,41.57346],[1.791,41.57388],[1.78964,41.57397],[1.78755,41.57522],[1.78523,41.57579],[1.77686,41.57482],[1.77586,41.57296],[1.77361,41.57264],[1.7728,41.57289],[1.77152,41.57492],[1.76495,41.57648],[1.75762,41.576],[1.75651,41.57662],[1.7533,41.57678],[1.74924,41.5754],[1.7439,41.57535],[1.74261,41.57445],[1.74071,41.57532],[1.73826,41.5757],[1.73785,41.57607],[1.73787,41.5773],[1.73733,41.57855],[1.73643,41.57973],[1.73338,41.5808],[1.7334,41.58269],[1.73292,41.58393],[1.73544,41.58591],[1.73837,41.58602],[1.73981,41.58751],[1.74362,41.58803],[1.74529,41.5887],[1.74391,41.58906],[1.74423,41.59056],[1.74608,41.59344],[1.74569,41.59386],[1.74303,41.594],[1.74132,41.59451],[1.74031,41.59418],[1.74044,41.59536],[1.73879,41.59584],[1.73552,41.59873],[1.73478,41.60164],[1.73559,41.60323],[1.73487,41.60447],[1.7354,41.60543],[1.7333,41.60632],[1.7318,41.6098],[1.73056,41.61108],[1.72875,41.61216],[1.72892,41.61285],[1.72759,41.61264],[1.72589,41.61346],[1.72568,41.61406],[1.72385,41.61385],[1.71396,41.61721],[1.71217,41.62078],[1.70815,41.62427],[1.70491,41.62312],[1.70548,41.62438],[1.70707,41.62548],[1.70877,41.62763],[1.71121,41.62821],[1.70956,41.62917],[1.71357,41.63249],[1.71538,41.63278],[1.71564,41.6344],[1.71644,41.63461],[1.71675,41.63544],[1.71875,41.63695],[1.71852,41.63762],[1.72011,41.6382],[1.72193,41.63782],[1.7252,41.63884],[1.72505,41.64057],[1.72566,41.64082],[1.72577,41.64158],[1.72913,41.64504],[1.72835,41.64602],[1.73443,41.64635],[1.74202,41.64535],[1.74538,41.64543],[1.74751,41.64602],[1.75699,41.64428],[1.76161,41.64631],[1.76502,41.64584],[1.76558,41.64682],[1.76645,41.64729],[1.76609,41.64853],[1.76695,41.6494],[1.76727,41.65077],[1.7695,41.65238],[1.77153,41.65213],[1.7727,41.65292],[1.77425,41.65305],[1.77497,41.6549],[1.77991,41.65345]]]]}},{"type":"Feature","properties":{"cp":"08295","municipio":"Sant Vicenç de Castellet"},"geometry":{"type":"MultiPolygon","coordinates":[[[[1.85211,41.66904],[1.85195,41.67553],[1.85353,41.67524],[1.85414,41.67548],[1.85454,41.67592],[1.8546,41.67699],[1.85565,41.67658],[1.85666,41.67685],[1.85747,41.67792],[1.86153,41.6783],[1.86573,41.67816],[1.86986,41.68312],[1.86855,41.68806],[1.86604,41.68846],[1.86855,41.68806],[1.87122,41.6885],[1.87277,41.68941],[1.87286,41.69031],[1.8808,41.68582],[1.88207,41.68607],[1.88851,41.68567],[1.8901,41.68546],[1.89158,41.68448],[1.89289,41.68432],[1.89489,41.68503],[1.89613,41.68288],[1.89845,41.68183],[1.90074,41.67973],[1.90117,41.67886],[1.90365,41.67725],[1.90873,41.68043],[1.90971,41.6805],[1.91028,41.6804],[1.91042,41.6797],[1.91102,41.67924],[1.91347,41.67939],[1.91389,41.67892],[1.91392,41.67768],[1.91529,41.677],[1.91747,41.67821],[1.91794,41.67807],[1.91864,41.6768],[1.92124,41.67503],[1.92273,41.67296],[1.92284,41.6725],[1.92212,41.67194],[1.92213,41.67139],[1.92552,41.67007],[1.92593,41.66953],[1.92612,41.6672],[1.92848,41.66718],[1.92922,41.66552],[1.92922,41.6644],[1.92967,41.66394],[1.93266,41.66319],[1.93035,41.65802],[1.92732,41.65835],[1.92629,41.65905],[1.92654,41.65981],[1.92316,41.66196],[1.92206,41.66421],[1.91911,41.66601],[1.91098,41.66456],[1.90992,41.66477],[1.90834,41.66433],[1.90752,41.66482],[1.90488,41.66246],[1.90387,41.66023],[1.90288,41.65928],[1.90167,41.65883],[1.90188,41.65821],[1.90102,41.65702],[1.89778,41.65756],[1.89638,41.65674],[1.89558,41.65682],[1.89492,41.65552],[1.89238,41.65703],[1.89331,41.65807],[1.89404,41.6607],[1.89645,41.66271],[1.89596,41.66389],[1.89072,41.66308],[1.89344,41.66537],[1.89269,41.66793],[1.89092,41.66683],[1.88843,41.66672],[1.88652,41.66592],[1.88559,41.66597],[1.885,41.66511],[1.88491,41.66308],[1.88181,41.66099],[1.88092,41.65975],[1.87561,41.65822],[1.87339,41.65684],[1.87118,41.65726],[1.86578,41.65634],[1.85716,41.65707],[1.85501,41.65684],[1.85036,41.65521],[1.84687,41.6562],[1.8454,41.65604],[1.84444,41.65533],[1.84371,41.65768],[1.84214,41.65649],[1.84052,41.65779],[1.8381,41.65594],[1.83734,41.65671],[1.83547,41.6566],[1.83519,41.65589],[1.82985,41.65658],[1.8281,41.6558],[1.82518,41.65585],[1.82345,41.65664],[1.82119,41.65584],[1.82063,41.65681],[1.81812,41.6567],[1.81506,41.65828],[1.81159,41.65788],[1.80952,41.65891],[1.81172,41.65963],[1.8183,41.66018],[1.81952,41.661],[1.8203,41.66403],[1.825,41.66346],[1.82512,41.66473],[1.82774,41.66484],[1.83624,41.6635],[1.83966,41.66714],[1.8421,41.66854],[1.84321,41.66811],[1.84727,41.66947],[1.85211,41.66904]]]]}},{"type":"Feature","properties":{"cp":"08296","municipio":"Castellbell i el Vilar"},"geometry":{"type":"MultiPolygon","coordinates":[[[[1.89399,41.65584],[1.89317,41.65448],[1.89184,41.65359],[1.8913,41.6527],[1.88955,41.65318],[1.88901,41.65296],[1.88948,41.65179],[1.88812,41.65162],[1.88768,41.65078],[1.88804,41.64988],[1.88658,41.64941],[1.88776,41.64823],[1.889,41.64822],[1.89037,41.64564],[1.88944,41.6404],[1.88985,41.6408],[1.89127,41.63898],[1.89147,41.63625],[1.89209,41.63578],[1.89224,41.63503],[1.8912,41.63341],[1.89136,41.63054],[1.89098,41.62954],[1.89166,41.62782],[1.89183,41.62557],[1.89322,41.62369],[1.89354,41.6201],[1.89396,41.61926],[1.89338,41.61919],[1.89304,41.61739],[1.89003,41.61496],[1.88771,41.61436],[1.88535,41.61439],[1.88335,41.61496],[1.88048,41.61399],[1.87767,41.61411],[1.87639,41.613],[1.8729,41.61261],[1.86867,41.61567],[1.86613,41.61813],[1.86529,41.61865],[1.86457,41.61814],[1.86285,41.61929],[1.86029,41.62378],[1.85708,41.62437],[1.85412,41.62322],[1.85327,41.62224],[1.85078,41.62307],[1.84828,41.62242],[1.84628,41.6228],[1.84543,41.6241],[1.84236,41.62455],[1.84131,41.62436],[1.84094,41.62527],[1.83646,41.62495],[1.83603,41.62525],[1.83093,41.62399],[1.82854,41.62526],[1.82725,41.62552],[1.82413,41.62533],[1.81985,41.62715],[1.81616,41.62672],[1.80946,41.63001],[1.80847,41.6297],[1.80866,41.62888],[1.80781,41.62872],[1.80763,41.6273],[1.80669,41.62543],[1.80729,41.62232],[1.80696,41.62163],[1.80589,41.62147],[1.80547,41.62099],[1.80516,41.61857],[1.80417,41.61716],[1.80418,41.61594],[1.80114,41.61339],[1.8007,41.61367],[1.80073,41.61509],[1.80138,41.61635],[1.80171,41.61846],[1.80155,41.62121],[1.80262,41.62314],[1.80268,41.62727],[1.80321,41.62882],[1.80483,41.62941],[1.80335,41.63342],[1.80323,41.63477],[1.80461,41.6397],[1.80426,41.64036],[1.80496,41.6408],[1.80485,41.64251],[1.80382,41.64283],[1.80404,41.64368],[1.80284,41.64513],[1.80527,41.64794],[1.80526,41.64856],[1.80385,41.64934],[1.80366,41.65012],[1.80408,41.6508],[1.80503,41.65077],[1.80607,41.64938],[1.80701,41.64909],[1.80939,41.65016],[1.80988,41.65098],[1.81107,41.65166],[1.81505,41.65153],[1.81641,41.64948],[1.81815,41.65072],[1.82041,41.64986],[1.82117,41.6491],[1.82311,41.65059],[1.82399,41.65057],[1.82406,41.65188],[1.82307,41.65246],[1.82243,41.65369],[1.82118,41.6547],[1.82119,41.65584],[1.82345,41.65664],[1.82518,41.65585],[1.8281,41.6558],[1.82985,41.65658],[1.83519,41.65589],[1.83547,41.6566],[1.83734,41.65671],[1.8381,41.65594],[1.84052,41.65779],[1.84214,41.65649],[1.84371,41.65768],[1.84444,41.65533],[1.8454,41.65604],[1.84687,41.6562],[1.85036,41.65521],[1.85501,41.65684],[1.85716,41.65707],[1.86578,41.65634],[1.87118,41.65726],[1.87339,41.65684],[1.87561,41.65822],[1.88092,41.65975],[1.88181,41.66099],[1.88491,41.66308],[1.885,41.66511],[1.88559,41.66597],[1.88652,41.66592],[1.88843,41.66672],[1.89092,41.66683],[1.89269,41.66793],[1.89344,41.66537],[1.89072,41.66308],[1.89596,41.66389],[1.89645,41.66271],[1.89404,41.6607],[1.89331,41.65807],[1.89238,41.65703],[1.89399,41.65584]]]]}},{"type":"Feature","properties":{"cp":"08297","municipio":"Castellgalí"},"geometry":{"type":"MultiPolygon","coordinates":[[[[1.83743,41.69184],[1.83958,41.69069],[1.8409,41.69304],[1.84289,41.69487],[1.84383,41.69524],[1.84718,41.69385],[1.85479,41.69346],[1.85802,41.69419],[1.85815,41.69357],[1.86026,41.69327],[1.86428,41.69026],[1.86603,41.68846],[1.86855,41.68806],[1.86986,41.68312],[1.86573,41.67816],[1.86153,41.6783],[1.85747,41.67792],[1.85666,41.67685],[1.85565,41.67658],[1.8546,41.67699],[1.85454,41.67592],[1.85414,41.67548],[1.85353,41.67524],[1.85195,41.67553],[1.85211,41.66904],[1.84727,41.66947],[1.84321,41.66811],[1.8421,41.66854],[1.83966,41.66714],[1.83624,41.6635],[1.82774,41.66484],[1.82512,41.66473],[1.825,41.66346],[1.82081,41.66419],[1.8203,41.66403],[1.81952,41.661],[1.8183,41.66018],[1.80639,41.65873],[1.8039,41.6592],[1.80102,41.65919],[1.79757,41.65716],[1.79479,41.65653],[1.79255,41.65539],[1.79157,41.65444],[1.79,41.65425],[1.78829,41.65291],[1.78749,41.6536],[1.78777,41.65424],[1.78719,41.656],[1.78898,41.65747],[1.79014,41.65977],[1.79039,41.66119],[1.78924,41.66273],[1.79271,41.66326],[1.79348,41.66387],[1.7913,41.66617],[1.79322,41.6665],[1.79368,41.66861],[1.79525,41.66978],[1.79557,41.67079],[1.79664,41.6717],[1.79412,41.67663],[1.79519,41.67843],[1.80023,41.68267],[1.80225,41.68293],[1.80486,41.68411],[1.80703,41.68429],[1.8115,41.68604],[1.81483,41.68616],[1.81566,41.68681],[1.81523,41.68749],[1.80829,41.69],[1.80826,41.69044],[1.80944,41.69062],[1.81054,41.69445],[1.81454,41.6949],[1.8166,41.69395],[1.81871,41.69133],[1.82695,41.69598],[1.83122,41.69271],[1.83558,41.69284],[1.83743,41.69184]]]]}},{"type":"Feature","properties":{"cp":"08298","municipio":"Monistrol de Montserrat"},"geometry":{"type":"MultiPolygon","coordinates":[[[[1.81257,41.65204],[1.81219,41.65302],[1.81699,41.65747],[1.81812,41.6567],[1.82063,41.65681],[1.82119,41.65584],[1.82118,41.6547],[1.82243,41.65369],[1.82307,41.65246],[1.82406,41.65188],[1.82399,41.65057],[1.82311,41.65059],[1.82117,41.6491],[1.82041,41.64986],[1.81815,41.65072],[1.81641,41.64948],[1.81505,41.65153],[1.81313,41.65155],[1.81257,41.65204]]],[[[1.80253,41.61455],[1.79734,41.6088],[1.79212,41.6105],[1.78953,41.60998],[1.78739,41.6106],[1.7874,41.61143],[1.78553,41.61419],[1.78502,41.61801],[1.78591,41.61945],[1.78669,41.62219],[1.78696,41.62629],[1.78833,41.62815],[1.78903,41.63005],[1.78837,41.63468],[1.79051,41.63914],[1.79004,41.64011],[1.7892,41.64051],[1.78741,41.64014],[1.78509,41.64031],[1.78228,41.64281],[1.77906,41.64445],[1.77789,41.64714],[1.77798,41.64848],[1.77991,41.65345],[1.78048,41.65309],[1.78292,41.65306],[1.7844,41.65237],[1.78779,41.65263],[1.79,41.65425],[1.79157,41.65444],[1.79255,41.65539],[1.79479,41.65653],[1.79757,41.65716],[1.80102,41.65919],[1.8039,41.6592],[1.80558,41.65872],[1.80828,41.6591],[1.80952,41.65891],[1.81159,41.65788],[1.81506,41.65828],[1.81699,41.65747],[1.81219,41.65302],[1.81237,41.65225],[1.81313,41.65155],[1.81107,41.65166],[1.80988,41.65098],[1.80939,41.65016],[1.80701,41.64909],[1.80607,41.64938],[1.80503,41.65077],[1.80408,41.6508],[1.80366,41.65012],[1.804,41.64912],[1.80532,41.64828],[1.80284,41.64513],[1.80404,41.64368],[1.80382,41.64283],[1.80485,41.64251],[1.80496,41.6408],[1.80426,41.64036],[1.80461,41.6397],[1.80323,41.63477],[1.80335,41.63342],[1.80483,41.62941],[1.80321,41.62882],[1.80268,41.62727],[1.80262,41.62314],[1.80155,41.62121],[1.80171,41.61846],[1.80065,41.61457],[1.8007,41.61367],[1.80114,41.61339],[1.80253,41.61455]]]]}},{"type":"Feature","properties":{"cp":"08299","municipio":"Rellinars"},"geometry":{"type":"MultiPolygon","coordinates":[[[[1.94863,41.64726],[1.94874,41.64653],[1.95067,41.64581],[1.95232,41.64645],[1.95551,41.6456],[1.95715,41.64648],[1.9585,41.64156],[1.95553,41.64336],[1.94437,41.63555],[1.9418,41.62439],[1.93822,41.62422],[1.93687,41.62496],[1.93487,41.62521],[1.93125,41.62314],[1.92992,41.623],[1.92019,41.62882],[1.91763,41.62919],[1.91568,41.62806],[1.90873,41.63021],[1.90829,41.62932],[1.90479,41.62836],[1.90384,41.62745],[1.90176,41.62654],[1.90037,41.62434],[1.89802,41.6229],[1.89758,41.62298],[1.8961,41.62136],[1.89503,41.62116],[1.8946,41.61937],[1.89396,41.61926],[1.89354,41.6201],[1.89322,41.62369],[1.89183,41.62557],[1.89166,41.62782],[1.89098,41.62954],[1.89136,41.63054],[1.8912,41.63341],[1.89224,41.63503],[1.89209,41.63578],[1.89147,41.63625],[1.89127,41.63898],[1.88985,41.6408],[1.88944,41.6404],[1.89037,41.64564],[1.889,41.64822],[1.88776,41.64823],[1.88658,41.64941],[1.88804,41.64988],[1.88768,41.65078],[1.88812,41.65162],[1.88948,41.65179],[1.88901,41.65296],[1.88955,41.65318],[1.8913,41.6527],[1.89184,41.65359],[1.89317,41.65448],[1.89399,41.65584],[1.89492,41.65552],[1.89558,41.65682],[1.89638,41.65674],[1.89778,41.65756],[1.90102,41.65702],[1.90188,41.65821],[1.90167,41.65883],[1.90288,41.65928],[1.90387,41.66023],[1.90488,41.66246],[1.90708,41.66466],[1.90752,41.66482],[1.90834,41.66433],[1.90992,41.66477],[1.91098,41.66456],[1.91768,41.66554],[1.91863,41.66608],[1.92206,41.66421],[1.92316,41.66196],[1.92654,41.65981],[1.92629,41.65905],[1.92732,41.65835],[1.93035,41.65802],[1.93266,41.66319],[1.93402,41.66308],[1.93674,41.66132],[1.93685,41.65866],[1.9404,41.65777],[1.94124,41.65623],[1.94199,41.65607],[1.94213,41.6553],[1.94003,41.65239],[1.94084,41.64981],[1.94238,41.64858],[1.94378,41.64905],[1.94649,41.6486],[1.94822,41.64891],[1.94862,41.64866],[1.94863,41.64726]]]]}},{"type":"Feature","properties":{"cp":"08301","municipio":"Mataró"},"geometry":{"type":"MultiPolygon","coordinates":[[[[2.45027,41.5464],[2.44948,41.54574],[2.45203,41.54597],[2.452,41.54557],[2.45437,41.54541],[2.45595,41.54159],[2.45895,41.54197],[2.45485,41.53994],[2.44432,41.5327],[2.44184,41.53534],[2.4435,41.53648],[2.44482,41.53813],[2.4449,41.53876],[2.44377,41.54175],[2.44203,41.54472],[2.44501,41.54562],[2.44908,41.54576],[2.45663,41.55269],[2.45668,41.55417],[2.45704,41.55415],[2.45696,41.55269],[2.45501,41.55034],[2.45027,41.5464]]]]}},{"type":"Feature","properties":{"cp":"08302","municipio":"Mataró"},"geometry":{"type":"MultiPolygon","coordinates":[[[[2.44377,41.54175],[2.44489,41.5391],[2.44482,41.53813],[2.4435,41.53648],[2.44184,41.53534],[2.44432,41.5327],[2.45629,41.54079],[2.45895,41.54197],[2.45921,41.54125],[2.45732,41.54],[2.45451,41.53693],[2.45266,41.53707],[2.44661,41.53316],[2.4426,41.52963],[2.42422,41.51919],[2.42274,41.52208],[2.42172,41.52645],[2.42129,41.53239],[2.41522,41.54329],[2.41759,41.54318],[2.4181,41.54117],[2.42257,41.53327],[2.4262,41.53487],[2.42773,41.536],[2.43114,41.53622],[2.43126,41.53684],[2.43533,41.54092],[2.44003,41.54435],[2.44206,41.54471],[2.44377,41.54175]]]]}},{"type":"Feature","properties":{"cp":"08303","municipio":"Mataró"},"geometry":{"type":"MultiPolygon","coordinates":[[[[2.43289,41.54328],[2.43457,41.54183],[2.43647,41.54205],[2.43629,41.5417],[2.4348,41.54158],[2.43541,41.54081],[2.43268,41.53839],[2.43126,41.53684],[2.43114,41.53622],[2.42773,41.536],[2.4262,41.53487],[2.42257,41.53327],[2.4181,41.54117],[2.41759,41.54318],[2.41848,41.54544],[2.42316,41.54717],[2.42592,41.54904],[2.42614,41.55275],[2.42501,41.55729],[2.42611,41.55778],[2.42789,41.55736],[2.42909,41.55267],[2.43006,41.55164],[2.43206,41.55131],[2.43211,41.55064],[2.4315,41.55041],[2.4319,41.54589],[2.43257,41.54566],[2.43212,41.54488],[2.43289,41.54328]]]]}},{"type":"Feature","properties":{"cp":"08304","municipio":"Mataró"},"geometry":{"type":"MultiPolygon","coordinates":[[[[2.45443,41.54533],[2.452,41.54557],[2.45203,41.54597],[2.44948,41.54574],[2.45501,41.55034],[2.45696,41.55269],[2.45704,41.55415],[2.45668,41.55417],[2.45663,41.55269],[2.44908,41.54576],[2.44501,41.54562],[2.44003,41.54435],[2.43533,41.54092],[2.4348,41.54158],[2.43629,41.5417],[2.43647,41.54205],[2.43457,41.54183],[2.43237,41.54408],[2.43212,41.54488],[2.43263,41.54535],[2.4319,41.54589],[2.4315,41.55041],[2.43211,41.55064],[2.43206,41.55131],[2.43006,41.55164],[2.42909,41.55267],[2.42789,41.55736],[2.42611,41.55778],[2.42501,41.55729],[2.42338,41.56379],[2.4245,41.56441],[2.42459,41.56512],[2.4251,41.56528],[2.4267,41.5679],[2.42512,41.57006],[2.42502,41.57273],[2.42282,41.57431],[2.42072,41.57349],[2.4163,41.57687],[2.42027,41.57666],[2.43099,41.57905],[2.43634,41.57773],[2.44836,41.58051],[2.45637,41.57999],[2.45809,41.57909],[2.45992,41.57349],[2.47021,41.57275],[2.47755,41.56616],[2.47926,41.56334],[2.48448,41.55677],[2.48735,41.55112],[2.46889,41.54603],[2.4609,41.54237],[2.45921,41.54125],[2.45895,41.54197],[2.45595,41.54159],[2.45443,41.54533]]]]}},{"type":"Feature","properties":{"cp":"08310","municipio":"Argentona"},"geometry":{"type":"MultiPolygon","coordinates":[[[[2.4163,41.57687],[2.42072,41.57349],[2.42282,41.57431],[2.42502,41.57273],[2.42512,41.57006],[2.4267,41.5679],[2.4251,41.56528],[2.42459,41.56512],[2.4245,41.56441],[2.42338,41.56379],[2.42614,41.55275],[2.42592,41.54904],[2.42316,41.54717],[2.41848,41.54544],[2.41783,41.54317],[2.41522,41.54329],[2.42129,41.53239],[2.41975,41.5309],[2.41969,41.53149],[2.41518,41.53192],[2.4136,41.5338],[2.40832,41.53517],[2.40799,41.53612],[2.40926,41.53766],[2.40939,41.5386],[2.40769,41.53906],[2.40503,41.53893],[2.39872,41.54005],[2.39465,41.53846],[2.39163,41.53963],[2.38677,41.5385],[2.38287,41.5411],[2.3806,41.54014],[2.37575,41.5415],[2.37445,41.54254],[2.37383,41.54169],[2.37083,41.54192],[2.36985,41.54313],[2.36642,41.54487],[2.36076,41.55067],[2.35939,41.55318],[2.36326,41.56249],[2.35618,41.57371],[2.36574,41.58337],[2.36854,41.58542],[2.37506,41.59533],[2.37842,41.59362],[2.38058,41.59418],[2.38138,41.59322],[2.38652,41.59295],[2.3879,41.59016],[2.38806,41.58533],[2.38917,41.5831],[2.39045,41.58228],[2.39201,41.57987],[2.39279,41.57994],[2.39457,41.57827],[2.39949,41.57552],[2.40556,41.57941],[2.40961,41.57835],[2.41164,41.57828],[2.41518,41.57691],[2.4163,41.57687]]]]}},{"type":"Feature","properties":{"cp":"08317","municipio":"Òrrius"},"geometry":{"type":"MultiPolygon","coordinates":[[[[2.33731,41.54975],[2.33829,41.55076],[2.33815,41.55322],[2.33947,41.55487],[2.33785,41.55646],[2.33835,41.55813],[2.33743,41.56121],[2.34025,41.56042],[2.34226,41.56109],[2.34384,41.56294],[2.34421,41.56539],[2.34742,41.56706],[2.34839,41.56849],[2.34868,41.5697],[2.35122,41.57069],[2.35618,41.57371],[2.36326,41.56249],[2.35939,41.55318],[2.36076,41.55067],[2.36642,41.54487],[2.36901,41.54331],[2.36737,41.54317],[2.36479,41.54384],[2.36241,41.54373],[2.35709,41.54248],[2.35543,41.54153],[2.35171,41.54103],[2.34405,41.54284],[2.34252,41.54515],[2.34316,41.54619],[2.34197,41.54637],[2.33524,41.54383],[2.33398,41.54492],[2.33548,41.54561],[2.33566,41.54907],[2.33731,41.54975]]]]}},{"type":"Feature","properties":{"cp":"08318","municipio":"Dosrius"},"geometry":{"type":"MultiPolygon","coordinates":[[[[2.43432,41.57823],[2.42852,41.60458],[2.43681,41.60993],[2.44825,41.62737],[2.45046,41.6263],[2.45271,41.62686],[2.45383,41.6297],[2.45536,41.63102],[2.4569,41.63039],[2.45732,41.62933],[2.45715,41.62825],[2.46167,41.6296],[2.4635,41.63061],[2.46702,41.63045],[2.47205,41.6296],[2.47251,41.62966],[2.47311,41.63078],[2.47681,41.63076],[2.47778,41.63122],[2.47891,41.62997],[2.48088,41.62902],[2.48258,41.62982],[2.48326,41.6308],[2.48568,41.63127],[2.48456,41.6299],[2.48464,41.62913],[2.48552,41.6284],[2.48621,41.62696],[2.49087,41.62465],[2.49313,41.62435],[2.49469,41.62479],[2.49619,41.6242],[2.49547,41.61856],[2.49554,41.61241],[2.49384,41.61015],[2.49549,41.6098],[2.49748,41.60858],[2.49705,41.60714],[2.49795,41.60568],[2.49743,41.60456],[2.49016,41.60347],[2.48984,41.6026],[2.48425,41.60214],[2.47737,41.59927],[2.4765,41.59789],[2.47734,41.59653],[2.47597,41.59439],[2.47348,41.59313],[2.46993,41.5896],[2.46675,41.58791],[2.4652,41.58796],[2.45637,41.57999],[2.44836,41.58051],[2.43634,41.57773],[2.43432,41.57823]]]]}},{"type":"Feature","properties":{"cp":"08319","municipio":"Dosrius"},"geometry":{"type":"MultiPolygon","coordinates":[[[[2.44825,41.62737],[2.43681,41.60993],[2.42852,41.60458],[2.43432,41.57823],[2.43099,41.57905],[2.42027,41.57666],[2.41518,41.57691],[2.41164,41.57828],[2.40961,41.57835],[2.40556,41.57941],[2.39949,41.57552],[2.39457,41.57827],[2.39279,41.57994],[2.39201,41.57987],[2.39045,41.58228],[2.38917,41.5831],[2.38806,41.58533],[2.3879,41.59016],[2.38652,41.59295],[2.38138,41.59322],[2.38058,41.59418],[2.37842,41.59362],[2.37506,41.59533],[2.3806,41.59505],[2.3827,41.59698],[2.3833,41.59917],[2.3825,41.60006],[2.38421,41.60002],[2.38463,41.60032],[2.38608,41.59983],[2.3874,41.60143],[2.38873,41.60194],[2.3892,41.60322],[2.39059,41.60436],[2.39092,41.60524],[2.39339,41.60624],[2.39417,41.60861],[2.40075,41.60761],[2.40108,41.61099],[2.40245,41.61137],[2.40265,41.61283],[2.40463,41.61381],[2.40535,41.61534],[2.40713,41.61716],[2.41016,41.62157],[2.4136,41.62388],[2.41501,41.62625],[2.41579,41.62619],[2.41717,41.62704],[2.41826,41.62702],[2.41886,41.62595],[2.4201,41.62568],[2.4216,41.63051],[2.42409,41.62985],[2.42751,41.62964],[2.42924,41.63003],[2.42902,41.63069],[2.42952,41.63095],[2.43056,41.62958],[2.43154,41.62955],[2.43173,41.63068],[2.43291,41.6305],[2.4335,41.62968],[2.43628,41.62834],[2.44071,41.63065],[2.4447,41.62983],[2.4478,41.63047],[2.44743,41.6301],[2.44825,41.62737]]]]}},{"type":"Feature","properties":{"cp":"08320","municipio":"Masnou, El"},"geometry":{"type":"MultiPolygon","coordinates":[[[[2.32129,41.48786],[2.32189,41.48878],[2.32198,41.48849],[2.32381,41.48929],[2.32457,41.48689],[2.32677,41.48802],[2.32747,41.48781],[2.32853,41.48892],[2.33029,41.48767],[2.33125,41.48747],[2.33315,41.4889],[2.33513,41.48727],[2.33597,41.48472],[2.33735,41.4844],[2.33899,41.48578],[2.3437,41.48832],[2.34518,41.487],[2.3466,41.48492],[2.32226,41.4793],[2.31691,41.47721],[2.3163,41.4764],[2.31611,41.47794],[2.31277,41.47694],[2.31352,41.47626],[2.31207,41.47614],[2.31193,41.47657],[2.31108,41.47658],[2.31142,41.47612],[2.30997,41.47592],[2.3091,41.47635],[2.29602,41.47217],[2.29507,41.47575],[2.29712,41.47578],[2.2974,41.47649],[2.29773,41.47592],[2.29938,41.47582],[2.30287,41.47986],[2.3043,41.48023],[2.30389,41.48113],[2.3068,41.48215],[2.3067,41.48253],[2.30729,41.48288],[2.3065,41.48388],[2.3055,41.48398],[2.30526,41.48471],[2.30381,41.48508],[2.3034,41.48688],[2.30476,41.48732],[2.30402,41.48776],[2.30504,41.48801],[2.30538,41.48922],[2.30929,41.49014],[2.30926,41.48826],[2.3106,41.48861],[2.31164,41.48829],[2.31325,41.48852],[2.31497,41.48765],[2.31728,41.48853],[2.31754,41.48978],[2.31829,41.49039],[2.31833,41.48989],[2.31895,41.48974],[2.32053,41.48796],[2.32129,41.48786]]]]}},{"type":"Feature","properties":{"cp":"08328","municipio":"Alella"},"geometry":{"type":"MultiPolygon","coordinates":[[[[2.30717,41.51312],[2.30721,41.50814],[2.30666,41.50695],[2.30862,41.50001],[2.30959,41.49017],[2.30538,41.48922],[2.30504,41.48801],[2.30402,41.48776],[2.30476,41.48732],[2.3034,41.48688],[2.30381,41.48508],[2.30526,41.48471],[2.3055,41.48398],[2.3065,41.48388],[2.30729,41.48288],[2.3067,41.48253],[2.3068,41.48215],[2.30389,41.48113],[2.3043,41.48023],[2.30287,41.47986],[2.29938,41.47582],[2.29773,41.47592],[2.2974,41.47649],[2.29712,41.47578],[2.29546,41.47573],[2.29541,41.47703],[2.29396,41.47867],[2.29193,41.48247],[2.28734,41.4863],[2.28724,41.4872],[2.28293,41.49021],[2.28267,41.49116],[2.27978,41.49503],[2.27776,41.49581],[2.27669,41.49756],[2.27148,41.49912],[2.27063,41.50004],[2.26914,41.50071],[2.26792,41.50214],[2.26802,41.50414],[2.2666,41.50465],[2.26807,41.50738],[2.26829,41.50926],[2.27463,41.51165],[2.27588,41.51134],[2.28476,41.51526],[2.29049,41.51434],[2.29663,41.51449],[2.30211,41.51531],[2.30717,41.51312]]]]}},{"type":"Feature","properties":{"cp":"08329","municipio":"Teià"},"geometry":{"type":"MultiPolygon","coordinates":[[[[2.32144,41.48794],[2.32053,41.48796],[2.31895,41.48974],[2.31833,41.48989],[2.31829,41.49039],[2.31754,41.48978],[2.31733,41.48857],[2.31614,41.48784],[2.31454,41.48768],[2.31325,41.48852],[2.31164,41.48829],[2.3106,41.48861],[2.30926,41.48826],[2.30968,41.49117],[2.30862,41.50001],[2.30666,41.50695],[2.30721,41.50814],[2.30717,41.51312],[2.30954,41.51611],[2.31063,41.51652],[2.31328,41.51653],[2.31574,41.51747],[2.32371,41.51644],[2.32356,41.51527],[2.32472,41.51472],[2.3249,41.5131],[2.32723,41.51184],[2.32885,41.50876],[2.3286,41.50795],[2.33035,41.50742],[2.33231,41.504],[2.33475,41.50198],[2.33386,41.49936],[2.33491,41.49769],[2.33562,41.49785],[2.33592,41.49735],[2.33514,41.49718],[2.33651,41.49503],[2.33613,41.49441],[2.33702,41.49447],[2.33746,41.49499],[2.33835,41.49393],[2.33773,41.49348],[2.33793,41.49292],[2.33865,41.49293],[2.34037,41.49058],[2.34095,41.49076],[2.34288,41.48951],[2.34245,41.48905],[2.3437,41.48832],[2.33899,41.48578],[2.33735,41.4844],[2.33597,41.48472],[2.33513,41.48727],[2.33315,41.4889],[2.33125,41.48747],[2.33029,41.48767],[2.32853,41.48892],[2.32747,41.48781],[2.32677,41.48802],[2.32457,41.48689],[2.32381,41.48929],[2.32198,41.48849],[2.32189,41.48878],[2.32144,41.48794]]]]}},{"type":"Feature","properties":{"cp":"08330","municipio":"Premià de Mar"},"geometry":{"type":"MultiPolygon","coordinates":[[[[2.35169,41.49625],[2.35597,41.4977],[2.3581,41.49743],[2.36049,41.49882],[2.36205,41.49657],[2.36632,41.49555],[2.37196,41.49635],[2.37369,41.49697],[2.37596,41.49418],[2.36908,41.49155],[2.36906,41.49054],[2.36563,41.48947],[2.36841,41.49062],[2.36842,41.49139],[2.36673,41.49088],[2.3667,41.49034],[2.36522,41.49054],[2.36166,41.48884],[2.36092,41.489],[2.35088,41.48601],[2.35039,41.48496],[2.35043,41.48549],[2.34935,41.48572],[2.3466,41.48492],[2.34399,41.48814],[2.34876,41.49338],[2.34913,41.49448],[2.35169,41.49625]]]]}},{"type":"Feature","properties":{"cp":"08338","municipio":"Premià de Dalt"},"geometry":{"type":"MultiPolygon","coordinates":[[[[2.3288,41.50861],[2.32723,41.51184],[2.3249,41.5131],[2.32472,41.51472],[2.32356,41.51527],[2.32371,41.51644],[2.32276,41.51665],[2.32483,41.51828],[2.32604,41.52004],[2.32737,41.52116],[2.33105,41.52384],[2.33227,41.52323],[2.33369,41.52486],[2.33689,41.51869],[2.3389,41.51715],[2.34856,41.51374],[2.34933,41.51261],[2.35671,41.50797],[2.35974,41.50656],[2.368,41.50004],[2.37288,41.49679],[2.37196,41.49635],[2.36632,41.49555],[2.36205,41.49657],[2.36049,41.49882],[2.3581,41.49743],[2.35597,41.4977],[2.35212,41.49655],[2.34913,41.49448],[2.34876,41.49338],[2.34399,41.48814],[2.34245,41.48905],[2.34288,41.48951],[2.34095,41.49076],[2.34037,41.49058],[2.33865,41.49293],[2.33793,41.49292],[2.33773,41.49348],[2.33835,41.49393],[2.33746,41.49499],[2.33702,41.49447],[2.33613,41.49441],[2.33651,41.49503],[2.33514,41.49718],[2.33592,41.49735],[2.33562,41.49785],[2.33491,41.49769],[2.33386,41.49936],[2.33475,41.50198],[2.33231,41.504],[2.33035,41.50742],[2.3286,41.50795],[2.3288,41.50861]]]]}},{"type":"Feature","properties":{"cp":"08339","municipio":"Vilassar de Dalt"},"geometry":{"type":"MultiPolygon","coordinates":[[[[2.35127,41.51158],[2.34933,41.51261],[2.34856,41.51374],[2.3389,41.51715],[2.33689,41.51869],[2.33369,41.52486],[2.33227,41.52323],[2.32934,41.52437],[2.32907,41.5261],[2.32845,41.5268],[2.32867,41.52847],[2.32689,41.52845],[2.32523,41.52924],[2.32466,41.53009],[2.32317,41.5302],[2.32077,41.52937],[2.31899,41.53122],[2.319,41.53281],[2.31718,41.53248],[2.31627,41.53322],[2.32877,41.53936],[2.32808,41.54108],[2.33415,41.54279],[2.33524,41.54383],[2.34197,41.54637],[2.34316,41.54619],[2.34252,41.54515],[2.34405,41.54284],[2.35171,41.54103],[2.34965,41.54076],[2.34849,41.53839],[2.34287,41.53484],[2.34385,41.53304],[2.34292,41.53062],[2.34532,41.53104],[2.3604,41.52478],[2.36237,41.52269],[2.36496,41.52102],[2.36729,41.52041],[2.37183,41.51608],[2.37565,41.51374],[2.37655,41.51444],[2.37998,41.51242],[2.37223,41.50843],[2.37052,41.50641],[2.36986,41.50427],[2.36634,41.50267],[2.36562,41.50188],[2.35974,41.50656],[2.35671,41.50797],[2.35127,41.51158]]]]}},{"type":"Feature","properties":{"cp":"08340","municipio":"Vilassar de Mar"},"geometry":{"type":"MultiPolygon","coordinates":[[[[2.36957,41.49899],[2.36562,41.50188],[2.36634,41.50267],[2.36986,41.50427],[2.37052,41.50641],[2.37223,41.50843],[2.37998,41.51242],[2.38253,41.51444],[2.38476,41.51497],[2.38743,41.51506],[2.39168,41.5162],[2.39387,41.51455],[2.40264,41.50618],[2.39949,41.50396],[2.39905,41.50438],[2.39811,41.50412],[2.39061,41.50055],[2.38884,41.49889],[2.3889,41.49945],[2.38791,41.49942],[2.37845,41.49462],[2.37596,41.49418],[2.37369,41.49697],[2.37288,41.49679],[2.36957,41.49899]]]]}},{"type":"Feature","properties":{"cp":"08348","municipio":"Cabrils"},"geometry":{"type":"MultiPolygon","coordinates":[[[[2.36582,41.52079],[2.36237,41.52269],[2.3604,41.52478],[2.34532,41.53104],[2.34292,41.53062],[2.34385,41.53304],[2.34287,41.53484],[2.34849,41.53839],[2.34965,41.54076],[2.35543,41.54153],[2.35709,41.54248],[2.36241,41.54373],[2.36479,41.54384],[2.36737,41.54317],[2.36985,41.54313],[2.37083,41.54192],[2.37383,41.54169],[2.37445,41.54254],[2.37575,41.5415],[2.37697,41.54128],[2.37597,41.54036],[2.37501,41.53802],[2.37541,41.53705],[2.37605,41.53725],[2.37839,41.53573],[2.37892,41.53465],[2.3782,41.53418],[2.37952,41.53185],[2.37881,41.5306],[2.38025,41.52881],[2.38001,41.52819],[2.38155,41.52795],[2.38263,41.52644],[2.38548,41.52437],[2.38652,41.52165],[2.39047,41.51819],[2.39168,41.5162],[2.38743,41.51506],[2.38253,41.51444],[2.37997,41.51242],[2.37655,41.51444],[2.37565,41.51374],[2.37183,41.51608],[2.36729,41.52041],[2.36582,41.52079]]]]}},{"type":"Feature","properties":{"cp":"08349","municipio":"Cabrera de Mar"},"geometry":{"type":"MultiPolygon","coordinates":[[[[2.37697,41.54128],[2.3806,41.54014],[2.38287,41.5411],[2.38677,41.5385],[2.39163,41.53963],[2.39465,41.53846],[2.39872,41.54005],[2.40503,41.53893],[2.40769,41.53906],[2.40939,41.5386],[2.40926,41.53766],[2.40799,41.53612],[2.40832,41.53517],[2.4136,41.5338],[2.41518,41.53192],[2.41969,41.53149],[2.41975,41.5309],[2.42129,41.53239],[2.42172,41.52645],[2.42274,41.52208],[2.42422,41.51919],[2.42006,41.51744],[2.40739,41.5087],[2.40264,41.50618],[2.39387,41.51455],[2.39168,41.5162],[2.39047,41.51819],[2.38652,41.52165],[2.38548,41.52437],[2.38263,41.52644],[2.38155,41.52795],[2.38001,41.52819],[2.38025,41.52881],[2.37881,41.5306],[2.37952,41.53185],[2.3782,41.53418],[2.37892,41.53465],[2.37839,41.53573],[2.37605,41.53725],[2.37541,41.53705],[2.37501,41.53802],[2.37597,41.54036],[2.37697,41.54128]]]]}},{"type":"Feature","properties":{"cp":"08350","municipio":"Arenys de Mar"},"geometry":{"type":"MultiPolygon","coordinates":[[[[2.54278,41.59114],[2.54851,41.59267],[2.55459,41.59341],[2.56084,41.59506],[2.56592,41.59565],[2.56778,41.59545],[2.56879,41.59455],[2.57015,41.59193],[2.5686,41.59042],[2.57035,41.58654],[2.56959,41.5861],[2.57126,41.5831],[2.57212,41.58326],[2.56263,41.57864],[2.56092,41.57526],[2.55763,41.57453],[2.56054,41.57535],[2.56089,41.57825],[2.56117,41.5783],[2.56077,41.5772],[2.56132,41.57706],[2.56159,41.57816],[2.56254,41.57938],[2.56126,41.57984],[2.56028,41.57979],[2.56055,41.5795],[2.55817,41.57968],[2.55877,41.57951],[2.55783,41.57939],[2.55784,41.57896],[2.56068,41.57909],[2.5575,41.57891],[2.55685,41.57952],[2.55625,41.57945],[2.55686,41.57884],[2.55621,41.57946],[2.55558,41.57939],[2.55618,41.57878],[2.55511,41.57939],[2.55498,41.57912],[2.5561,41.57805],[2.55935,41.57787],[2.55936,41.57737],[2.55575,41.5776],[2.55461,41.57852],[2.55116,41.57807],[2.54683,41.576],[2.54048,41.57403],[2.53843,41.57262],[2.53713,41.57258],[2.53434,41.57143],[2.53296,41.57059],[2.53315,41.56947],[2.5326,41.57033],[2.5307,41.56967],[2.53032,41.57028],[2.52876,41.57053],[2.52799,41.57122],[2.52849,41.57259],[2.52694,41.57284],[2.5253,41.57481],[2.52467,41.57704],[2.52255,41.57743],[2.5212,41.58098],[2.52361,41.58258],[2.52569,41.58251],[2.52643,41.58283],[2.54278,41.59114]]]]}},{"type":"Feature","properties":{"cp":"08358","municipio":"Arenys de Munt"},"geometry":{"type":"MultiPolygon","coordinates":[[[[2.50994,41.59487],[2.50822,41.59489],[2.50818,41.59549],[2.49828,41.60251],[2.50012,41.60364],[2.49795,41.60568],[2.49705,41.60714],[2.49748,41.60858],[2.49549,41.6098],[2.49384,41.61015],[2.49554,41.61241],[2.49547,41.61856],[2.49619,41.6242],[2.50056,41.62451],[2.50593,41.62404],[2.50891,41.62512],[2.51228,41.62547],[2.51509,41.6268],[2.51709,41.62611],[2.52324,41.62547],[2.52655,41.62651],[2.52904,41.62846],[2.52959,41.63152],[2.53201,41.63288],[2.53448,41.633],[2.53607,41.63358],[2.53566,41.63442],[2.53577,41.63645],[2.53499,41.63839],[2.53567,41.63966],[2.53567,41.64069],[2.53667,41.64105],[2.54725,41.63246],[2.55028,41.62933],[2.55145,41.62878],[2.55383,41.62654],[2.55663,41.6249],[2.557,41.62384],[2.55577,41.62318],[2.5557,41.62272],[2.55615,41.62101],[2.5556,41.61793],[2.55568,41.61567],[2.55808,41.61331],[2.55379,41.60698],[2.55458,41.60402],[2.56159,41.60003],[2.56778,41.59545],[2.56592,41.59565],[2.56084,41.59506],[2.55459,41.59341],[2.54851,41.59267],[2.54359,41.59154],[2.52643,41.58283],[2.52569,41.58251],[2.52361,41.58258],[2.5212,41.58098],[2.52036,41.58405],[2.52325,41.59021],[2.52304,41.59107],[2.51948,41.59486],[2.51743,41.59578],[2.51629,41.59542],[2.51394,41.59571],[2.50994,41.59487]]]]}},{"type":"Feature","properties":{"cp":"08359","municipio":"Sant Iscle de Vallalta"},"geometry":{"type":"MultiPolygon","coordinates":[[[[2.55563,41.61755],[2.55615,41.62101],[2.5557,41.62272],[2.55577,41.62318],[2.557,41.62384],[2.55663,41.6249],[2.55383,41.62654],[2.55145,41.62878],[2.55028,41.62933],[2.54725,41.63246],[2.53667,41.64105],[2.53865,41.6419],[2.53999,41.64336],[2.54066,41.64809],[2.54339,41.64991],[2.54477,41.65547],[2.54615,41.65762],[2.55149,41.66],[2.56037,41.6586],[2.56163,41.65867],[2.56642,41.66038],[2.57084,41.66092],[2.58783,41.65889],[2.59366,41.65895],[2.59321,41.65747],[2.59399,41.64683],[2.59363,41.64327],[2.58731,41.63401],[2.58687,41.6329],[2.58693,41.63143],[2.586,41.63076],[2.5862,41.62895],[2.5833,41.62639],[2.58231,41.62297],[2.58068,41.61929],[2.57949,41.61954],[2.57891,41.61906],[2.57968,41.6171],[2.57942,41.6151],[2.58191,41.61057],[2.57869,41.60974],[2.57764,41.60995],[2.57567,41.61113],[2.57414,41.61041],[2.5726,41.61028],[2.56991,41.61112],[2.5685,41.61317],[2.56641,41.61339],[2.56247,41.61458],[2.55808,41.61331],[2.55568,41.61567],[2.55563,41.61755]]]]}},{"type":"Feature","properties":{"cp":"08360","municipio":"Canet de Mar"},"geometry":{"type":"MultiPolygon","coordinates":[[[[2.57171,41.61072],[2.57301,41.61022],[2.57567,41.61113],[2.57764,41.60995],[2.57869,41.60974],[2.58191,41.61057],[2.58396,41.60798],[2.58292,41.60691],[2.58353,41.60554],[2.58481,41.60409],[2.58582,41.60103],[2.58824,41.59967],[2.58931,41.59786],[2.59309,41.59565],[2.59498,41.59211],[2.59522,41.59055],[2.59348,41.58975],[2.58928,41.58884],[2.57833,41.58423],[2.57654,41.58458],[2.5733,41.58397],[2.57126,41.5831],[2.56959,41.5861],[2.57035,41.58654],[2.5686,41.59042],[2.57015,41.59193],[2.56879,41.59455],[2.56159,41.60003],[2.55458,41.60402],[2.55379,41.60698],[2.55808,41.61331],[2.56179,41.61464],[2.5685,41.61317],[2.56991,41.61112],[2.57171,41.61072]]]]}},{"type":"Feature","properties":{"cp":"08370","municipio":"Calella"},"geometry":{"type":"MultiPolygon","coordinates":[[[[2.66489,41.6129],[2.65554,41.61068],[2.65529,41.61112],[2.6552,41.61059],[2.6509,41.60949],[2.64243,41.60589],[2.64154,41.60597],[2.63942,41.60483],[2.63561,41.61165],[2.63591,41.61358],[2.63303,41.62016],[2.63351,41.62366],[2.63288,41.62744],[2.62952,41.62917],[2.62828,41.6294],[2.62868,41.63011],[2.62848,41.63107],[2.62904,41.63209],[2.62778,41.63415],[2.62876,41.63602],[2.62818,41.63817],[2.63019,41.63851],[2.63222,41.64008],[2.64168,41.63999],[2.6494,41.6407],[2.64867,41.63274],[2.65785,41.62871],[2.66003,41.62684],[2.66171,41.62412],[2.66196,41.62274],[2.66669,41.62034],[2.67073,41.61477],[2.66489,41.6129]]]]}},{"type":"Feature","properties":{"cp":"08380","municipio":"Malgrat de Mar"},"geometry":{"type":"MultiPolygon","coordinates":[[[[2.72413,41.63867],[2.72161,41.64111],[2.71829,41.64589],[2.71497,41.64941],[2.71471,41.65028],[2.71503,41.65167],[2.71755,41.65293],[2.7244,41.65263],[2.72763,41.65465],[2.72875,41.65467],[2.73382,41.65724],[2.7385,41.65778],[2.73978,41.66021],[2.74136,41.66059],[2.74276,41.66153],[2.74647,41.6603],[2.75089,41.65756],[2.75514,41.65925],[2.75679,41.66082],[2.75761,41.66087],[2.76527,41.66614],[2.77095,41.66038],[2.77708,41.65139],[2.77837,41.64881],[2.77803,41.64852],[2.77691,41.64874],[2.77516,41.64754],[2.75697,41.64552],[2.74485,41.64241],[2.7278,41.63511],[2.72413,41.63867]]]]}},{"type":"Feature","properties":{"cp":"08389","municipio":"Palafolls"},"geometry":{"type":"MultiPolygon","coordinates":[[[[2.75787,41.67912],[2.76143,41.66927],[2.76527,41.66614],[2.75761,41.66087],[2.75679,41.66082],[2.75514,41.65925],[2.75089,41.65756],[2.74647,41.6603],[2.74276,41.66153],[2.74136,41.66059],[2.73978,41.66021],[2.7385,41.65778],[2.73382,41.65724],[2.72875,41.65467],[2.72763,41.65465],[2.7244,41.65263],[2.71755,41.65293],[2.71503,41.65167],[2.71413,41.65221],[2.70913,41.65315],[2.70936,41.65553],[2.70844,41.65613],[2.70626,41.65658],[2.70441,41.65778],[2.70127,41.6614],[2.69977,41.66405],[2.6963,41.6667],[2.69534,41.66884],[2.69459,41.66914],[2.69384,41.67047],[2.69426,41.67108],[2.69977,41.67366],[2.7011,41.67551],[2.7039,41.67622],[2.70552,41.67767],[2.71611,41.68285],[2.71769,41.68431],[2.71841,41.68671],[2.72194,41.68777],[2.72389,41.68957],[2.72313,41.69239],[2.72705,41.69287],[2.7345,41.69033],[2.73637,41.69079],[2.74148,41.68896],[2.74232,41.68991],[2.75323,41.68558],[2.75684,41.68109],[2.75787,41.67912]]]]}},{"type":"Feature","properties":{"cp":"08390","municipio":"Montgat"},"geometry":{"type":"MultiPolygon","coordinates":[[[[2.29275,41.48118],[2.29396,41.47867],[2.29541,41.47703],[2.29546,41.47573],[2.29507,41.47554],[2.29602,41.47217],[2.29638,41.4723],[2.28089,41.46583],[2.27945,41.46495],[2.27969,41.46446],[2.27905,41.46478],[2.2765,41.46424],[2.27029,41.46081],[2.26797,41.46391],[2.26467,41.46556],[2.264,41.46714],[2.26131,41.47004],[2.26144,41.47064],[2.26638,41.47192],[2.26747,41.47114],[2.27005,41.47211],[2.2723,41.47105],[2.27406,41.4721],[2.27373,41.47263],[2.27574,41.4733],[2.27594,41.47504],[2.27755,41.47588],[2.27892,41.47445],[2.28107,41.47644],[2.28584,41.47761],[2.29193,41.48247],[2.29275,41.48118]]],[[[2.2763,41.47523],[2.27588,41.47626],[2.2758,41.48013],[2.27733,41.48203],[2.2873,41.48664],[2.29193,41.48247],[2.28584,41.47761],[2.28107,41.47644],[2.27892,41.47445],[2.27755,41.47588],[2.2763,41.47523]]]]}},{"type":"Feature","properties":{"cp":"08391","municipio":"Tiana"},"geometry":{"type":"MultiPolygon","coordinates":[[[[2.25855,41.47324],[2.26013,41.47657],[2.25906,41.47895],[2.25658,41.48016],[2.25247,41.47993],[2.24745,41.48544],[2.24726,41.48841],[2.24695,41.48866],[2.25251,41.49224],[2.25426,41.49202],[2.25515,41.49353],[2.25531,41.49588],[2.25743,41.49622],[2.25928,41.49755],[2.26007,41.49921],[2.26303,41.50169],[2.26234,41.5025],[2.26318,41.5041],[2.26501,41.50449],[2.26623,41.50417],[2.2666,41.50465],[2.26802,41.50414],[2.26792,41.50214],[2.26914,41.50071],[2.27063,41.50004],[2.27148,41.49912],[2.27669,41.49756],[2.27776,41.49581],[2.27978,41.49503],[2.28267,41.49116],[2.28293,41.49021],[2.28724,41.4872],[2.2873,41.48664],[2.27733,41.48203],[2.2758,41.48013],[2.27588,41.47626],[2.2763,41.47523],[2.27594,41.47504],[2.27574,41.4733],[2.27373,41.47263],[2.27406,41.4721],[2.2723,41.47105],[2.27005,41.47211],[2.26747,41.47114],[2.26638,41.47192],[2.26144,41.47064],[2.2608,41.47076],[2.25855,41.47324]]]]}},{"type":"Feature","properties":{"cp":"08392","municipio":"Sant Andreu de Llavaneres"},"geometry":{"type":"MultiPolygon","coordinates":[[[[2.48448,41.55677],[2.47926,41.56334],[2.47755,41.56616],[2.47021,41.57275],[2.45992,41.57349],[2.45809,41.57909],[2.45637,41.57999],[2.4652,41.58796],[2.46675,41.58791],[2.46993,41.5896],[2.47348,41.59313],[2.47597,41.59439],[2.47734,41.59653],[2.4765,41.59789],[2.47737,41.59927],[2.48425,41.60214],[2.48984,41.6026],[2.49016,41.60347],[2.49602,41.60413],[2.49405,41.59984],[2.49672,41.58007],[2.49608,41.57939],[2.49586,41.57596],[2.49535,41.57425],[2.49542,41.5703],[2.49781,41.56979],[2.49955,41.56807],[2.50036,41.56785],[2.5009,41.56597],[2.50445,41.56477],[2.50647,41.56321],[2.50647,41.56238],[2.50868,41.56038],[2.50831,41.55998],[2.50715,41.55994],[2.50231,41.55686],[2.50191,41.55618],[2.50032,41.55596],[2.49851,41.55441],[2.49759,41.55457],[2.4949,41.55274],[2.48735,41.55112],[2.48448,41.55677]]]]}},{"type":"Feature","properties":{"cp":"08393","municipio":"Caldes d'Estrac"},"geometry":{"type":"MultiPolygon","coordinates":[[[[2.53139,41.56946],[2.53144,41.56889],[2.53108,41.56944],[2.52994,41.56879],[2.53006,41.56806],[2.52981,41.56864],[2.52882,41.56857],[2.52794,41.56772],[2.52816,41.56735],[2.52741,41.5669],[2.52781,41.56734],[2.52733,41.56757],[2.52617,41.5674],[2.52611,41.56649],[2.52578,41.567],[2.52461,41.56701],[2.52306,41.56584],[2.5232,41.5653],[2.52227,41.56591],[2.51874,41.57005],[2.51741,41.5734],[2.51827,41.57482],[2.51938,41.57554],[2.52138,41.576],[2.52264,41.57508],[2.5253,41.57481],[2.52694,41.57284],[2.52849,41.57259],[2.52799,41.57122],[2.52872,41.57056],[2.53032,41.57028],[2.5307,41.56967],[2.53169,41.57006],[2.53125,41.56981],[2.53139,41.56946]]]]}},{"type":"Feature","properties":{"cp":"08394","municipio":"Sant Vicenç de Montalt"},"geometry":{"type":"MultiPolygon","coordinates":[[[[2.50991,41.59487],[2.51394,41.59571],[2.51629,41.59542],[2.51743,41.59578],[2.51948,41.59486],[2.52304,41.59107],[2.52325,41.59021],[2.52036,41.58405],[2.52255,41.57743],[2.52467,41.57704],[2.5253,41.57481],[2.52264,41.57508],[2.52138,41.576],[2.52059,41.57595],[2.51938,41.57554],[2.51778,41.57423],[2.51741,41.5734],[2.51874,41.57005],[2.52227,41.56591],[2.5199,41.56481],[2.52038,41.56411],[2.51963,41.56483],[2.518,41.56406],[2.51839,41.56302],[2.51775,41.56358],[2.51557,41.56284],[2.51601,41.56184],[2.51498,41.56262],[2.5128,41.56154],[2.51301,41.56076],[2.51251,41.56161],[2.5106,41.56041],[2.51076,41.56071],[2.50939,41.56085],[2.50868,41.56038],[2.50647,41.56238],[2.50647,41.56321],[2.50445,41.56477],[2.5009,41.56597],[2.50036,41.56785],[2.49955,41.56807],[2.49781,41.56979],[2.49542,41.5703],[2.49535,41.57425],[2.49586,41.57596],[2.49608,41.57939],[2.49672,41.58007],[2.49405,41.59984],[2.49602,41.60413],[2.49743,41.60456],[2.49795,41.60568],[2.50012,41.60364],[2.49828,41.60251],[2.50818,41.59549],[2.50822,41.59489],[2.50991,41.59487]]]]}},{"type":"Feature","properties":{"cp":"08395","municipio":"Sant Pol de Mar"},"geometry":{"type":"MultiPolygon","coordinates":[[[[2.63498,41.60418],[2.63201,41.6039],[2.62533,41.60004],[2.62445,41.60091],[2.61877,41.59805],[2.61482,41.59759],[2.60878,41.5948],[2.60693,41.5947],[2.59522,41.59055],[2.59498,41.59211],[2.59309,41.59565],[2.58931,41.59786],[2.58824,41.59966],[2.59165,41.60134],[2.59234,41.60381],[2.59494,41.60663],[2.61094,41.61326],[2.61654,41.61475],[2.61881,41.61453],[2.62321,41.61722],[2.62327,41.6193],[2.62413,41.62012],[2.62263,41.62157],[2.62383,41.62408],[2.62405,41.626],[2.62828,41.6294],[2.62952,41.62917],[2.63288,41.62744],[2.63351,41.62366],[2.63303,41.62016],[2.63591,41.61358],[2.63561,41.61165],[2.63942,41.60483],[2.63774,41.60518],[2.63498,41.60418]]]]}},{"type":"Feature","properties":{"cp":"08396","municipio":"Tordera"},"geometry":{"type":"MultiPolygon","coordinates":[[[[2.63399,41.64854],[2.63178,41.64776],[2.6292,41.64873],[2.62714,41.64796],[2.62598,41.64829],[2.62405,41.64749],[2.62105,41.64762],[2.61737,41.64723],[2.61344,41.64759],[2.60661,41.65005],[2.60596,41.65142],[2.60607,41.65779],[2.59806,41.65793],[2.59602,41.65886],[2.59305,41.65888],[2.59366,41.65895],[2.59601,41.66419],[2.59788,41.67021],[2.60648,41.67302],[2.6223,41.66198],[2.63399,41.64854]]],[[[2.5797,41.61441],[2.57942,41.6151],[2.57968,41.6171],[2.57891,41.61906],[2.57949,41.61954],[2.58068,41.61929],[2.58231,41.62297],[2.5833,41.62639],[2.5862,41.62895],[2.586,41.63076],[2.58693,41.63143],[2.58687,41.6329],[2.58731,41.63401],[2.59363,41.64327],[2.59399,41.64683],[2.59321,41.65747],[2.59366,41.65895],[2.59602,41.65886],[2.59806,41.65793],[2.60607,41.65779],[2.60613,41.65079],[2.60661,41.65005],[2.6102,41.64855],[2.61344,41.64759],[2.61737,41.64723],[2.62105,41.64762],[2.62405,41.64749],[2.62657,41.64832],[2.62794,41.64699],[2.62906,41.64423],[2.62813,41.63791],[2.62876,41.63602],[2.62778,41.63415],[2.62904,41.63209],[2.62848,41.63107],[2.62868,41.63011],[2.6274,41.62844],[2.62533,41.62727],[2.62405,41.626],[2.62383,41.62408],[2.62263,41.62157],[2.62413,41.62012],[2.62327,41.6193],[2.62321,41.61722],[2.62119,41.61582],[2.61845,41.61441],[2.61654,41.61475],[2.61094,41.61326],[2.59494,41.60663],[2.59234,41.60381],[2.59165,41.60134],[2.58824,41.59966],[2.58566,41.60128],[2.58481,41.60409],[2.58353,41.60554],[2.58292,41.60691],[2.58396,41.60798],[2.58191,41.61057],[2.5797,41.61441]]]]}},{"type":"Feature","properties":{"cp":"08397","municipio":"Pineda de Mar"},"geometry":{"type":"MultiPolygon","coordinates":[[[[2.69763,41.63156],[2.7003,41.62746],[2.70288,41.62469],[2.69802,41.62229],[2.68906,41.62025],[2.67849,41.6168],[2.67073,41.61477],[2.66669,41.62034],[2.66196,41.62274],[2.66171,41.62412],[2.66003,41.62684],[2.65785,41.62871],[2.64867,41.63274],[2.6494,41.6407],[2.64168,41.63999],[2.63222,41.64008],[2.63019,41.63851],[2.62818,41.63816],[2.62906,41.64423],[2.62794,41.64699],[2.62714,41.64796],[2.6292,41.64873],[2.63178,41.64776],[2.634,41.64854],[2.63745,41.64265],[2.64947,41.64234],[2.67118,41.64257],[2.67717,41.64289],[2.67963,41.64499],[2.68185,41.64947],[2.68293,41.64849],[2.68488,41.64527],[2.6866,41.64431],[2.6882,41.64229],[2.69637,41.63719],[2.69776,41.63439],[2.69763,41.63156]]]]}},{"type":"Feature","properties":{"cp":"08398","municipio":"Santa Susanna"},"geometry":{"type":"MultiPolygon","coordinates":[[[[2.69763,41.63156],[2.69776,41.63439],[2.69637,41.63719],[2.6882,41.64229],[2.6866,41.64431],[2.68488,41.64527],[2.68223,41.64922],[2.67896,41.65119],[2.67689,41.65315],[2.67443,41.65425],[2.67271,41.65452],[2.67228,41.65557],[2.6697,41.65653],[2.66833,41.65642],[2.66511,41.65785],[2.66381,41.6576],[2.66011,41.66091],[2.66015,41.662],[2.65835,41.66365],[2.65851,41.664],[2.65969,41.66412],[2.6616,41.66518],[2.66672,41.6644],[2.67128,41.66616],[2.6729,41.66807],[2.67679,41.66833],[2.67837,41.66968],[2.68361,41.67051],[2.68997,41.67238],[2.69399,41.67088],[2.69404,41.66983],[2.69534,41.66884],[2.6963,41.6667],[2.69977,41.66405],[2.70127,41.6614],[2.70441,41.65778],[2.70626,41.65658],[2.70844,41.65613],[2.70936,41.65553],[2.70913,41.65315],[2.71413,41.65221],[2.71503,41.65167],[2.71471,41.65028],[2.71569,41.64847],[2.71829,41.64589],[2.72161,41.64111],[2.7278,41.63512],[2.72361,41.6328],[2.72159,41.63089],[2.71744,41.6285],[2.71094,41.6275],[2.70288,41.62469],[2.7003,41.62746],[2.69763,41.63156]]]]}},{"type":"Feature","properties":{"cp":"08401","municipio":"Granollers"},"geometry":{"type":"MultiPolygon","coordinates":[[[[2.29147,41.62165],[2.29219,41.62181],[2.29209,41.62064],[2.29102,41.61775],[2.2925,41.61737],[2.29089,41.61516],[2.2893,41.60985],[2.28871,41.60702],[2.28938,41.60675],[2.28871,41.60696],[2.28849,41.60594],[2.28808,41.60605],[2.28793,41.60538],[2.28824,41.60505],[2.28705,41.59932],[2.28645,41.59808],[2.28681,41.59804],[2.28517,41.59096],[2.28216,41.5734],[2.27867,41.5713],[2.26937,41.56427],[2.27336,41.57335],[2.27257,41.57535],[2.27344,41.58426],[2.27152,41.58446],[2.27169,41.58586],[2.27356,41.58571],[2.27372,41.58749],[2.27621,41.58728],[2.27626,41.58768],[2.27373,41.58765],[2.27476,41.59606],[2.27643,41.59819],[2.27587,41.59878],[2.27631,41.59939],[2.27683,41.59902],[2.27769,41.60009],[2.27858,41.59982],[2.28048,41.60869],[2.2856,41.61455],[2.28651,41.61627],[2.28571,41.61705],[2.28682,41.62172],[2.28848,41.62257],[2.29147,41.62165]]]]}},{"type":"Feature","properties":{"cp":"08402","municipio":"Granollers"},"geometry":{"type":"MultiPolygon","coordinates":[[[[2.29315,41.61836],[2.29259,41.61672],[2.30049,41.61503],[2.30257,41.61411],[2.30281,41.61357],[2.30214,41.61351],[2.30353,41.61039],[2.30265,41.60742],[2.30303,41.60744],[2.30109,41.60573],[2.30009,41.60655],[2.29867,41.60672],[2.29829,41.60458],[2.2965,41.60146],[2.29518,41.59079],[2.29465,41.59053],[2.29498,41.5895],[2.29441,41.58799],[2.29473,41.5876],[2.29391,41.58643],[2.29316,41.58395],[2.29234,41.58323],[2.29316,41.58076],[2.29042,41.57421],[2.2897,41.57379],[2.28863,41.57201],[2.28275,41.57374],[2.28216,41.5734],[2.28517,41.59096],[2.28681,41.59804],[2.28645,41.59808],[2.28705,41.59932],[2.28824,41.60505],[2.28793,41.60538],[2.28808,41.60605],[2.28849,41.60594],[2.28871,41.60696],[2.28938,41.60675],[2.28871,41.60702],[2.2893,41.60985],[2.29089,41.61516],[2.2925,41.61737],[2.29102,41.61775],[2.29199,41.62018],[2.29219,41.62181],[2.29394,41.62245],[2.29539,41.622],[2.29315,41.61836]]]]}},{"type":"Feature","properties":{"cp":"08403","municipio":"Granollers"},"geometry":{"type":"MultiPolygon","coordinates":[[[[2.28571,41.61705],[2.28651,41.61627],[2.2856,41.61455],[2.28048,41.60869],[2.27858,41.59982],[2.27769,41.60009],[2.27683,41.59902],[2.27631,41.59939],[2.27587,41.59878],[2.27643,41.59819],[2.27476,41.59606],[2.27373,41.58765],[2.27626,41.58768],[2.27621,41.58728],[2.27372,41.58749],[2.27356,41.58571],[2.27169,41.58586],[2.27152,41.58446],[2.27344,41.58426],[2.27257,41.57535],[2.27336,41.57335],[2.26928,41.56432],[2.26553,41.56632],[2.26428,41.56875],[2.25644,41.57372],[2.25881,41.58242],[2.26077,41.59354],[2.26198,41.59636],[2.26222,41.59836],[2.26322,41.59915],[2.26647,41.60682],[2.26789,41.60813],[2.26533,41.61404],[2.26585,41.61489],[2.27734,41.61535],[2.28262,41.61392],[2.28571,41.61705]]]]}},{"type":"Feature","properties":{"cp":"08404","municipio":"Granollers"},"geometry":{"type":"MultiPolygon","coordinates":[[[[2.29922,41.57596],[2.29775,41.57575],[2.29783,41.575],[2.29622,41.57572],[2.29453,41.57759],[2.29158,41.57698],[2.29316,41.58076],[2.2925,41.58344],[2.29799,41.58422],[2.29922,41.57596]]]]}},{"type":"Feature","properties":{"cp":"08410","municipio":"Vilanova del Vallès"},"geometry":{"type":"MultiPolygon","coordinates":[[[[2.29905,41.57595],[2.30286,41.57659],[2.30453,41.57216],[2.30703,41.57238],[2.30693,41.57275],[2.30905,41.5737],[2.30856,41.57222],[2.31175,41.57169],[2.30742,41.56627],[2.30804,41.5664],[2.31349,41.5639],[2.31434,41.56359],[2.31864,41.56425],[2.32338,41.56435],[2.33386,41.56236],[2.33743,41.56121],[2.33835,41.55813],[2.33785,41.55646],[2.33947,41.55487],[2.33815,41.55322],[2.33829,41.55076],[2.33731,41.54975],[2.33566,41.54907],[2.33548,41.54561],[2.33398,41.54492],[2.33524,41.54383],[2.33415,41.54279],[2.32808,41.54108],[2.32877,41.53936],[2.31627,41.53322],[2.31381,41.53614],[2.31099,41.53699],[2.31074,41.53778],[2.30859,41.53924],[2.30821,41.54076],[2.30506,41.5411],[2.30165,41.54025],[2.29849,41.53936],[2.29742,41.53814],[2.29645,41.53779],[2.29412,41.53871],[2.29263,41.54078],[2.29102,41.5416],[2.28927,41.54189],[2.28413,41.54471],[2.28456,41.54748],[2.27791,41.55507],[2.27653,41.5548],[2.27594,41.55611],[2.27603,41.55653],[2.27709,41.55714],[2.27667,41.55808],[2.2796,41.55846],[2.27781,41.56132],[2.28035,41.56219],[2.27937,41.56384],[2.28088,41.5647],[2.28049,41.5675],[2.28176,41.57317],[2.28275,41.57374],[2.28863,41.57201],[2.2897,41.57379],[2.29042,41.57421],[2.29144,41.57697],[2.29453,41.57759],[2.29622,41.57572],[2.29757,41.57504],[2.29783,41.575],[2.29775,41.57575],[2.29905,41.57595]]]]}},{"type":"Feature","properties":{"cp":"08415","municipio":"Bigues i Riells del Fai"},"geometry":{"type":"MultiPolygon","coordinates":[[[[2.17321,41.68431],[2.1812,41.67843],[2.20099,41.68552],[2.2288,41.69074],[2.23871,41.69339],[2.23997,41.69256],[2.23734,41.69172],[2.23732,41.69107],[2.24022,41.68858],[2.24148,41.68802],[2.24239,41.68687],[2.2426,41.68588],[2.2463,41.68139],[2.24685,41.67997],[2.24642,41.67922],[2.2472,41.67867],[2.24416,41.67726],[2.23961,41.67202],[2.23472,41.6703],[2.23407,41.66931],[2.23174,41.66762],[2.23103,41.66624],[2.23122,41.66526],[2.22991,41.66534],[2.22769,41.66475],[2.22735,41.6624],[2.2243,41.66211],[2.22266,41.66044],[2.22077,41.6599],[2.21822,41.65943],[2.20823,41.65957],[2.20408,41.6639],[2.20489,41.66527],[2.20464,41.66568],[2.20558,41.66654],[2.20302,41.66652],[2.2022,41.66459],[2.20084,41.66348],[2.1976,41.66263],[2.19765,41.66228],[2.19874,41.66181],[2.19762,41.66134],[2.19638,41.6591],[2.19652,41.65646],[2.19419,41.65504],[2.19397,41.65441],[2.19433,41.65326],[2.19415,41.65232],[2.19492,41.65094],[2.19488,41.65013],[2.19113,41.65051],[2.18698,41.65018],[2.17941,41.6584],[2.17307,41.6584],[2.17085,41.65894],[2.16794,41.65897],[2.16629,41.65801],[2.16406,41.6578],[2.16346,41.65908],[2.16319,41.66134],[2.16373,41.66192],[2.16353,41.66258],[2.16394,41.66265],[2.16384,41.66475],[2.16423,41.6652],[2.16441,41.66729],[2.16518,41.66754],[2.16389,41.66829],[2.1653,41.67078],[2.16549,41.67215],[2.16423,41.67446],[2.16493,41.67709],[2.16887,41.679],[2.16968,41.68091],[2.1708,41.68181],[2.17192,41.68401],[2.17321,41.68431]]]]}},{"type":"Feature","properties":{"cp":"08416","municipio":"Bigues i Riells del Fai"},"geometry":{"type":"MultiPolygon","coordinates":[[[[2.23871,41.69339],[2.2288,41.69074],[2.20099,41.68552],[2.1812,41.67843],[2.17321,41.68431],[2.17858,41.68469],[2.18053,41.68594],[2.18379,41.68727],[2.18617,41.69009],[2.18765,41.69076],[2.18856,41.69178],[2.18574,41.69799],[2.18588,41.69975],[2.18465,41.70126],[2.18539,41.70738],[2.18604,41.70792],[2.18661,41.71005],[2.18599,41.7102],[2.18685,41.71072],[2.18703,41.71202],[2.18872,41.71381],[2.18872,41.71483],[2.19058,41.71591],[2.19165,41.71556],[2.19195,41.71503],[2.1921,41.71305],[2.1934,41.71053],[2.19501,41.71028],[2.19563,41.707],[2.19634,41.70667],[2.19935,41.7073],[2.20322,41.70907],[2.20427,41.70901],[2.20578,41.70989],[2.20645,41.71079],[2.2069,41.71082],[2.20842,41.70934],[2.21087,41.71132],[2.21137,41.71131],[2.21234,41.70846],[2.2127,41.70809],[2.21414,41.70792],[2.21409,41.70711],[2.21497,41.70656],[2.21329,41.70498],[2.21322,41.7045],[2.21369,41.70427],[2.21556,41.70437],[2.21938,41.70538],[2.22127,41.70523],[2.22291,41.70558],[2.22664,41.70767],[2.22913,41.70833],[2.2331,41.70904],[2.23813,41.70879],[2.2416,41.7032],[2.23245,41.69719],[2.23871,41.69339]]]]}},{"type":"Feature","properties":{"cp":"08420","municipio":"Canovelles"},"geometry":{"type":"MultiPolygon","coordinates":[[[[2.27745,41.63545],[2.28834,41.63259],[2.28682,41.62172],[2.28575,41.61709],[2.28262,41.61392],[2.27734,41.61535],[2.26584,41.61489],[2.26212,41.61668],[2.25347,41.61811],[2.25095,41.6189],[2.25375,41.62588],[2.25318,41.63088],[2.25391,41.63233],[2.25291,41.6365],[2.25363,41.63853],[2.26311,41.63932],[2.26781,41.63924],[2.27745,41.63545]]]]}},{"type":"Feature","properties":{"cp":"08430","municipio":"Roca del Vallès, La"},"geometry":{"type":"MultiPolygon","coordinates":[[[[2.29922,41.57596],[2.29799,41.58422],[2.2925,41.58344],[2.29316,41.58395],[2.29391,41.58643],[2.29473,41.5876],[2.29441,41.58799],[2.29498,41.5895],[2.29465,41.59053],[2.29518,41.59079],[2.2965,41.60146],[2.29829,41.60458],[2.29867,41.60672],[2.30009,41.60655],[2.30109,41.60573],[2.30326,41.6075],[2.31016,41.60776],[2.31259,41.61015],[2.3189,41.61265],[2.31735,41.61808],[2.324,41.62708],[2.32648,41.63241],[2.33055,41.6354],[2.33094,41.63429],[2.33784,41.63335],[2.33829,41.63369],[2.34011,41.63291],[2.34215,41.63319],[2.34295,41.63287],[2.34303,41.63446],[2.34513,41.63491],[2.34672,41.63584],[2.35083,41.63613],[2.35065,41.63498],[2.35104,41.63494],[2.35143,41.6362],[2.35255,41.63628],[2.35289,41.63333],[2.35562,41.634],[2.35816,41.63383],[2.35861,41.63247],[2.35697,41.62819],[2.35793,41.62524],[2.35727,41.62525],[2.35712,41.62613],[2.35584,41.62617],[2.35319,41.62473],[2.35145,41.62581],[2.34724,41.6247],[2.34635,41.62547],[2.34646,41.62715],[2.34499,41.62705],[2.34454,41.62568],[2.34786,41.62109],[2.3505,41.61655],[2.35591,41.61898],[2.36086,41.61964],[2.36188,41.61881],[2.36363,41.61535],[2.37544,41.60663],[2.37738,41.601],[2.37723,41.59969],[2.37616,41.59904],[2.37544,41.59743],[2.37637,41.59714],[2.37854,41.5975],[2.37972,41.59706],[2.3827,41.59698],[2.3806,41.59505],[2.37506,41.59533],[2.36854,41.58542],[2.36574,41.58337],[2.35618,41.57371],[2.35122,41.57069],[2.34868,41.5697],[2.34839,41.56849],[2.34742,41.56706],[2.34421,41.56539],[2.34384,41.56294],[2.34226,41.56109],[2.34025,41.56042],[2.33386,41.56236],[2.32338,41.56435],[2.31864,41.56425],[2.31434,41.56359],[2.31349,41.5639],[2.30804,41.5664],[2.30742,41.56627],[2.31175,41.57169],[2.30856,41.57222],[2.30905,41.5737],[2.30693,41.57275],[2.30703,41.57238],[2.30453,41.57216],[2.30286,41.57659],[2.29922,41.57596]]]]}},{"type":"Feature","properties":{"cp":"08440","municipio":"Cardedeu"},"geometry":{"type":"MultiPolygon","coordinates":[[[[2.36993,41.64899],[2.37087,41.64434],[2.37475,41.63848],[2.36796,41.62641],[2.36086,41.61964],[2.35591,41.61898],[2.3505,41.61655],[2.34786,41.62109],[2.34454,41.62568],[2.34499,41.62705],[2.34646,41.62715],[2.34635,41.62547],[2.34724,41.6247],[2.35145,41.62581],[2.35319,41.62473],[2.35584,41.62617],[2.35712,41.62613],[2.35727,41.62525],[2.35793,41.62524],[2.35697,41.62819],[2.35861,41.63247],[2.35816,41.63383],[2.35562,41.634],[2.35289,41.63333],[2.35255,41.63628],[2.35143,41.6362],[2.35104,41.63494],[2.35065,41.63498],[2.35083,41.63613],[2.34672,41.63584],[2.34513,41.63491],[2.34303,41.63446],[2.34295,41.63287],[2.34215,41.63319],[2.34011,41.63291],[2.33829,41.63369],[2.33784,41.63335],[2.33094,41.63429],[2.33055,41.6354],[2.33394,41.6383],[2.33343,41.63866],[2.33662,41.64806],[2.33839,41.64797],[2.3387,41.65388],[2.34034,41.65833],[2.34572,41.65801],[2.3483,41.65704],[2.34795,41.66078],[2.34951,41.66379],[2.34731,41.66972],[2.34883,41.67185],[2.34897,41.67408],[2.34996,41.6741],[2.34968,41.67486],[2.35027,41.67509],[2.3502,41.67549],[2.35118,41.67511],[2.35112,41.67456],[2.35158,41.6748],[2.35227,41.6738],[2.35398,41.67414],[2.35499,41.67369],[2.35541,41.67396],[2.36067,41.67294],[2.36533,41.66962],[2.36685,41.66159],[2.36993,41.64899]]]]}},{"type":"Feature","properties":{"cp":"08445","municipio":"Cànoves i Samalús"},"geometry":{"type":"MultiPolygon","coordinates":[[[[2.2995,41.67683],[2.30078,41.6812],[2.3004,41.68327],[2.30137,41.68737],[2.30081,41.68892],[2.2998,41.69011],[2.30067,41.69126],[2.30111,41.69338],[2.30235,41.69459],[2.30253,41.69538],[2.30238,41.69725],[2.30182,41.69859],[2.30205,41.69898],[2.30028,41.70152],[2.29942,41.70369],[2.31415,41.71022],[2.31246,41.71259],[2.3124,41.71386],[2.31259,41.71463],[2.31398,41.71534],[2.31385,41.71579],[2.31462,41.71658],[2.3146,41.71767],[2.33268,41.72207],[2.33702,41.72705],[2.34493,41.73958],[2.35218,41.74562],[2.35891,41.74247],[2.36113,41.74045],[2.36076,41.7367],[2.35929,41.73493],[2.35656,41.73308],[2.35708,41.7304],[2.35746,41.72917],[2.35855,41.72827],[2.35958,41.72639],[2.36133,41.72448],[2.36198,41.72151],[2.36566,41.71847],[2.36735,41.71548],[2.36746,41.71448],[2.36959,41.71227],[2.36993,41.71155],[2.36907,41.70576],[2.37086,41.70359],[2.36934,41.69759],[2.36474,41.69484],[2.36337,41.68371],[2.36445,41.67796],[2.36533,41.66962],[2.36067,41.67294],[2.35541,41.67396],[2.35499,41.67369],[2.35398,41.67414],[2.35227,41.6738],[2.35158,41.6748],[2.35112,41.67456],[2.35118,41.67511],[2.3502,41.67549],[2.35027,41.67509],[2.34968,41.67486],[2.34996,41.6741],[2.34897,41.67408],[2.34531,41.6786],[2.34385,41.68283],[2.33882,41.68526],[2.33027,41.68698],[2.32378,41.68118],[2.32462,41.68045],[2.31832,41.67516],[2.31639,41.67214],[2.31165,41.67432],[2.30721,41.67274],[2.3033,41.67201],[2.29728,41.6689],[2.29427,41.66669],[2.2906,41.66351],[2.28721,41.65911],[2.27984,41.65783],[2.28721,41.65911],[2.2906,41.66352],[2.29427,41.6667],[2.29728,41.6689],[2.3033,41.67201],[2.2995,41.67683]]]]}},{"type":"Feature","properties":{"cp":"08450","municipio":"Llinars del Vallès"},"geometry":{"type":"MultiPolygon","coordinates":[[[[2.4455,41.65782],[2.44568,41.65579],[2.44522,41.65461],[2.44279,41.65342],[2.44145,41.65777],[2.44052,41.65862],[2.43701,41.65741],[2.43621,41.65663],[2.43625,41.65566],[2.43514,41.65517],[2.43496,41.65081],[2.43706,41.64811],[2.44053,41.64674],[2.44495,41.6442],[2.44647,41.63995],[2.44731,41.6397],[2.45044,41.64049],[2.45128,41.64011],[2.4519,41.63883],[2.45049,41.63845],[2.4503,41.63802],[2.4523,41.63771],[2.45296,41.63713],[2.45193,41.63642],[2.45177,41.63541],[2.45634,41.63259],[2.45536,41.63102],[2.45383,41.6297],[2.45271,41.62686],[2.45046,41.6263],[2.44803,41.62747],[2.44743,41.6301],[2.4478,41.63047],[2.4447,41.62983],[2.44071,41.63065],[2.43628,41.62834],[2.4335,41.62968],[2.43291,41.6305],[2.43173,41.63068],[2.43154,41.62955],[2.43056,41.62958],[2.42952,41.63095],[2.42902,41.63069],[2.42924,41.63003],[2.42751,41.62964],[2.42409,41.62985],[2.4216,41.63051],[2.4201,41.62568],[2.41886,41.62595],[2.41826,41.62702],[2.41717,41.62704],[2.41579,41.62619],[2.41501,41.62625],[2.4136,41.62388],[2.41016,41.62157],[2.40713,41.61716],[2.40535,41.61534],[2.40463,41.61381],[2.40265,41.61283],[2.40245,41.61137],[2.40108,41.61099],[2.40075,41.60761],[2.39417,41.60861],[2.39339,41.60624],[2.39092,41.60524],[2.39059,41.60436],[2.3892,41.60322],[2.38873,41.60194],[2.3874,41.60143],[2.38608,41.59983],[2.38463,41.60032],[2.38421,41.60002],[2.3825,41.60006],[2.3833,41.59917],[2.3827,41.59698],[2.37972,41.59706],[2.37854,41.5975],[2.37637,41.59714],[2.37544,41.59743],[2.37616,41.59904],[2.37723,41.59969],[2.37738,41.601],[2.37544,41.60663],[2.36363,41.61535],[2.36188,41.61881],[2.36086,41.61964],[2.36796,41.62641],[2.37475,41.63848],[2.37761,41.64157],[2.38611,41.64317],[2.38542,41.64387],[2.38923,41.6485],[2.39287,41.65112],[2.39708,41.65064],[2.4032,41.6486],[2.40888,41.64493],[2.41185,41.64428],[2.41678,41.65442],[2.42421,41.65872],[2.42163,41.66323],[2.4251,41.66898],[2.42367,41.67538],[2.42564,41.67648],[2.42776,41.67649],[2.4298,41.67571],[2.43173,41.67614],[2.43261,41.67564],[2.43342,41.67576],[2.43499,41.67483],[2.44112,41.67386],[2.44246,41.67299],[2.44547,41.67209],[2.44634,41.67224],[2.4492,41.66862],[2.44792,41.66442],[2.44533,41.65963],[2.4455,41.65782]]]]}},{"type":"Feature","properties":{"cp":"08455","municipio":"Santa Maria de Palautordera"},"geometry":{"type":"MultiPolygon","coordinates":[[[[2.44878,41.6563],[2.44574,41.65412],[2.44522,41.65461],[2.44568,41.65579],[2.4455,41.65782],[2.44878,41.6563]]],[[[2.45177,41.63541],[2.45193,41.63642],[2.45296,41.63713],[2.4523,41.63771],[2.4503,41.63802],[2.45049,41.63845],[2.4519,41.63883],[2.45128,41.64011],[2.45044,41.64049],[2.44731,41.6397],[2.44647,41.63995],[2.44495,41.6442],[2.44053,41.64674],[2.43706,41.64811],[2.43496,41.65081],[2.43514,41.65517],[2.43625,41.65566],[2.43621,41.65663],[2.43701,41.65741],[2.44052,41.65862],[2.44145,41.65777],[2.44279,41.65342],[2.44522,41.65461],[2.44604,41.65388],[2.4452,41.65328],[2.4461,41.6523],[2.44896,41.64962],[2.44986,41.64925],[2.45053,41.64813],[2.45207,41.64784],[2.45218,41.6469],[2.45321,41.64679],[2.45323,41.64638],[2.45512,41.64477],[2.45721,41.6454],[2.4602,41.64336],[2.46288,41.64294],[2.46302,41.6436],[2.46434,41.6436],[2.46501,41.64283],[2.46956,41.64316],[2.47218,41.64354],[2.47315,41.64642],[2.47363,41.64687],[2.47627,41.64511],[2.47767,41.6452],[2.48066,41.64387],[2.48301,41.64368],[2.48445,41.64235],[2.48535,41.64266],[2.48873,41.63933],[2.48904,41.63854],[2.48774,41.63744],[2.4865,41.63461],[2.48643,41.63241],[2.48597,41.63156],[2.48326,41.6308],[2.48258,41.62982],[2.48088,41.62902],[2.47891,41.62997],[2.47778,41.63122],[2.47681,41.63076],[2.47311,41.63078],[2.47251,41.62966],[2.47205,41.6296],[2.46702,41.63045],[2.4635,41.63061],[2.46167,41.6296],[2.45715,41.62825],[2.45732,41.62933],[2.4569,41.63039],[2.45536,41.63102],[2.45634,41.63259],[2.45177,41.63541]]]]}},{"type":"Feature","properties":{"cp":"08458","municipio":"Sant Pere de Vilamajor"},"geometry":{"type":"MultiPolygon","coordinates":[[[[2.38943,41.7557],[2.3908,41.75475],[2.39086,41.75432],[2.38806,41.75152],[2.39069,41.74934],[2.39404,41.74902],[2.39888,41.75228],[2.40021,41.75084],[2.40117,41.74794],[2.402,41.74706],[2.39822,41.74224],[2.3968,41.74103],[2.39921,41.73818],[2.40669,41.73179],[2.40658,41.72941],[2.39593,41.72474],[2.40165,41.72087],[2.40319,41.7111],[2.40692,41.70696],[2.40801,41.70505],[2.40799,41.70223],[2.40992,41.70107],[2.41085,41.69942],[2.41309,41.69755],[2.41606,41.69662],[2.41706,41.69487],[2.42047,41.69115],[2.42535,41.68917],[2.42564,41.68811],[2.4252,41.68741],[2.42625,41.68604],[2.4289,41.68366],[2.43081,41.68321],[2.43178,41.68204],[2.42564,41.67648],[2.42367,41.67538],[2.41515,41.67685],[2.39951,41.67799],[2.39094,41.67426],[2.38,41.67038],[2.36533,41.66962],[2.36445,41.67796],[2.36337,41.68371],[2.36474,41.69484],[2.36934,41.69759],[2.37086,41.70359],[2.36907,41.70576],[2.36993,41.71155],[2.36903,41.71305],[2.36746,41.71448],[2.36735,41.71548],[2.36566,41.71847],[2.36198,41.72151],[2.36133,41.72448],[2.35958,41.72639],[2.35855,41.72827],[2.35746,41.72917],[2.35708,41.7304],[2.35656,41.73308],[2.35929,41.73493],[2.36076,41.7367],[2.36113,41.74045],[2.35891,41.74247],[2.35218,41.74562],[2.35477,41.74895],[2.35544,41.74915],[2.35632,41.75079],[2.35753,41.75169],[2.35893,41.75185],[2.36078,41.75085],[2.36158,41.751],[2.36282,41.75388],[2.36324,41.75412],[2.36561,41.75476],[2.36883,41.75438],[2.37002,41.75637],[2.37177,41.75697],[2.37339,41.75808],[2.37489,41.76015],[2.37861,41.75914],[2.38251,41.75951],[2.3835,41.75751],[2.3846,41.75691],[2.38488,41.75574],[2.38702,41.75604],[2.388,41.75666],[2.38953,41.75659],[2.38943,41.7557]]]]}},{"type":"Feature","properties":{"cp":"08459","municipio":"Sant Antoni de Vilamajor"},"geometry":{"type":"MultiPolygon","coordinates":[[[[2.3702,41.64767],[2.36533,41.66962],[2.38,41.67038],[2.39094,41.67426],[2.39951,41.67799],[2.41515,41.67685],[2.42367,41.67538],[2.4251,41.66898],[2.42163,41.66323],[2.42421,41.65872],[2.41678,41.65442],[2.41185,41.64428],[2.40888,41.64493],[2.4032,41.6486],[2.39708,41.65064],[2.39287,41.65112],[2.38923,41.6485],[2.38542,41.64387],[2.38611,41.64317],[2.37761,41.64157],[2.37475,41.63848],[2.37087,41.64434],[2.3702,41.64767]]]]}},{"type":"Feature","properties":{"cp":"08460","municipio":"Santa Maria de Palautordera"},"geometry":{"type":"MultiPolygon","coordinates":[[[[2.44867,41.71034],[2.44942,41.70957],[2.45354,41.7085],[2.46296,41.70389],[2.46312,41.70291],[2.46667,41.69892],[2.46871,41.69833],[2.47112,41.69446],[2.47383,41.69297],[2.47464,41.69319],[2.47926,41.68886],[2.48065,41.68683],[2.48015,41.68471],[2.48143,41.68025],[2.48223,41.6796],[2.48375,41.67987],[2.48504,41.67889],[2.48758,41.68],[2.48796,41.67834],[2.48572,41.67727],[2.48496,41.67645],[2.48292,41.67588],[2.4807,41.67383],[2.47993,41.67159],[2.47767,41.67088],[2.47689,41.66997],[2.47434,41.66898],[2.47051,41.66882],[2.46856,41.66829],[2.46844,41.66709],[2.46686,41.66614],[2.46523,41.6634],[2.46321,41.66212],[2.46162,41.6614],[2.45578,41.66039],[2.45438,41.65878],[2.45229,41.65754],[2.45057,41.65656],[2.44878,41.6563],[2.4455,41.65782],[2.44533,41.65963],[2.44792,41.66442],[2.4492,41.66862],[2.44634,41.67224],[2.44547,41.67209],[2.44246,41.67299],[2.44112,41.67386],[2.43499,41.67483],[2.43342,41.67576],[2.43261,41.67564],[2.43173,41.67614],[2.4298,41.67571],[2.42776,41.67649],[2.42564,41.67647],[2.43178,41.68204],[2.43081,41.68321],[2.4289,41.68366],[2.42625,41.68604],[2.4252,41.68741],[2.42564,41.68811],[2.42535,41.68917],[2.42039,41.69122],[2.41706,41.69487],[2.41606,41.69662],[2.41845,41.69628],[2.41972,41.69658],[2.42244,41.6956],[2.4225,41.6951],[2.42329,41.69452],[2.42447,41.69511],[2.42547,41.69463],[2.42552,41.69641],[2.43043,41.69877],[2.43168,41.69855],[2.43698,41.70221],[2.43836,41.70105],[2.43949,41.70142],[2.43965,41.70113],[2.44447,41.70142],[2.44708,41.70404],[2.44786,41.70535],[2.44565,41.70982],[2.44732,41.71174],[2.44867,41.71034]]]]}},{"type":"Feature","properties":{"cp":"08461","municipio":"Sant Esteve de Palautordera"},"geometry":{"type":"MultiPolygon","coordinates":[[[[2.44565,41.70982],[2.44786,41.70535],[2.44708,41.70404],[2.44447,41.70142],[2.43965,41.70113],[2.43949,41.70142],[2.43836,41.70105],[2.43698,41.70221],[2.43168,41.69855],[2.43043,41.69877],[2.42552,41.69641],[2.42547,41.69463],[2.42447,41.69511],[2.42329,41.69452],[2.4225,41.6951],[2.42244,41.6956],[2.41972,41.69658],[2.41845,41.69628],[2.41418,41.69716],[2.41309,41.69755],[2.41085,41.69942],[2.40992,41.70107],[2.40799,41.70223],[2.40801,41.70505],[2.40692,41.70696],[2.40319,41.7111],[2.40165,41.72087],[2.39593,41.72474],[2.40658,41.72941],[2.40669,41.73179],[2.41563,41.73184],[2.4156,41.73277],[2.41722,41.73453],[2.41889,41.73524],[2.42489,41.73242],[2.42666,41.7294],[2.42844,41.72823],[2.42816,41.72699],[2.4259,41.72522],[2.4253,41.72421],[2.42656,41.72402],[2.4289,41.72102],[2.4303,41.72164],[2.43205,41.72374],[2.4319,41.72406],[2.4337,41.72472],[2.43584,41.72152],[2.43773,41.72064],[2.43887,41.71684],[2.44126,41.71353],[2.44233,41.71073],[2.44223,41.70956],[2.44278,41.709],[2.44565,41.70982]]]]}},{"type":"Feature","properties":{"cp":"08469","municipio":"Montseny"},"geometry":{"type":"MultiPolygon","coordinates":[[[[2.38757,41.80517],[2.39035,41.80517],[2.39287,41.80575],[2.39627,41.80571],[2.39804,41.80419],[2.4047,41.80167],[2.40697,41.80194],[2.41039,41.80159],[2.41217,41.80368],[2.41598,41.80481],[2.41662,41.80444],[2.42367,41.80392],[2.42654,41.80459],[2.42842,41.80399],[2.43653,41.80287],[2.43819,41.80111],[2.4401,41.80059],[2.44101,41.79961],[2.44287,41.79894],[2.44327,41.79836],[2.44267,41.79433],[2.44299,41.79244],[2.44343,41.79204],[2.44324,41.79151],[2.44376,41.79062],[2.44376,41.78918],[2.44074,41.78601],[2.43675,41.78456],[2.43386,41.7826],[2.4318,41.78044],[2.42879,41.78074],[2.42633,41.78205],[2.42525,41.78305],[2.42396,41.78562],[2.42242,41.78675],[2.41922,41.78776],[2.41908,41.78862],[2.41797,41.78953],[2.41742,41.79058],[2.41681,41.7906],[2.41447,41.78925],[2.4131,41.78729],[2.4102,41.78662],[2.40903,41.7853],[2.40614,41.7839],[2.40564,41.78298],[2.40694,41.78301],[2.40724,41.78258],[2.40623,41.78232],[2.40619,41.78056],[2.40319,41.77766],[2.40414,41.77501],[2.40773,41.76791],[2.40553,41.76486],[2.40076,41.76233],[2.39888,41.75982],[2.39924,41.75861],[2.40094,41.75764],[2.40191,41.75404],[2.39404,41.74902],[2.39069,41.74934],[2.38806,41.75152],[2.39086,41.75432],[2.3908,41.75475],[2.38953,41.75546],[2.38953,41.75659],[2.388,41.75666],[2.38702,41.75604],[2.38488,41.75574],[2.3846,41.75691],[2.3835,41.75751],[2.38251,41.75951],[2.37861,41.75914],[2.37522,41.76016],[2.37339,41.75808],[2.37177,41.75697],[2.37002,41.75637],[2.36883,41.75438],[2.36561,41.75476],[2.36324,41.75412],[2.36282,41.75388],[2.36158,41.751],[2.36078,41.75085],[2.35893,41.75185],[2.35753,41.75169],[2.35632,41.75079],[2.35544,41.74915],[2.35477,41.74895],[2.35218,41.74562],[2.34993,41.74755],[2.3457,41.74879],[2.34544,41.74919],[2.34649,41.75082],[2.34653,41.75167],[2.34603,41.75261],[2.34379,41.75304],[2.34092,41.75518],[2.33409,41.76384],[2.33578,41.76337],[2.34257,41.76289],[2.34888,41.76378],[2.34945,41.76463],[2.35091,41.76515],[2.35579,41.76548],[2.3574,41.76631],[2.36172,41.76748],[2.36312,41.768],[2.36541,41.7697],[2.36578,41.77026],[2.36595,41.77265],[2.36529,41.7737],[2.3657,41.77618],[2.36459,41.77676],[2.36483,41.7773],[2.3641,41.77836],[2.36444,41.77884],[2.36591,41.7788],[2.36611,41.77948],[2.36569,41.78035],[2.36667,41.78113],[2.3667,41.78182],[2.36758,41.78312],[2.36662,41.78369],[2.3665,41.78445],[2.36564,41.78514],[2.36462,41.78729],[2.36362,41.78786],[2.36383,41.78862],[2.36263,41.78935],[2.36245,41.78984],[2.36318,41.79022],[2.36317,41.79102],[2.36431,41.792],[2.36805,41.79378],[2.37083,41.79395],[2.37154,41.79444],[2.3714,41.79545],[2.37209,41.79705],[2.37315,41.79811],[2.37426,41.7984],[2.37567,41.80072],[2.38067,41.80506],[2.38268,41.8087],[2.38433,41.80807],[2.38757,41.80517]]],[[[2.41864,41.73513],[2.41722,41.73453],[2.4156,41.73277],[2.41563,41.73184],[2.40669,41.73179],[2.39921,41.73818],[2.3968,41.74103],[2.39822,41.74224],[2.402,41.74706],[2.40117,41.74794],[2.40021,41.75084],[2.39888,41.75228],[2.40031,41.75282],[2.40092,41.75361],[2.40191,41.75404],[2.40094,41.75764],[2.39924,41.75861],[2.399,41.75915],[2.39888,41.75982],[2.40015,41.76158],[2.41864,41.73513]]]]}},{"type":"Feature","properties":{"cp":"08470","municipio":"Sant Celoni"},"geometry":{"type":"MultiPolygon","coordinates":[[[[2.59855,41.72797],[2.59578,41.72063],[2.59753,41.71744],[2.60024,41.7162],[2.59941,41.71472],[2.59801,41.71364],[2.59878,41.71213],[2.59737,41.71137],[2.59669,41.70914],[2.595,41.70837],[2.59436,41.70739],[2.59312,41.70692],[2.59226,41.70573],[2.59062,41.70484],[2.58791,41.70019],[2.58925,41.69733],[2.58874,41.69657],[2.5899,41.69586],[2.59032,41.69316],[2.59277,41.69142],[2.59244,41.68889],[2.59389,41.68824],[2.59437,41.68632],[2.59998,41.68347],[2.60003,41.68265],[2.60304,41.67836],[2.60615,41.67769],[2.6085,41.67621],[2.60879,41.67532],[2.60611,41.67265],[2.59788,41.67021],[2.59703,41.66671],[2.59366,41.65895],[2.58783,41.65889],[2.57084,41.66092],[2.56642,41.66038],[2.56163,41.65867],[2.56037,41.6586],[2.55149,41.66],[2.54615,41.65762],[2.54477,41.65547],[2.54339,41.64991],[2.54111,41.64852],[2.5345,41.65241],[2.53089,41.65501],[2.52888,41.65564],[2.52728,41.65666],[2.52164,41.65582],[2.51706,41.65599],[2.51503,41.65805],[2.51556,41.65942],[2.51526,41.65964],[2.51202,41.6594],[2.50929,41.65819],[2.50546,41.65778],[2.499,41.65928],[2.49775,41.66015],[2.49703,41.66128],[2.49519,41.66066],[2.49451,41.6608],[2.48976,41.66323],[2.48946,41.66419],[2.48699,41.66747],[2.48442,41.66914],[2.48352,41.67024],[2.48094,41.66994],[2.47993,41.67159],[2.4807,41.67383],[2.48292,41.67588],[2.48496,41.67645],[2.48572,41.67727],[2.48796,41.67834],[2.48758,41.68],[2.48504,41.67889],[2.48375,41.67987],[2.48223,41.6796],[2.48143,41.68025],[2.48015,41.68471],[2.48065,41.68683],[2.47926,41.68886],[2.47464,41.69319],[2.47383,41.69297],[2.47112,41.69446],[2.46871,41.69833],[2.46667,41.69892],[2.46312,41.70291],[2.46296,41.70389],[2.47033,41.70833],[2.47319,41.70746],[2.47782,41.71001],[2.48454,41.71485],[2.48255,41.71678],[2.48269,41.71758],[2.48871,41.71648],[2.48965,41.71828],[2.4913,41.71748],[2.49502,41.717],[2.50054,41.71383],[2.50292,41.71161],[2.50427,41.71223],[2.50696,41.71099],[2.50853,41.71103],[2.50978,41.7098],[2.51177,41.70895],[2.51604,41.70799],[2.51807,41.70687],[2.51963,41.70687],[2.52182,41.70537],[2.5245,41.70726],[2.52875,41.70782],[2.53109,41.70859],[2.53554,41.71176],[2.53673,41.71439],[2.54645,41.71447],[2.55466,41.71539],[2.57406,41.72329],[2.57512,41.72492],[2.57624,41.72429],[2.57733,41.72435],[2.57899,41.72523],[2.58245,41.72516],[2.58807,41.72741],[2.58866,41.7281],[2.58994,41.72862],[2.59233,41.72804],[2.59352,41.72863],[2.5951,41.72881],[2.59855,41.72797]]],[[[2.44867,41.71034],[2.45795,41.72045],[2.45921,41.71823],[2.46125,41.71735],[2.4631,41.71594],[2.46439,41.71333],[2.46713,41.71274],[2.46752,41.71138],[2.46863,41.7119],[2.46895,41.71136],[2.46879,41.71005],[2.47015,41.71032],[2.47181,41.70836],[2.47319,41.70746],[2.47033,41.70833],[2.46296,41.70389],[2.45354,41.7085],[2.44942,41.70957],[2.44867,41.71034]]],[[[2.48194,41.77153],[2.48026,41.76835],[2.47697,41.7677],[2.47431,41.76556],[2.47422,41.76453],[2.47523,41.76284],[2.47326,41.76055],[2.47188,41.75748],[2.47285,41.75693],[2.47284,41.75525],[2.4757,41.75296],[2.47544,41.75189],[2.47579,41.75071],[2.47743,41.74919],[2.47793,41.74792],[2.44235,41.75869],[2.43128,41.78058],[2.4318,41.78044],[2.43386,41.7826],[2.43675,41.78456],[2.44074,41.78601],[2.44376,41.78918],[2.45575,41.78418],[2.46448,41.78663],[2.47217,41.78959],[2.47003,41.77894],[2.46915,41.77778],[2.48194,41.77153]]]]}},{"type":"Feature","properties":{"cp":"08471","municipio":"Vallgorguina"},"geometry":{"type":"MultiPolygon","coordinates":[[[[2.47993,41.67159],[2.48094,41.66994],[2.48352,41.67024],[2.48442,41.66914],[2.48699,41.66747],[2.48946,41.66419],[2.48976,41.66323],[2.49451,41.6608],[2.49519,41.66066],[2.49703,41.66128],[2.49775,41.66015],[2.499,41.65928],[2.50546,41.65778],[2.50929,41.65819],[2.51202,41.6594],[2.51526,41.65964],[2.51556,41.65942],[2.51503,41.65805],[2.51553,41.6573],[2.51706,41.65599],[2.51812,41.65577],[2.52375,41.656],[2.52728,41.65666],[2.52888,41.65564],[2.53089,41.65501],[2.5345,41.65241],[2.54111,41.64852],[2.54036,41.64713],[2.54028,41.64474],[2.53948,41.64253],[2.53567,41.64069],[2.53567,41.63966],[2.53499,41.63839],[2.53577,41.63645],[2.53566,41.63442],[2.53607,41.63358],[2.53448,41.633],[2.53201,41.63288],[2.52959,41.63152],[2.52925,41.62898],[2.52845,41.62771],[2.52655,41.62651],[2.52324,41.62547],[2.51709,41.62611],[2.51509,41.6268],[2.51228,41.62547],[2.50891,41.62512],[2.50593,41.62404],[2.50056,41.62451],[2.49619,41.6242],[2.49469,41.62479],[2.49313,41.62435],[2.49087,41.62465],[2.48621,41.62696],[2.48552,41.6284],[2.48464,41.62913],[2.48456,41.6299],[2.48643,41.63241],[2.4865,41.63461],[2.48774,41.63744],[2.48904,41.63854],[2.48873,41.63933],[2.48535,41.64266],[2.48445,41.64235],[2.48301,41.64368],[2.48066,41.64387],[2.47767,41.6452],[2.47627,41.64511],[2.47363,41.64687],[2.47315,41.64642],[2.47218,41.64354],[2.46956,41.64316],[2.46501,41.64283],[2.46434,41.6436],[2.46302,41.6436],[2.46288,41.64294],[2.4602,41.64336],[2.45721,41.6454],[2.45512,41.64477],[2.45323,41.64638],[2.45321,41.64679],[2.45218,41.6469],[2.45207,41.64784],[2.45053,41.64813],[2.44986,41.64925],[2.44896,41.64962],[2.4461,41.6523],[2.4452,41.65328],[2.44604,41.65388],[2.44574,41.65412],[2.44774,41.65577],[2.45057,41.65656],[2.45438,41.65878],[2.45537,41.6602],[2.46162,41.6614],[2.46441,41.66281],[2.46642,41.66498],[2.46686,41.66614],[2.46844,41.66709],[2.46856,41.66829],[2.47051,41.66882],[2.47434,41.66898],[2.47689,41.66997],[2.47767,41.67088],[2.47993,41.67159]]]]}},{"type":"Feature","properties":{"cp":"08472","municipio":"Campins"},"geometry":{"type":"MultiPolygon","coordinates":[[[[2.4913,41.71748],[2.48965,41.71828],[2.48871,41.71648],[2.48269,41.71758],[2.48255,41.71678],[2.48454,41.71485],[2.47782,41.71001],[2.47319,41.70746],[2.47181,41.70836],[2.47015,41.71032],[2.46879,41.71005],[2.46895,41.71136],[2.46863,41.7119],[2.46752,41.71138],[2.46713,41.71274],[2.46439,41.71333],[2.4631,41.71594],[2.46125,41.71735],[2.45921,41.71823],[2.45728,41.72143],[2.45414,41.72481],[2.45648,41.73493],[2.46146,41.73869],[2.47314,41.74541],[2.47456,41.74268],[2.47778,41.73844],[2.47926,41.73437],[2.48043,41.73345],[2.48099,41.73199],[2.48211,41.73135],[2.48256,41.73021],[2.48445,41.7295],[2.49287,41.72106],[2.4913,41.71748]]]]}},{"type":"Feature","properties":{"cp":"08474","municipio":"Gualba"},"geometry":{"type":"MultiPolygon","coordinates":[[[[2.53139,41.73847],[2.53118,41.73774],[2.53319,41.73529],[2.53324,41.73472],[2.53191,41.73311],[2.53067,41.73048],[2.52925,41.73028],[2.52912,41.72969],[2.53077,41.72871],[2.53167,41.72768],[2.53281,41.72408],[2.53736,41.72016],[2.53819,41.71967],[2.53964,41.71975],[2.5395,41.71796],[2.5407,41.71591],[2.53889,41.71639],[2.53787,41.71606],[2.53704,41.71516],[2.53554,41.71176],[2.53109,41.70859],[2.52875,41.70782],[2.5245,41.70726],[2.52182,41.70537],[2.51963,41.70687],[2.51807,41.70687],[2.51604,41.70799],[2.51177,41.70895],[2.50978,41.7098],[2.50853,41.71103],[2.50696,41.71099],[2.50427,41.71223],[2.50292,41.71161],[2.50054,41.71383],[2.49502,41.717],[2.4913,41.71748],[2.49287,41.72106],[2.48445,41.7295],[2.48256,41.73021],[2.48211,41.73135],[2.48099,41.73199],[2.48043,41.73345],[2.47926,41.73437],[2.47778,41.73844],[2.47456,41.74268],[2.47314,41.74541],[2.47805,41.7476],[2.47743,41.74919],[2.47579,41.75071],[2.47544,41.75189],[2.4757,41.75296],[2.47284,41.75525],[2.47285,41.75693],[2.47188,41.75748],[2.47326,41.76055],[2.47523,41.76284],[2.47422,41.76453],[2.47431,41.76556],[2.47697,41.7677],[2.48026,41.76835],[2.48194,41.77153],[2.48271,41.77041],[2.48519,41.76918],[2.48532,41.76834],[2.48985,41.76549],[2.49456,41.76422],[2.49686,41.76519],[2.49825,41.76507],[2.50539,41.76258],[2.51238,41.76194],[2.51576,41.76205],[2.5159,41.76056],[2.51655,41.76],[2.51866,41.7558],[2.51535,41.75343],[2.51688,41.75032],[2.51563,41.74867],[2.52041,41.74559],[2.5211,41.74405],[2.52316,41.74231],[2.52606,41.7415],[2.53123,41.73895],[2.53139,41.73847]]]]}},{"type":"Feature","properties":{"cp":"08476","municipio":"Sant Celoni"},"geometry":{"type":"MultiPolygon","coordinates":[[[[2.57512,41.72492],[2.57406,41.72329],[2.55466,41.71539],[2.54645,41.71447],[2.53673,41.71439],[2.53704,41.71516],[2.53834,41.71627],[2.5407,41.71591],[2.5395,41.71796],[2.53964,41.71975],[2.53819,41.71967],[2.53736,41.72016],[2.53281,41.72408],[2.53167,41.72768],[2.52897,41.73008],[2.53067,41.73048],[2.53241,41.72995],[2.53412,41.72809],[2.53469,41.72535],[2.53544,41.72397],[2.53641,41.72331],[2.53754,41.72174],[2.5434,41.72105],[2.54731,41.71906],[2.55792,41.72262],[2.56133,41.72313],[2.56424,41.72497],[2.56868,41.72581],[2.569,41.72666],[2.5701,41.72608],[2.57162,41.72606],[2.57512,41.72492]]]]}},{"type":"Feature","properties":{"cp":"08479","municipio":"Fogars de Montclús"},"geometry":{"type":"MultiPolygon","coordinates":[[[[2.43128,41.78058],[2.44235,41.75869],[2.47793,41.74792],[2.47805,41.7476],[2.47071,41.74417],[2.46146,41.73869],[2.45648,41.73493],[2.45414,41.72481],[2.45795,41.72045],[2.44867,41.71034],[2.44732,41.71174],[2.44565,41.70982],[2.44278,41.709],[2.44223,41.70956],[2.44233,41.71073],[2.44111,41.71389],[2.43887,41.71684],[2.43773,41.72064],[2.43584,41.72152],[2.4337,41.72472],[2.4319,41.72406],[2.43205,41.72374],[2.4303,41.72164],[2.4289,41.72102],[2.42656,41.72402],[2.4253,41.72421],[2.4259,41.72522],[2.42816,41.72699],[2.42844,41.72823],[2.42666,41.7294],[2.42489,41.73242],[2.41864,41.73513],[2.40015,41.76158],[2.40076,41.76233],[2.40553,41.76486],[2.40773,41.76791],[2.40414,41.77501],[2.40319,41.77766],[2.40619,41.78056],[2.40623,41.78232],[2.40724,41.78258],[2.40694,41.78301],[2.40569,41.78317],[2.40614,41.7839],[2.40903,41.7853],[2.4102,41.78662],[2.4131,41.78729],[2.41526,41.78978],[2.41742,41.79058],[2.41797,41.78953],[2.41908,41.78862],[2.41922,41.78776],[2.42242,41.78675],[2.42396,41.78562],[2.42525,41.78305],[2.42633,41.78205],[2.42879,41.78074],[2.43128,41.78058]]]]}},{"type":"Feature","properties":{"cp":"08480","municipio":"Ametlla del Vallès, L'"},"geometry":{"type":"MultiPolygon","coordinates":[[[[2.25227,41.68591],[2.25374,41.68445],[2.2543,41.68321],[2.25637,41.68211],[2.26114,41.68069],[2.26348,41.67885],[2.26262,41.67519],[2.27112,41.66814],[2.27489,41.66711],[2.27709,41.66205],[2.27687,41.64459],[2.27423,41.64409],[2.27821,41.64026],[2.27745,41.63545],[2.26781,41.63924],[2.26311,41.63932],[2.25445,41.63849],[2.24701,41.64014],[2.24643,41.64186],[2.24697,41.65025],[2.24338,41.65342],[2.24397,41.65911],[2.24272,41.66073],[2.23423,41.66218],[2.23414,41.66434],[2.23122,41.66526],[2.23103,41.66624],[2.23174,41.66762],[2.23407,41.66931],[2.23472,41.6703],[2.23961,41.67202],[2.24416,41.67726],[2.2472,41.67867],[2.24642,41.67922],[2.24685,41.67997],[2.2463,41.68139],[2.2426,41.68588],[2.24239,41.68687],[2.24148,41.68802],[2.24022,41.68858],[2.23732,41.69107],[2.23734,41.69172],[2.23997,41.69256],[2.23245,41.69719],[2.2416,41.7032],[2.24103,41.70224],[2.24165,41.70069],[2.24426,41.6998],[2.24668,41.69794],[2.24673,41.69744],[2.24837,41.69676],[2.2478,41.69315],[2.24963,41.69054],[2.25175,41.68905],[2.25209,41.68785],[2.25177,41.6868],[2.25227,41.68591]]]]}},{"type":"Feature","properties":{"cp":"08490","municipio":"Tordera"},"geometry":{"type":"MultiPolygon","coordinates":[[[[2.63399,41.64854],[2.6223,41.66198],[2.60648,41.67302],[2.60879,41.67532],[2.6085,41.67621],[2.60615,41.67769],[2.60304,41.67836],[2.60003,41.68265],[2.59998,41.68347],[2.59437,41.68632],[2.59998,41.68347],[2.61372,41.69226],[2.61772,41.69067],[2.62152,41.69023],[2.62623,41.68847],[2.62745,41.68877],[2.62989,41.68818],[2.63199,41.68989],[2.63304,41.69014],[2.63378,41.69219],[2.63296,41.69443],[2.63993,41.71107],[2.64219,41.71259],[2.64226,41.7137],[2.64346,41.71515],[2.64713,41.71593],[2.64994,41.71778],[2.65033,41.72064],[2.65102,41.72201],[2.65371,41.72192],[2.65603,41.72103],[2.65669,41.7207],[2.65735,41.71965],[2.66053,41.71754],[2.66319,41.71807],[2.66581,41.71706],[2.67047,41.71444],[2.67646,41.71813],[2.68406,41.72033],[2.69297,41.72531],[2.70264,41.7282],[2.7248,41.74431],[2.74475,41.73497],[2.77686,41.73548],[2.77723,41.73101],[2.77506,41.72981],[2.77333,41.72953],[2.77276,41.72878],[2.77052,41.72824],[2.76953,41.72659],[2.76835,41.72682],[2.76631,41.72619],[2.76584,41.72568],[2.76567,41.72403],[2.77429,41.70023],[2.76986,41.68735],[2.75787,41.67912],[2.75684,41.68109],[2.75323,41.68558],[2.74232,41.68991],[2.74148,41.68896],[2.73637,41.69079],[2.7345,41.69033],[2.72705,41.69287],[2.72313,41.69239],[2.72389,41.68957],[2.72194,41.68777],[2.71841,41.68671],[2.71769,41.68431],[2.71611,41.68285],[2.70552,41.67767],[2.7039,41.67622],[2.7011,41.67551],[2.69977,41.67366],[2.69399,41.67088],[2.68997,41.67238],[2.68361,41.67051],[2.67837,41.66968],[2.67679,41.66833],[2.6729,41.66807],[2.67128,41.66616],[2.66672,41.6644],[2.6616,41.66518],[2.65969,41.66412],[2.65851,41.664],[2.65835,41.66365],[2.66015,41.662],[2.66011,41.66091],[2.66381,41.6576],[2.66511,41.65785],[2.66833,41.65642],[2.6697,41.65653],[2.67228,41.65557],[2.67271,41.65452],[2.67443,41.65425],[2.67689,41.65315],[2.67896,41.65119],[2.68186,41.64947],[2.67963,41.64499],[2.67717,41.64289],[2.64947,41.64234],[2.63745,41.64265],[2.63399,41.64854]]]]}},{"type":"Feature","properties":{"cp":"08495","municipio":"Fogars de la Selva"},"geometry":{"type":"MultiPolygon","coordinates":[[[[2.69523,41.74189],[2.70058,41.74284],[2.70298,41.74479],[2.70736,41.74097],[2.7248,41.74431],[2.70264,41.7282],[2.69297,41.72531],[2.68406,41.72033],[2.67646,41.71813],[2.67047,41.71444],[2.66581,41.71706],[2.66319,41.71807],[2.66053,41.71754],[2.65735,41.71965],[2.65669,41.7207],[2.65603,41.72103],[2.65371,41.72192],[2.65102,41.72201],[2.65033,41.72064],[2.64994,41.71778],[2.64713,41.71593],[2.64346,41.71515],[2.64226,41.7137],[2.64219,41.71259],[2.63993,41.71107],[2.63296,41.69443],[2.63378,41.69219],[2.6332,41.69045],[2.62989,41.68818],[2.62745,41.68877],[2.62623,41.68847],[2.62152,41.69023],[2.61772,41.69067],[2.61372,41.69226],[2.59998,41.68347],[2.59437,41.68632],[2.59389,41.68824],[2.59244,41.68889],[2.59277,41.69142],[2.59032,41.69316],[2.5899,41.69586],[2.58874,41.69657],[2.58925,41.69733],[2.58791,41.70019],[2.5885,41.70161],[2.59062,41.70484],[2.59226,41.70573],[2.59312,41.70692],[2.59436,41.70739],[2.595,41.70837],[2.59693,41.70941],[2.59737,41.71137],[2.59878,41.71213],[2.59801,41.71364],[2.59941,41.71472],[2.60024,41.7162],[2.59753,41.71744],[2.59578,41.72063],[2.59855,41.72797],[2.60061,41.72732],[2.60369,41.7273],[2.60663,41.7282],[2.61072,41.73055],[2.61207,41.73079],[2.61453,41.73049],[2.6196,41.73175],[2.6226,41.73116],[2.62831,41.73085],[2.63313,41.73222],[2.634,41.73281],[2.63689,41.73326],[2.63791,41.73396],[2.63863,41.73529],[2.63827,41.73885],[2.63874,41.7418],[2.63939,41.74288],[2.64292,41.74415],[2.6471,41.74401],[2.65629,41.74274],[2.65655,41.74374],[2.65609,41.74607],[2.65662,41.746],[2.65671,41.74718],[2.65759,41.74768],[2.65867,41.74725],[2.66373,41.74748],[2.6685,41.74538],[2.66946,41.74537],[2.66988,41.74485],[2.67401,41.74367],[2.6768,41.74138],[2.68055,41.73959],[2.68607,41.74067],[2.68658,41.74131],[2.68554,41.74562],[2.68073,41.74441],[2.681,41.74544],[2.68201,41.74646],[2.68175,41.74825],[2.68897,41.74638],[2.68977,41.74151],[2.6932,41.74177],[2.69416,41.74129],[2.69523,41.74189]]]]}},{"type":"Feature","properties":{"cp":"08500","municipio":"Vic"},"geometry":{"type":"MultiPolygon","coordinates":[[[[2.24046,41.90868],[2.2401,41.91185],[2.23193,41.91865],[2.2262,41.91583],[2.22211,41.91243],[2.22153,41.90727],[2.23258,41.90297],[2.22908,41.89966],[2.22756,41.89932],[2.22715,41.89976],[2.22252,41.89747],[2.2237,41.89595],[2.22291,41.89547],[2.22094,41.89293],[2.21683,41.89288],[2.2158,41.89254],[2.21471,41.89293],[2.20948,41.88942],[2.20807,41.88995],[2.20723,41.88961],[2.20648,41.88801],[2.20675,41.88705],[2.20439,41.88573],[2.20189,41.88636],[2.20063,41.88532],[2.19968,41.88231],[2.19861,41.88166],[2.19634,41.88247],[2.19609,41.88166],[2.1956,41.88178],[2.19551,41.88222],[2.19472,41.88222],[2.19249,41.8847],[2.19384,41.88808],[2.19339,41.89017],[2.19244,41.89138],[2.19287,41.89388],[2.196,41.89653],[2.20186,41.89347],[2.20378,41.89433],[2.2036,41.89532],[2.2024,41.89592],[2.20277,41.89662],[2.20368,41.89654],[2.20435,41.89736],[2.20367,41.89729],[2.20115,41.90074],[2.20164,41.90082],[2.20101,41.90119],[2.20136,41.90357],[2.20397,41.90613],[2.20272,41.90855],[2.20301,41.90934],[2.2023,41.91023],[2.20091,41.9103],[2.20071,41.91253],[2.19799,41.91362],[2.19752,41.91412],[2.19784,41.91481],[2.20039,41.91508],[2.20081,41.91548],[2.20211,41.91487],[2.20386,41.9153],[2.20358,41.91691],[2.2051,41.91708],[2.20611,41.91638],[2.2118,41.91823],[2.21461,41.92089],[2.21919,41.9224],[2.21834,41.92306],[2.21975,41.92409],[2.21527,41.92626],[2.21211,41.92452],[2.20881,41.92653],[2.2035,41.92657],[2.19879,41.92294],[2.19455,41.91732],[2.19098,41.91767],[2.1859,41.91582],[2.18443,41.91669],[2.18369,41.91649],[2.18243,41.91505],[2.1801,41.91511],[2.17988,41.91541],[2.17875,41.91462],[2.178,41.91467],[2.17718,41.91523],[2.17756,41.91624],[2.17922,41.91693],[2.17863,41.91815],[2.17926,41.91823],[2.17905,41.91935],[2.18022,41.92047],[2.18,41.92149],[2.18225,41.92335],[2.18158,41.92448],[2.17916,41.92573],[2.178,41.92554],[2.17698,41.92591],[2.17708,41.9262],[2.17347,41.92677],[2.17272,41.92813],[2.17188,41.92847],[2.16868,41.9276],[2.16812,41.92859],[2.16597,41.93056],[2.16916,41.93118],[2.16952,41.93193],[2.16841,41.93336],[2.17114,41.93268],[2.17188,41.93214],[2.17241,41.93285],[2.17321,41.93179],[2.17436,41.93208],[2.17719,41.93133],[2.17696,41.93267],[2.18002,41.93307],[2.17999,41.93277],[2.18266,41.93229],[2.18346,41.93026],[2.18281,41.9299],[2.1836,41.92932],[2.18532,41.92915],[2.18557,41.92846],[2.19924,41.92613],[2.20416,41.93416],[2.20904,41.9369],[2.21321,41.93564],[2.2181,41.93353],[2.21891,41.93441],[2.22422,41.9301],[2.22524,41.93049],[2.22624,41.93164],[2.22989,41.93216],[2.22954,41.93307],[2.23012,41.93456],[2.23628,41.93303],[2.23982,41.93305],[2.23855,41.93414],[2.23803,41.93954],[2.23923,41.93984],[2.23993,41.93947],[2.24038,41.94],[2.24161,41.94008],[2.24657,41.93939],[2.24709,41.94006],[2.24892,41.94093],[2.24994,41.9447],[2.25076,41.94489],[2.25093,41.94554],[2.25881,41.94793],[2.25889,41.94896],[2.25719,41.95156],[2.25717,41.95346],[2.25748,41.95382],[2.25817,41.95327],[2.26101,41.95258],[2.2617,41.95195],[2.26475,41.95262],[2.26627,41.95254],[2.26787,41.95375],[2.27104,41.9532],[2.27149,41.95531],[2.27438,41.95639],[2.27516,41.95727],[2.27678,41.95771],[2.27711,41.95848],[2.27671,41.95925],[2.27717,41.95973],[2.28288,41.95881],[2.28389,41.95661],[2.28486,41.94985],[2.28654,41.94718],[2.28211,41.94322],[2.28201,41.94161],[2.28422,41.93533],[2.28285,41.93472],[2.28381,41.93458],[2.28049,41.93068],[2.28168,41.92854],[2.28146,41.92587],[2.27928,41.92586],[2.27698,41.92528],[2.27719,41.92466],[2.27385,41.92332],[2.2746,41.92177],[2.27071,41.91984],[2.27054,41.91825],[2.26555,41.91974],[2.26514,41.91897],[2.26342,41.91805],[2.2642,41.91531],[2.2672,41.91037],[2.26676,41.90959],[2.265,41.91014],[2.26519,41.90859],[2.26575,41.90784],[2.26445,41.90722],[2.26439,41.90658],[2.26599,41.90504],[2.26611,41.90343],[2.26469,41.90288],[2.26272,41.90129],[2.26209,41.90131],[2.26166,41.90151],[2.2618,41.9026],[2.26078,41.90291],[2.26077,41.90331],[2.25862,41.90424],[2.25832,41.90385],[2.2546,41.90441],[2.2529,41.90566],[2.25177,41.90595],[2.25184,41.90636],[2.24252,41.91069],[2.24046,41.90868]]]]}},{"type":"Feature","properties":{"cp":"08503","municipio":"Sant Bartomeu del Grau"},"geometry":{"type":"MultiPolygon","coordinates":[[[[2.17044,41.95663],[2.17052,41.95616],[2.17008,41.95581],[2.17032,41.95473],[2.16978,41.95432],[2.1697,41.95304],[2.16934,41.95293],[2.16909,41.9514],[2.16861,41.95099],[2.16882,41.95042],[2.16763,41.94892],[2.16768,41.94834],[2.16712,41.94815],[2.1673,41.94766],[2.16671,41.94701],[2.16688,41.94568],[2.16623,41.945],[2.16664,41.94392],[2.16805,41.94359],[2.16904,41.94275],[2.16846,41.9418],[2.16856,41.94075],[2.17018,41.94063],[2.17239,41.93726],[2.17023,41.93748],[2.16918,41.93815],[2.16804,41.93787],[2.16736,41.93591],[2.16859,41.93293],[2.16952,41.93193],[2.16916,41.93118],[2.16597,41.93056],[2.16615,41.93104],[2.16562,41.93194],[2.16509,41.93192],[2.16265,41.93097],[2.16193,41.93016],[2.16097,41.93016],[2.1579,41.93245],[2.15627,41.92908],[2.1558,41.92881],[2.15631,41.92852],[2.15594,41.92814],[2.15657,41.92782],[2.15672,41.92725],[2.15635,41.92651],[2.15559,41.92565],[2.15349,41.92479],[2.15078,41.92271],[2.15159,41.92188],[2.15001,41.91942],[2.14811,41.9179],[2.14713,41.91779],[2.14522,41.91522],[2.14034,41.91449],[2.13967,41.91351],[2.13807,41.91295],[2.13917,41.91186],[2.13916,41.91001],[2.13524,41.91608],[2.13348,41.91987],[2.13384,41.92093],[2.13183,41.92636],[2.13012,41.92741],[2.1282,41.93112],[2.12723,41.93407],[2.12742,41.93525],[2.13018,41.93743],[2.13442,41.93983],[2.13893,41.94367],[2.13905,41.94446],[2.1376,41.94589],[2.13626,41.94822],[2.13599,41.95299],[2.13646,41.95634],[2.13748,41.95822],[2.13668,41.96346],[2.13721,41.96459],[2.13826,41.96531],[2.13867,41.96651],[2.1383,41.9671],[2.13397,41.9679],[2.1281,41.97264],[2.12747,41.97919],[2.12879,41.98252],[2.12896,41.9858],[2.1273,41.98827],[2.1272,41.98921],[2.12478,41.99075],[2.13327,42.00004],[2.13449,42.00242],[2.13955,42.00361],[2.14138,42.00723],[2.14593,42.00992],[2.14816,42.01056],[2.15471,42.01087],[2.15557,42.0094],[2.17014,42.00588],[2.17489,42.00298],[2.17713,42.00276],[2.18175,42.00585],[2.18284,42.0057],[2.18433,42.0052],[2.18557,42.00187],[2.18799,42.00155],[2.18829,42.00107],[2.1871,41.99538],[2.18876,41.99502],[2.18938,41.99352],[2.19127,41.99302],[2.18982,41.98988],[2.18971,41.98852],[2.19017,41.98781],[2.19039,41.98516],[2.19293,41.98335],[2.19268,41.9824],[2.19065,41.98057],[2.18919,41.98099],[2.18712,41.98074],[2.18628,41.97979],[2.18355,41.97963],[2.18054,41.97696],[2.17947,41.97708],[2.17912,41.97509],[2.17829,41.97359],[2.17852,41.97247],[2.17791,41.97117],[2.17659,41.97028],[2.17659,41.96918],[2.17743,41.96788],[2.17609,41.96729],[2.17282,41.96733],[2.1723,41.96678],[2.17215,41.96623],[2.17259,41.9654],[2.17201,41.96514],[2.17232,41.9645],[2.17177,41.96376],[2.17201,41.96355],[2.17174,41.96271],[2.17129,41.96245],[2.172,41.96184],[2.17056,41.95972],[2.17043,41.95869],[2.17078,41.95853],[2.17027,41.95778],[2.17044,41.95663]]],[[[2.17052,41.95616],[2.17027,41.95778],[2.17078,41.95853],[2.17043,41.95869],[2.17056,41.95972],[2.172,41.96184],[2.17129,41.96245],[2.17174,41.96271],[2.17201,41.96355],[2.17177,41.96376],[2.17232,41.9645],[2.17201,41.96514],[2.17259,41.9654],[2.17215,41.96623],[2.1723,41.96678],[2.17282,41.96733],[2.17609,41.96729],[2.17743,41.96788],[2.17659,41.96918],[2.17659,41.97028],[2.17791,41.97117],[2.17852,41.97247],[2.17829,41.97359],[2.17912,41.97509],[2.17947,41.97708],[2.18054,41.97696],[2.18355,41.97963],[2.18628,41.97979],[2.18712,41.98074],[2.18919,41.98099],[2.19065,41.98057],[2.19268,41.9824],[2.19293,41.98335],[2.19039,41.98516],[2.19017,41.98781],[2.18971,41.98852],[2.18982,41.98988],[2.19127,41.99302],[2.18938,41.99352],[2.18876,41.99502],[2.1871,41.99538],[2.19588,41.99782],[2.19562,41.9931],[2.2026,41.98743],[2.22228,41.98565],[2.22906,41.98053],[2.23815,41.98388],[2.2406,41.98196],[2.24357,41.98313],[2.24412,41.98502],[2.2453,41.98511],[2.24738,41.98662],[2.24835,41.98878],[2.24803,41.99092],[2.24909,41.99231],[2.24812,41.9932],[2.24922,41.99431],[2.25056,41.99394],[2.25797,41.99407],[2.26292,41.9957],[2.26226,41.9915],[2.26245,41.99079],[2.26515,41.99099],[2.26661,41.98437],[2.27229,41.98423],[2.28284,41.98775],[2.2852,41.98555],[2.28675,41.98503],[2.28931,41.98507],[2.29283,41.98359],[2.28877,41.98337],[2.28819,41.98287],[2.28822,41.98229],[2.2906,41.98135],[2.29626,41.97735],[2.29658,41.97698],[2.29634,41.97544],[2.29599,41.97444],[2.29529,41.97389],[2.29959,41.97264],[2.29817,41.97186],[2.29837,41.97143],[2.29897,41.97147],[2.29854,41.9709],[2.29882,41.97039],[2.29982,41.97115],[2.29678,41.96692],[2.29115,41.96138],[2.2874,41.95959],[2.28389,41.95661],[2.28288,41.95881],[2.27717,41.95973],[2.27671,41.95925],[2.27711,41.95848],[2.27678,41.95771],[2.27516,41.95727],[2.27438,41.95639],[2.27149,41.95531],[2.27104,41.9532],[2.26787,41.95375],[2.26627,41.95254],[2.26475,41.95262],[2.2617,41.95195],[2.26101,41.95258],[2.25817,41.95327],[2.25748,41.95382],[2.25717,41.95346],[2.25719,41.95156],[2.25889,41.94896],[2.25881,41.94793],[2.25093,41.94554],[2.25076,41.94489],[2.24994,41.9447],[2.24892,41.94093],[2.24709,41.94006],[2.24657,41.93939],[2.24161,41.94008],[2.24038,41.94],[2.23993,41.93947],[2.23923,41.93984],[2.23803,41.93954],[2.23855,41.93414],[2.23982,41.93305],[2.23628,41.93303],[2.23012,41.93456],[2.22954,41.93307],[2.22989,41.93216],[2.22624,41.93164],[2.22524,41.93049],[2.22422,41.9301],[2.21891,41.93441],[2.2181,41.93353],[2.21321,41.93564],[2.20904,41.9369],[2.20416,41.93416],[2.19924,41.92613],[2.18557,41.92846],[2.18532,41.92915],[2.1836,41.92932],[2.18281,41.9299],[2.18346,41.93026],[2.18266,41.93229],[2.17999,41.93277],[2.18002,41.93307],[2.17696,41.93267],[2.17719,41.93133],[2.17436,41.93208],[2.17321,41.93179],[2.17241,41.93285],[2.17188,41.93214],[2.17114,41.93268],[2.16841,41.93336],[2.16736,41.93591],[2.16804,41.93787],[2.16918,41.93815],[2.17023,41.93748],[2.17239,41.93726],[2.17018,41.94063],[2.16856,41.94075],[2.16846,41.9418],[2.16904,41.94275],[2.16805,41.94359],[2.16664,41.94392],[2.16623,41.945],[2.16688,41.94568],[2.16671,41.94701],[2.1673,41.94766],[2.16712,41.94815],[2.16768,41.94834],[2.16763,41.94892],[2.16882,41.95042],[2.16861,41.95099],[2.16909,41.9514],[2.16934,41.95293],[2.1697,41.95304],[2.16978,41.95432],[2.17032,41.95473],[2.17008,41.95581],[2.17052,41.95616]]]]}},{"type":"Feature","properties":{"cp":"08504","municipio":"Sant Julià de Vilatorta"},"geometry":{"type":"MultiPolygon","coordinates":[[[[2.30878,41.89087],[2.30868,41.89248],[2.30958,41.8935],[2.31008,41.89528],[2.30957,41.89635],[2.30637,41.89531],[2.30336,41.89561],[2.302,41.89805],[2.30425,41.89882],[2.30222,41.90499],[2.30078,41.90643],[2.30196,41.90874],[2.30087,41.91062],[2.29922,41.91154],[2.29682,41.91203],[2.29664,41.91275],[2.30144,41.91506],[2.30554,41.91488],[2.31633,41.92162],[2.31565,41.92291],[2.3164,41.92305],[2.3161,41.92376],[2.31375,41.92461],[2.31294,41.92568],[2.31291,41.92802],[2.31355,41.92945],[2.3134,41.9304],[2.31436,41.93053],[2.31335,41.93342],[2.31356,41.93371],[2.31477,41.93438],[2.31664,41.93179],[2.32736,41.93064],[2.33561,41.92692],[2.33828,41.92686],[2.34438,41.92276],[2.34956,41.92324],[2.35491,41.92924],[2.35846,41.9283],[2.35941,41.92898],[2.36043,41.92777],[2.36269,41.92703],[2.36288,41.92571],[2.36021,41.9239],[2.35716,41.92315],[2.3557,41.92168],[2.35585,41.91878],[2.35265,41.91959],[2.35037,41.91851],[2.34192,41.90402],[2.33842,41.89933],[2.33753,41.88916],[2.33672,41.88861],[2.3367,41.88689],[2.33506,41.88585],[2.3342,41.88384],[2.33219,41.8835],[2.32992,41.88219],[2.32963,41.88279],[2.32798,41.88304],[2.32798,41.88175],[2.32567,41.87933],[2.32546,41.8783],[2.32499,41.87805],[2.32516,41.87669],[2.32456,41.87557],[2.3238,41.87542],[2.32207,41.87661],[2.32097,41.87658],[2.31815,41.87828],[2.31619,41.88155],[2.30848,41.88806],[2.30905,41.89011],[2.30878,41.89087]]],[[[2.41064,41.91687],[2.41211,41.9148],[2.41211,41.91435],[2.41074,41.9133],[2.41102,41.91267],[2.41302,41.91176],[2.41347,41.91006],[2.41477,41.90968],[2.41558,41.90726],[2.41643,41.90662],[2.41618,41.90602],[2.41864,41.90455],[2.41876,41.90394],[2.42079,41.90184],[2.42291,41.90145],[2.42342,41.90041],[2.42453,41.89943],[2.42612,41.89873],[2.42589,41.89846],[2.42672,41.89737],[2.42701,41.89611],[2.42443,41.89625],[2.42182,41.89381],[2.41964,41.89402],[2.4176,41.89326],[2.41707,41.89419],[2.41523,41.89566],[2.41557,41.89622],[2.40712,41.89571],[2.40493,41.88893],[2.40555,41.8881],[2.40439,41.8863],[2.40191,41.88583],[2.39988,41.88646],[2.39797,41.88577],[2.39614,41.88578],[2.39571,41.88503],[2.39647,41.88423],[2.3958,41.88383],[2.39601,41.88344],[2.39564,41.88265],[2.39264,41.88045],[2.39287,41.87966],[2.39367,41.87901],[2.38988,41.87866],[2.38851,41.87953],[2.38721,41.87913],[2.38749,41.87896],[2.38723,41.87769],[2.38517,41.87737],[2.38406,41.8765],[2.38379,41.87416],[2.38442,41.87373],[2.38391,41.87341],[2.38364,41.87204],[2.38261,41.87151],[2.37807,41.87414],[2.3772,41.87281],[2.37289,41.87871],[2.37107,41.87942],[2.37018,41.88083],[2.37041,41.88195],[2.36964,41.88225],[2.37024,41.88476],[2.36966,41.8855],[2.36787,41.88467],[2.36661,41.88014],[2.36152,41.88337],[2.35831,41.88246],[2.35745,41.88138],[2.35613,41.88107],[2.35527,41.88122],[2.3536,41.88262],[2.35269,41.88492],[2.35087,41.88593],[2.35026,41.88586],[2.34949,41.88692],[2.34861,41.88673],[2.34635,41.88739],[2.34616,41.88668],[2.34454,41.8862],[2.34213,41.88728],[2.34047,41.8871],[2.33753,41.88916],[2.33842,41.89933],[2.34192,41.90402],[2.35037,41.91851],[2.35265,41.91959],[2.35585,41.91878],[2.3557,41.92168],[2.35716,41.92315],[2.36021,41.9239],[2.36288,41.92571],[2.36269,41.92703],[2.36043,41.92777],[2.35941,41.92898],[2.35891,41.93335],[2.35402,41.93388],[2.35299,41.93583],[2.35434,41.93629],[2.35716,41.93627],[2.36035,41.9354],[2.36207,41.93381],[2.36325,41.93351],[2.36116,41.93561],[2.36157,41.93608],[2.36465,41.93414],[2.36609,41.93399],[2.36703,41.93333],[2.36929,41.93409],[2.36849,41.93156],[2.36912,41.93025],[2.37528,41.92775],[2.37466,41.92859],[2.37559,41.93006],[2.37458,41.93061],[2.37451,41.93139],[2.37703,41.93095],[2.37796,41.93114],[2.38038,41.92904],[2.38434,41.92971],[2.39013,41.92956],[2.39157,41.92988],[2.39264,41.92925],[2.39321,41.92984],[2.39454,41.92989],[2.39542,41.9309],[2.39762,41.93115],[2.39927,41.932],[2.40786,41.93155],[2.41469,41.9254],[2.41471,41.92482],[2.4173,41.92328],[2.41714,41.91953],[2.41573,41.91956],[2.41314,41.91677],[2.41064,41.91687]]]]}},{"type":"Feature","properties":{"cp":"08505","municipio":"Santa Eulàlia de Riuprimer"},"geometry":{"type":"MultiPolygon","coordinates":[[[[2.16597,41.93056],[2.16812,41.92859],[2.16868,41.9276],[2.17188,41.92847],[2.17272,41.92813],[2.17347,41.92677],[2.17708,41.9262],[2.17698,41.92591],[2.178,41.92554],[2.17916,41.92573],[2.18158,41.92448],[2.18225,41.92335],[2.18,41.92149],[2.18022,41.92047],[2.17905,41.91935],[2.17926,41.91823],[2.17863,41.91815],[2.17922,41.91693],[2.17756,41.91624],[2.17718,41.91523],[2.178,41.91467],[2.17875,41.91462],[2.17988,41.91541],[2.1801,41.91511],[2.18243,41.91505],[2.18369,41.91649],[2.18443,41.91669],[2.1859,41.91582],[2.19098,41.91767],[2.19455,41.91732],[2.19879,41.92294],[2.2035,41.92657],[2.20881,41.92653],[2.21211,41.92452],[2.21527,41.92626],[2.21975,41.92409],[2.21834,41.92306],[2.21919,41.9224],[2.21461,41.92089],[2.2118,41.91823],[2.20611,41.91638],[2.2051,41.91708],[2.20358,41.91691],[2.20386,41.9153],[2.20211,41.91487],[2.20081,41.91548],[2.20039,41.91508],[2.19784,41.91481],[2.19752,41.91412],[2.19799,41.91362],[2.20071,41.91253],[2.20091,41.9103],[2.2023,41.91023],[2.20301,41.90934],[2.20272,41.90855],[2.20397,41.90613],[2.20136,41.90357],[2.201,41.90273],[2.20101,41.90119],[2.20164,41.90082],[2.20115,41.90074],[2.20221,41.89903],[2.20289,41.89864],[2.20367,41.89729],[2.20435,41.89736],[2.20368,41.89654],[2.20277,41.89662],[2.2024,41.89592],[2.2036,41.89532],[2.20378,41.89433],[2.20186,41.89347],[2.196,41.89653],[2.1984,41.89769],[2.19886,41.89903],[2.19776,41.90111],[2.19906,41.90262],[2.19946,41.90426],[2.19645,41.905],[2.19574,41.90459],[2.19437,41.90666],[2.19377,41.90641],[2.19329,41.90671],[2.19284,41.90623],[2.1934,41.90545],[2.1917,41.90441],[2.19313,41.90239],[2.19322,41.90125],[2.19496,41.90149],[2.1952,41.90118],[2.19544,41.89926],[2.19592,41.89903],[2.19561,41.89795],[2.19608,41.89763],[2.196,41.89653],[2.19251,41.89595],[2.1922,41.89635],[2.19258,41.89718],[2.19222,41.89835],[2.19246,41.89911],[2.19192,41.89959],[2.19198,41.90037],[2.19037,41.89955],[2.18907,41.89977],[2.18834,41.89943],[2.18823,41.89867],[2.18695,41.89886],[2.18621,41.90047],[2.18517,41.90021],[2.18448,41.90113],[2.18316,41.90076],[2.18044,41.90096],[2.1795,41.90137],[2.1759,41.90107],[2.17504,41.90142],[2.17576,41.90225],[2.17455,41.90323],[2.17411,41.90286],[2.17207,41.90273],[2.17176,41.90234],[2.1712,41.90259],[2.16998,41.90184],[2.16934,41.90206],[2.16957,41.90105],[2.16824,41.901],[2.16708,41.9001],[2.16486,41.89922],[2.1643,41.89855],[2.16123,41.89787],[2.15928,41.89853],[2.15908,41.89703],[2.1569,41.89666],[2.15305,41.89887],[2.153,41.89952],[2.14976,41.89988],[2.1478,41.89911],[2.14489,41.89925],[2.14316,41.90217],[2.14171,41.90323],[2.14149,41.90519],[2.13962,41.90627],[2.13991,41.90684],[2.139,41.9091],[2.13917,41.91186],[2.13807,41.91295],[2.13967,41.91351],[2.14034,41.91449],[2.14522,41.91522],[2.14713,41.91779],[2.14811,41.9179],[2.15001,41.91942],[2.15159,41.92188],[2.15078,41.92271],[2.15349,41.92479],[2.15559,41.92565],[2.15635,41.92651],[2.15672,41.92725],[2.15657,41.92782],[2.15594,41.92814],[2.15631,41.92852],[2.1558,41.92881],[2.15627,41.92908],[2.1579,41.93245],[2.16097,41.93016],[2.16193,41.93016],[2.16265,41.93097],[2.16509,41.93192],[2.16562,41.93194],[2.16615,41.93104],[2.16597,41.93056]]],[[[2.24046,41.90868],[2.23724,41.9045],[2.23463,41.90413],[2.23367,41.90521],[2.23258,41.90297],[2.22153,41.90727],[2.22211,41.91243],[2.2262,41.91583],[2.23193,41.91865],[2.2401,41.91185],[2.24046,41.90868]]]]}},{"type":"Feature","properties":{"cp":"08506","municipio":"Calldetenes"},"geometry":{"type":"MultiPolygon","coordinates":[[[[2.28381,41.93458],[2.28285,41.93472],[2.28422,41.93533],[2.28333,41.9374],[2.28478,41.93678],[2.28591,41.93696],[2.28792,41.93647],[2.28811,41.93568],[2.28867,41.93535],[2.28871,41.93453],[2.29007,41.9331],[2.29287,41.93366],[2.29744,41.93657],[2.30166,41.93683],[2.31356,41.93371],[2.31335,41.93342],[2.31436,41.93053],[2.3134,41.9304],[2.31355,41.92945],[2.31291,41.92802],[2.31294,41.92568],[2.31375,41.92461],[2.3161,41.92376],[2.3164,41.92305],[2.31565,41.92291],[2.31633,41.92162],[2.30554,41.91488],[2.30144,41.91506],[2.29664,41.91275],[2.29249,41.91582],[2.28644,41.91944],[2.28109,41.92402],[2.28211,41.92551],[2.28125,41.92563],[2.28168,41.92854],[2.28049,41.93068],[2.28381,41.93458]]]]}},{"type":"Feature","properties":{"cp":"08507","municipio":"Santa Eugènia de Berga"},"geometry":{"type":"MultiPolygon","coordinates":[[[[2.28644,41.91944],[2.29249,41.91582],[2.29664,41.91275],[2.29682,41.91203],[2.29922,41.91154],[2.30087,41.91062],[2.30196,41.90874],[2.30078,41.90643],[2.30222,41.90499],[2.30425,41.89882],[2.302,41.89805],[2.28888,41.90382],[2.29034,41.90125],[2.28993,41.89968],[2.28383,41.89793],[2.27818,41.89725],[2.27332,41.89755],[2.27174,41.89906],[2.27206,41.90223],[2.27077,41.90217],[2.2677,41.89874],[2.26725,41.89802],[2.26724,41.89693],[2.26669,41.89633],[2.26707,41.89547],[2.26637,41.8952],[2.26231,41.8989],[2.26276,41.89982],[2.25999,41.90167],[2.26078,41.90291],[2.2618,41.9026],[2.26166,41.90151],[2.26272,41.90129],[2.26469,41.90288],[2.26611,41.90343],[2.26599,41.90504],[2.26439,41.90658],[2.26445,41.90722],[2.26575,41.90784],[2.26519,41.90859],[2.265,41.91014],[2.26676,41.90959],[2.2672,41.91037],[2.2642,41.91531],[2.26334,41.91747],[2.26342,41.91805],[2.26514,41.91897],[2.26555,41.91974],[2.27054,41.91825],[2.27071,41.91984],[2.2746,41.92177],[2.27385,41.92332],[2.27719,41.92466],[2.27698,41.92528],[2.27928,41.92586],[2.28211,41.92551],[2.28109,41.92402],[2.28644,41.91944]]]]}},{"type":"Feature","properties":{"cp":"08508","municipio":"Masies de Voltregà, Les"},"geometry":{"type":"MultiPolygon","coordinates":[[[[2.19873,42.02435],[2.19767,42.02553],[2.19617,42.02579],[2.19504,42.02709],[2.19382,42.02737],[2.19269,42.02962],[2.19087,42.03022],[2.18812,42.033],[2.19189,42.03809],[2.20146,42.04185],[2.21943,42.04643],[2.22571,42.05026],[2.23264,42.0522],[2.23455,42.05447],[2.24207,42.05353],[2.24345,42.05143],[2.24722,42.0489],[2.25437,42.04725],[2.25644,42.04565],[2.25668,42.04266],[2.25465,42.04204],[2.24365,42.04247],[2.2384,42.04659],[2.23696,42.04637],[2.2358,42.04453],[2.23614,42.04283],[2.24087,42.03886],[2.24263,42.03087],[2.2442,42.02869],[2.24678,42.02832],[2.25252,42.03024],[2.25637,42.03042],[2.25814,42.02873],[2.25719,42.02603],[2.25182,42.02073],[2.25217,42.0192],[2.25361,42.01793],[2.25725,42.01681],[2.25835,42.0146],[2.25768,42.01326],[2.25562,42.01167],[2.24616,42.00785],[2.24323,42.00334],[2.24323,42.00008],[2.24414,41.99757],[2.24855,41.99442],[2.24922,41.99431],[2.24812,41.9932],[2.24909,41.99231],[2.24803,41.99092],[2.24835,41.98878],[2.24738,41.98662],[2.2453,41.98511],[2.24412,41.98502],[2.24357,41.98313],[2.2406,41.98196],[2.23492,41.9863],[2.23452,41.98883],[2.23193,41.9918],[2.23035,41.9961],[2.23074,41.99886],[2.22904,42.00006],[2.22921,42.00057],[2.21671,42.00895],[2.21092,42.01209],[2.20812,42.00943],[2.2039,42.00668],[2.20375,42.00753],[2.20459,42.01149],[2.20364,42.0131],[2.20283,42.01371],[2.20106,42.01318],[2.19936,42.01126],[2.19946,42.0128],[2.19814,42.01281],[2.19825,42.01356],[2.19721,42.01316],[2.19755,42.01444],[2.19728,42.01528],[2.20018,42.01862],[2.19777,42.02126],[2.19873,42.02435]],[[2.23053,42.01593],[2.22944,42.01541],[2.23463,42.01196],[2.23872,42.01108],[2.24195,42.01193],[2.24521,42.01415],[2.24249,42.01942],[2.2404,42.02031],[2.23621,42.019],[2.23517,42.01961],[2.23128,42.01939],[2.23276,42.017],[2.23053,42.01593]]]]}},{"type":"Feature","properties":{"cp":"08509","municipio":"Santa Cecília de Voltregà"},"geometry":{"type":"MultiPolygon","coordinates":[[[[2.18816,42.00955],[2.18896,42.01107],[2.18968,42.01126],[2.1892,42.00958],[2.18925,42.00821],[2.1896,42.00791],[2.19118,42.00792],[2.19164,42.00852],[2.19406,42.00782],[2.19431,42.00834],[2.19305,42.01266],[2.19348,42.0144],[2.19381,42.01484],[2.19728,42.01528],[2.19755,42.01444],[2.19721,42.01316],[2.19825,42.01356],[2.19814,42.01281],[2.19946,42.0128],[2.19936,42.01126],[2.20106,42.01318],[2.20283,42.01371],[2.20364,42.0131],[2.20459,42.01149],[2.20375,42.00753],[2.2039,42.00668],[2.20812,42.00943],[2.21092,42.01209],[2.21671,42.00895],[2.22921,42.00057],[2.22904,42.00006],[2.23074,41.99886],[2.23035,41.9961],[2.23193,41.9918],[2.23452,41.98883],[2.23492,41.9863],[2.23815,41.98388],[2.22906,41.98053],[2.22228,41.98565],[2.2026,41.98743],[2.19562,41.9931],[2.19588,41.99782],[2.1871,41.99538],[2.18829,42.00107],[2.18799,42.00155],[2.18557,42.00187],[2.18433,42.0052],[2.18672,42.00739],[2.18816,42.00955]]]]}},{"type":"Feature","properties":{"cp":"08510","municipio":"Masies de Roda, Les"},"geometry":{"type":"MultiPolygon","coordinates":[[[[2.28413,41.98637],[2.28284,41.98775],[2.28771,41.99241],[2.28725,41.99034],[2.28809,41.99016],[2.28811,41.99046],[2.28909,41.99004],[2.28878,41.98887],[2.28722,41.98915],[2.29267,41.98689],[2.29213,41.98935],[2.29287,41.99072],[2.29213,41.99092],[2.29156,41.98961],[2.29018,41.9897],[2.28984,41.99167],[2.29034,41.99165],[2.29014,41.99245],[2.29074,41.99263],[2.29044,41.99316],[2.29215,41.99378],[2.29274,41.99311],[2.29491,41.99426],[2.29469,41.99661],[2.29568,41.99696],[2.29725,41.99606],[2.30436,42.00162],[2.30553,42.00121],[2.30774,42.00212],[2.30833,42.00103],[2.30686,42.00008],[2.30997,41.99839],[2.31236,41.99931],[2.31426,41.99673],[2.31704,41.99928],[2.31808,41.99824],[2.31824,41.99731],[2.31889,41.997],[2.33295,41.99455],[2.33461,41.99712],[2.33639,41.99845],[2.3383,41.99955],[2.33981,41.99946],[2.3381,42.00148],[2.33819,42.00297],[2.33887,42.00365],[2.34006,42.00393],[2.3417,42.00323],[2.34346,42.00138],[2.34369,42.00063],[2.34324,41.99897],[2.34407,41.99744],[2.34763,41.99532],[2.34959,41.99287],[2.35165,41.99252],[2.35451,41.99354],[2.35622,41.99319],[2.35558,41.99148],[2.35565,41.99018],[2.35751,41.98801],[2.36313,41.98649],[2.36644,41.9811],[2.3664,41.97772],[2.36799,41.97669],[2.36539,41.97605],[2.36492,41.97557],[2.3648,41.97474],[2.3668,41.97171],[2.36143,41.97157],[2.36134,41.97235],[2.36177,41.97258],[2.36119,41.97302],[2.3614,41.97419],[2.35969,41.97528],[2.35909,41.97619],[2.35872,41.9761],[2.35737,41.97731],[2.35612,41.97783],[2.3553,41.9791],[2.35474,41.97906],[2.3538,41.9805],[2.35277,41.98122],[2.35217,41.98234],[2.35072,41.98253],[2.34989,41.97928],[2.34582,41.97747],[2.34224,41.97707],[2.3419,41.97621],[2.34241,41.97421],[2.34239,41.97232],[2.34089,41.96877],[2.34147,41.96527],[2.34087,41.9643],[2.33946,41.96445],[2.33809,41.96592],[2.3257,41.9624],[2.3185,41.96421],[2.31929,41.96562],[2.30976,41.96348],[2.29548,41.96561],[2.29982,41.97115],[2.30588,41.97001],[2.30579,41.96748],[2.30967,41.96747],[2.30913,41.96993],[2.3101,41.97267],[2.30911,41.97531],[2.30978,41.97528],[2.31026,41.97613],[2.31311,41.97672],[2.31312,41.97773],[2.31465,41.98046],[2.3187,41.98294],[2.31788,41.9847],[2.31948,41.98635],[2.31911,41.98656],[2.31906,41.98812],[2.31741,41.98982],[2.31747,41.99038],[2.31617,41.99138],[2.31133,41.98951],[2.30921,41.98958],[2.3062,41.98879],[2.30405,41.9877],[2.30468,41.98476],[2.30426,41.98345],[2.30225,41.98325],[2.30156,41.98163],[2.30412,41.98064],[2.30414,41.97864],[2.30189,41.97605],[2.30009,41.97506],[2.29959,41.97264],[2.29529,41.97389],[2.29599,41.97444],[2.29658,41.97698],[2.2906,41.98135],[2.28822,41.98229],[2.28819,41.98287],[2.28877,41.98337],[2.29283,41.98359],[2.28931,41.98507],[2.28675,41.98503],[2.28413,41.98637]]],[[[2.30341,41.98336],[2.30426,41.98345],[2.30468,41.98476],[2.30405,41.9877],[2.3062,41.98879],[2.30921,41.98958],[2.31133,41.98951],[2.31617,41.99138],[2.31747,41.99038],[2.31741,41.98982],[2.31906,41.98812],[2.31911,41.98656],[2.31948,41.98635],[2.31788,41.9847],[2.3187,41.98294],[2.31465,41.98046],[2.31312,41.97773],[2.31311,41.97672],[2.31026,41.97613],[2.30978,41.97528],[2.30911,41.97531],[2.3101,41.97267],[2.30913,41.96993],[2.30967,41.96747],[2.30579,41.96748],[2.30588,41.97001],[2.30555,41.97014],[2.29982,41.97115],[2.29882,41.97039],[2.29854,41.9709],[2.29897,41.97147],[2.29837,41.97143],[2.29817,41.97186],[2.29959,41.97264],[2.30009,41.97506],[2.30189,41.97605],[2.30414,41.97864],[2.30412,41.98064],[2.30156,41.98163],[2.30225,41.98325],[2.30341,41.98336]]]]}},{"type":"Feature","properties":{"cp":"08511","municipio":"Tavertet"},"geometry":{"type":"MultiPolygon","coordinates":[[[[2.44086,41.985],[2.43864,41.9863],[2.43841,41.99241],[2.43495,41.99233],[2.4315,41.99462],[2.43028,41.99412],[2.42948,41.99316],[2.42606,41.99222],[2.42478,41.99299],[2.42344,41.99285],[2.42222,41.99379],[2.41577,41.9885],[2.41367,41.9889],[2.41353,41.98815],[2.41137,41.98696],[2.4084,41.98747],[2.40734,41.9846],[2.40666,41.98398],[2.39849,41.98397],[2.39919,41.98206],[2.39836,41.98139],[2.396,41.98173],[2.39335,41.98147],[2.39228,41.98179],[2.39106,41.98128],[2.38962,41.98151],[2.38904,41.98047],[2.38836,41.98067],[2.38837,41.98101],[2.3888,41.98095],[2.39074,41.984],[2.3919,41.98504],[2.3918,41.98588],[2.39352,41.98625],[2.39304,41.98958],[2.39185,41.98983],[2.39145,41.98925],[2.38865,41.98898],[2.3884,41.98934],[2.38904,41.99003],[2.38889,41.9908],[2.38824,41.99113],[2.38855,41.99214],[2.38826,41.99279],[2.38571,41.98996],[2.38359,41.98882],[2.38266,41.98732],[2.3818,41.98737],[2.38086,41.98472],[2.37996,41.98366],[2.37877,41.98474],[2.3771,41.9815],[2.37494,41.98079],[2.37367,41.97952],[2.36958,41.98008],[2.36831,41.97945],[2.36799,41.97669],[2.3664,41.97772],[2.36644,41.9811],[2.3636,41.98603],[2.3625,41.98676],[2.35854,41.98748],[2.35751,41.98801],[2.35565,41.99018],[2.35558,41.99148],[2.35622,41.99319],[2.35126,41.99543],[2.34929,42.00004],[2.3465,42.00429],[2.3426,42.01234],[2.35447,42.0156],[2.36998,42.01512],[2.38268,42.01639],[2.38644,42.01481],[2.39235,42.0089],[2.3938,42.00833],[2.39516,42.01097],[2.39643,42.01178],[2.39566,42.01238],[2.395,42.01177],[2.39442,42.01224],[2.39506,42.01541],[2.39428,42.01676],[2.39697,42.01641],[2.39778,42.01707],[2.39804,42.01768],[2.39664,42.01828],[2.39779,42.01894],[2.3973,42.01959],[2.39869,42.02013],[2.39944,42.02144],[2.3991,42.02204],[2.39983,42.02338],[2.4002,42.02525],[2.40105,42.02555],[2.41404,42.02473],[2.41673,42.03201],[2.42005,42.03634],[2.41935,42.0303],[2.42396,42.03197],[2.42616,42.0314],[2.42745,42.03064],[2.43049,42.02783],[2.4323,42.02698],[2.43436,42.02698],[2.43821,42.02854],[2.44336,42.02882],[2.45136,42.02516],[2.45029,42.02116],[2.44828,42.01859],[2.45325,42.01916],[2.45464,42.01663],[2.45424,42.01516],[2.45093,42.01324],[2.4525,42.01138],[2.4534,42.00943],[2.45352,42.00742],[2.45238,42.00497],[2.45321,42.00054],[2.45321,41.99924],[2.45261,41.99787],[2.45334,41.99672],[2.45326,41.99592],[2.45253,41.99559],[2.45186,41.99353],[2.45096,41.99406],[2.44862,41.99281],[2.44896,41.99248],[2.4485,41.9921],[2.44705,41.99184],[2.44731,41.99095],[2.44683,41.99073],[2.4466,41.9897],[2.44455,41.98848],[2.44444,41.98716],[2.44302,41.987],[2.4423,41.98572],[2.4415,41.98582],[2.44086,41.985]]],[[[2.35447,42.0156],[2.33277,42.05942],[2.33356,42.06001],[2.33399,42.06279],[2.33801,42.06301],[2.34108,42.06477],[2.342,42.06488],[2.34253,42.06458],[2.34242,42.06372],[2.34321,42.06348],[2.343,42.06269],[2.34737,42.06212],[2.34849,42.06095],[2.3485,42.05957],[2.34991,42.05918],[2.35871,42.06361],[2.36212,42.0647],[2.36403,42.06666],[2.3664,42.067],[2.36835,42.06647],[2.3715,42.06636],[2.37329,42.06774],[2.3746,42.06807],[2.37541,42.06892],[2.37771,42.06916],[2.37913,42.07385],[2.37878,42.07904],[2.37925,42.08033],[2.37932,42.08278],[2.38131,42.08322],[2.38207,42.08383],[2.38461,42.08412],[2.38756,42.01363],[2.38644,42.01481],[2.38268,42.01639],[2.36998,42.01512],[2.35447,42.0156]]]]}},{"type":"Feature","properties":{"cp":"08512","municipio":"Sant Hipòlit de Voltregà"},"geometry":{"type":"MultiPolygon","coordinates":[[[[2.23106,42.0144],[2.22944,42.01541],[2.23276,42.017],[2.23128,42.01939],[2.23517,42.01961],[2.23621,42.019],[2.2404,42.02031],[2.24249,42.01942],[2.24521,42.01415],[2.24195,42.01193],[2.23872,42.01108],[2.23463,42.01196],[2.23106,42.0144]]]]}},{"type":"Feature","properties":{"cp":"08513","municipio":"Prats de Lluçanès"},"geometry":{"type":"MultiPolygon","coordinates":[[[[2.02975,42.01653],[2.0322,42.01628],[2.04254,42.02261],[2.0476,42.01795],[2.05328,42.01408],[2.05174,42.0119],[2.05074,42.01143],[2.04823,42.00516],[2.04453,42.00175],[2.04344,41.9982],[2.03809,41.99326],[2.0341,41.98627],[2.02635,41.9806],[2.01899,41.98019],[2.00723,41.9736],[1.9993,41.97652],[1.99728,41.97968],[1.99719,41.98139],[1.99627,41.98281],[1.99616,41.98395],[1.99513,41.98501],[1.99433,41.98804],[1.99704,41.99032],[2.00016,41.98977],[2.00724,41.99573],[2.00611,41.99686],[2.00619,42.00014],[2.00762,42.00149],[2.00832,42.00341],[2.00753,42.00411],[2.00763,42.00804],[2.01166,42.01406],[2.01448,42.01773],[2.01688,42.01333],[2.01814,42.01273],[2.02782,42.01296],[2.02906,42.0166],[2.02975,42.01653]]]]}},{"type":"Feature","properties":{"cp":"08514","municipio":"Lluçà"},"geometry":{"type":"MultiPolygon","coordinates":[[[[2.02085,42.02404],[2.02174,42.02529],[2.02143,42.02691],[2.01995,42.02808],[2.01172,42.03026],[1.99597,42.02878],[1.99755,42.03083],[2.00008,42.03178],[1.99859,42.03525],[1.99861,42.03597],[2.00076,42.03846],[2.00318,42.03943],[2.00358,42.04365],[2.00555,42.04765],[2.00775,42.05023],[2.00666,42.05357],[2.00772,42.05582],[2.00772,42.05783],[2.00833,42.05987],[2.00779,42.06587],[2.00897,42.07198],[2.00765,42.07364],[2.00961,42.07855],[2.00975,42.07977],[2.00954,42.08353],[2.00801,42.08498],[2.01398,42.09416],[2.01821,42.09539],[2.02597,42.09638],[2.02821,42.09529],[2.02637,42.09304],[2.03055,42.08246],[2.03451,42.07737],[2.04502,42.08089],[2.04255,42.08163],[2.04098,42.08317],[2.0394,42.08753],[2.04114,42.08989],[2.04238,42.09244],[2.05305,42.09474],[2.05386,42.09042],[2.05767,42.08747],[2.06089,42.09559],[2.06253,42.09872],[2.05708,42.10105],[2.0457,42.1044],[2.05467,42.10791],[2.05058,42.11684],[2.04973,42.12175],[2.06438,42.12181],[2.06155,42.11825],[2.06813,42.10954],[2.06983,42.11039],[2.07044,42.1131],[2.07225,42.11313],[2.07311,42.11205],[2.07856,42.10888],[2.08182,42.10893],[2.08605,42.10816],[2.09364,42.10788],[2.09461,42.10639],[2.09631,42.10621],[2.09979,42.10797],[2.09745,42.10996],[2.09697,42.11143],[2.09845,42.11116],[2.1033,42.11217],[2.10496,42.11125],[2.10664,42.10762],[2.1081,42.10741],[2.10935,42.10584],[2.1118,42.10394],[2.11274,42.09893],[2.11043,42.09398],[2.10949,42.09283],[2.10767,42.08823],[2.10483,42.08512],[2.1073,42.08316],[2.10816,42.07851],[2.1042,42.07699],[2.1003,42.07476],[2.09369,42.07517],[2.09253,42.07444],[2.08853,42.07439],[2.08521,42.07491],[2.0856,42.07437],[2.08472,42.07352],[2.08461,42.07044],[2.08743,42.069],[2.0879,42.06775],[2.08848,42.06728],[2.08723,42.06606],[2.08711,42.06523],[2.09011,42.06302],[2.09015,42.06226],[2.08942,42.06129],[2.0906,42.06017],[2.09098,42.05815],[2.08951,42.05774],[2.08798,42.05594],[2.08566,42.05488],[2.08441,42.06034],[2.07612,42.05728],[2.06919,42.06023],[2.06129,42.05889],[2.05762,42.06106],[2.05264,42.05989],[2.05248,42.05903],[2.05348,42.05718],[2.053,42.05569],[2.05315,42.055],[2.05556,42.05289],[2.05559,42.05059],[2.05656,42.04917],[2.05829,42.04941],[2.0577,42.04632],[2.0565,42.04348],[2.05892,42.04265],[2.05824,42.04042],[2.05686,42.03834],[2.05705,42.03657],[2.05488,42.03401],[2.05456,42.03276],[2.04903,42.03253],[2.04974,42.02807],[2.04921,42.02743],[2.04254,42.02261],[2.0322,42.01628],[2.02906,42.0166],[2.02782,42.01296],[2.01814,42.01273],[2.01688,42.01333],[2.01448,42.01773],[2.02085,42.02404]]]]}},{"type":"Feature","properties":{"cp":"08515","municipio":"Olost"},"geometry":{"type":"MultiPolygon","coordinates":[[[[2.09531,42.01985],[2.08617,42.00448],[2.07542,41.98965],[2.07219,41.98422],[2.0707,41.98465],[2.07156,41.98787],[2.06982,41.98962],[2.07001,41.99601],[2.05942,41.98986],[2.05178,41.98727],[2.04115,41.9853],[2.04006,41.9875],[2.0341,41.98627],[2.03809,41.99326],[2.04344,41.9982],[2.04453,42.00175],[2.04823,42.00516],[2.05074,42.01143],[2.05174,42.0119],[2.05328,42.01408],[2.0476,42.01795],[2.04277,42.02248],[2.0476,42.01795],[2.05328,42.01408],[2.0626,42.01379],[2.07219,42.01142],[2.07937,42.01559],[2.09398,42.02023],[2.09531,42.01985]]],[[[2.08566,42.05488],[2.08536,42.05448],[2.08555,42.05335],[2.08345,42.05044],[2.08435,42.04938],[2.08472,42.04778],[2.08331,42.04666],[2.08513,42.04445],[2.08525,42.04334],[2.08619,42.04225],[2.08577,42.04169],[2.08295,42.04022],[2.082,42.03918],[2.0824,42.03657],[2.08195,42.03486],[2.0876,42.03379],[2.09792,42.03092],[2.09743,42.02955],[2.0962,42.02829],[2.09475,42.02434],[2.09587,42.02357],[2.09608,42.02191],[2.09547,42.0198],[2.09398,42.02023],[2.07937,42.01559],[2.07219,42.01142],[2.0626,42.01379],[2.05328,42.01408],[2.0476,42.01795],[2.04254,42.02261],[2.04958,42.0278],[2.04903,42.03253],[2.05456,42.03276],[2.05488,42.03401],[2.05705,42.03657],[2.05686,42.03834],[2.05824,42.04042],[2.05892,42.04265],[2.0565,42.04348],[2.0577,42.04632],[2.05829,42.04941],[2.05656,42.04917],[2.05559,42.05059],[2.05556,42.05289],[2.05315,42.055],[2.053,42.05569],[2.05348,42.05718],[2.05248,42.05903],[2.05264,42.05989],[2.05762,42.06106],[2.06129,42.05889],[2.06919,42.06023],[2.07612,42.05728],[2.08441,42.06034],[2.08566,42.05488]]]]}},{"type":"Feature","properties":{"cp":"08516","municipio":"Olost"},"geometry":{"type":"MultiPolygon","coordinates":[[[[2.07219,41.98422],[2.07542,41.98965],[2.08617,42.00448],[2.09531,42.01985],[2.10074,42.01865],[2.10189,42.01652],[2.1043,42.01794],[2.10819,42.02123],[2.11367,42.02181],[2.11713,42.02363],[2.11827,42.02136],[2.11991,42.02054],[2.12573,42.02025],[2.12709,42.02254],[2.12933,42.0241],[2.13122,42.02607],[2.13413,42.02617],[2.13629,42.02567],[2.13684,42.02521],[2.13784,42.02367],[2.13864,42.02131],[2.13839,42.01947],[2.13961,42.01804],[2.14373,42.01575],[2.14468,42.01271],[2.14694,42.01034],[2.14138,42.00723],[2.13955,42.00361],[2.13449,42.00242],[2.13327,42.00004],[2.12478,41.99075],[2.1272,41.98921],[2.12748,41.98798],[2.12352,41.98511],[2.12032,41.98078],[2.11656,41.98055],[2.11313,41.97834],[2.1112,41.97778],[2.0954,41.97803],[2.0857,41.98017],[2.07219,41.98422]]]]}},{"type":"Feature","properties":{"cp":"08517","municipio":"Santa Maria de Merlès"},"geometry":{"type":"MultiPolygon","coordinates":[[[[2.00316,42.04119],[2.00318,42.03943],[2.00076,42.03846],[1.99861,42.03597],[1.99859,42.03525],[2.00008,42.03178],[1.99755,42.03083],[1.99597,42.02878],[2.01172,42.03026],[2.01995,42.02808],[2.02143,42.02691],[2.02174,42.02529],[2.01972,42.02267],[2.01448,42.01773],[2.00763,42.00804],[2.00753,42.00411],[2.00832,42.00341],[2.00762,42.00149],[2.00619,42.00014],[2.00611,41.99686],[2.00724,41.99573],[2.00016,41.98977],[1.99704,41.99032],[1.99433,41.98804],[1.99513,41.98501],[1.99616,41.98395],[1.99627,41.98281],[1.99719,41.98139],[1.99728,41.97968],[1.99827,41.97778],[1.99343,41.97372],[1.9859,41.96969],[1.99137,41.96677],[1.99634,41.96143],[1.97871,41.95378],[1.977,41.95501],[1.97573,41.94395],[1.97613,41.943],[1.97476,41.94158],[1.97586,41.94031],[1.9747,41.93822],[1.97052,41.93698],[1.97173,41.93382],[1.97174,41.93084],[1.97731,41.92863],[1.98287,41.92578],[1.98558,41.92385],[1.98359,41.92198],[1.9841,41.91912],[1.97415,41.92001],[1.97054,41.91984],[1.95446,41.96658],[1.95171,41.96726],[1.94887,41.96536],[1.93632,41.96523],[1.92595,41.95928],[1.92188,41.95455],[1.92101,41.95401],[1.91658,41.95197],[1.90916,41.94956],[1.90443,41.94563],[1.90222,41.94445],[1.90153,41.94446],[1.9042,41.94669],[1.90115,41.94825],[1.90116,41.94859],[1.90419,41.94948],[1.90549,41.95032],[1.9059,41.95231],[1.9061,41.9582],[1.91119,41.96091],[1.91527,41.9642],[1.90874,41.96591],[1.90749,41.96687],[1.90727,41.96749],[1.91285,41.96964],[1.91164,41.9715],[1.91232,41.97372],[1.914,41.97295],[1.91481,41.97327],[1.91534,41.9745],[1.91689,41.97552],[1.91715,41.9761],[1.91641,41.97703],[1.91636,41.97792],[1.91876,41.97958],[1.91949,41.98108],[1.92085,41.98151],[1.92312,41.98512],[1.9256,41.98645],[1.92657,41.98802],[1.92918,41.98874],[1.93047,41.98957],[1.92972,41.98993],[1.93052,41.99324],[1.92992,41.99359],[1.931,41.99529],[1.93168,41.99858],[1.93763,42.00309],[1.94054,42.00669],[1.94614,42.00842],[1.9468,42.00848],[1.95326,42.00411],[1.95478,42.00587],[1.95463,42.00746],[1.95544,42.00927],[1.95832,42.01207],[1.95862,42.01287],[1.96057,42.01386],[1.96013,42.01475],[1.96038,42.01528],[1.963,42.01862],[1.97416,42.02188],[1.97788,42.03123],[1.97444,42.03466],[1.97336,42.03681],[1.98788,42.04325],[1.99974,42.0393],[1.99709,42.04841],[1.99973,42.05227],[2.00407,42.05336],[2.00666,42.05357],[2.00775,42.05023],[2.00555,42.04765],[2.00358,42.04365],[2.00316,42.04119]]],[[[1.8997,42.01827],[1.89726,42.02239],[1.89943,42.02303],[1.90069,42.02524],[1.90167,42.02581],[1.90369,42.0286],[1.90459,42.03463],[1.90517,42.03534],[1.90511,42.03648],[1.91242,42.04014],[1.91527,42.04202],[1.9199,42.0417],[1.92109,42.03865],[1.9231,42.03878],[1.92534,42.03819],[1.92572,42.03965],[1.92534,42.04007],[1.92588,42.04069],[1.92673,42.04083],[1.92688,42.04284],[1.92781,42.04502],[1.92978,42.04633],[1.93466,42.05405],[1.93724,42.05642],[1.93893,42.05702],[1.93987,42.05785],[1.94055,42.05891],[1.94385,42.06175],[1.94375,42.06218],[1.94886,42.0643],[1.94911,42.06538],[1.9487,42.06631],[1.94973,42.06988],[1.95034,42.06654],[1.95777,42.06331],[1.96098,42.0626],[1.96307,42.06155],[1.96741,42.06249],[1.96851,42.0614],[1.97566,42.06686],[1.98554,42.0676],[1.99222,42.06703],[1.99688,42.06933],[2.00351,42.06935],[2.00765,42.07364],[2.00882,42.07233],[2.00895,42.07157],[2.00779,42.06587],[2.00833,42.05987],[2.00772,42.05783],[2.00772,42.05582],[2.00666,42.05357],[2.00407,42.05336],[1.99973,42.05227],[1.99709,42.04841],[1.99974,42.0393],[1.98788,42.04325],[1.97336,42.03681],[1.97444,42.03466],[1.97788,42.03123],[1.97416,42.02188],[1.963,42.01862],[1.96038,42.01528],[1.96013,42.01475],[1.96057,42.01386],[1.95862,42.01287],[1.95832,42.01207],[1.95544,42.00927],[1.95463,42.00746],[1.95478,42.00587],[1.95326,42.00411],[1.9468,42.00848],[1.94054,42.00669],[1.93763,42.00309],[1.93168,41.99858],[1.931,41.99529],[1.92992,41.99359],[1.93052,41.99324],[1.92972,41.98993],[1.93047,41.98957],[1.92918,41.98874],[1.92707,41.98827],[1.92575,41.98715],[1.9223,41.98656],[1.91336,41.98407],[1.90738,41.97907],[1.90062,41.97695],[1.89228,41.97837],[1.89214,41.98809],[1.89658,41.99721],[1.89107,41.99839],[1.89355,41.99833],[1.89404,42.00011],[1.89547,42.00253],[1.9068,42.00882],[1.9046,42.0111],[1.90257,42.01464],[1.8997,42.01827]]]]}},{"type":"Feature","properties":{"cp":"08518","municipio":"Oristà"},"geometry":{"type":"MultiPolygon","coordinates":[[[[2.07219,41.98422],[2.0857,41.98017],[2.09499,41.97809],[2.1112,41.97778],[2.11313,41.97834],[2.11656,41.98055],[2.12058,41.98092],[2.12352,41.98511],[2.12748,41.98798],[2.12896,41.9858],[2.12879,41.98252],[2.12747,41.97919],[2.12807,41.97269],[2.12156,41.96716],[2.13063,41.96464],[2.12831,41.96175],[2.1285,41.95799],[2.13045,41.95742],[2.13119,41.95654],[2.1333,41.95689],[2.13603,41.95456],[2.13626,41.94822],[2.1376,41.94589],[2.13905,41.94446],[2.12843,41.94257],[2.12294,41.94398],[2.12165,41.94344],[2.11961,41.94023],[2.11717,41.93846],[2.11581,41.93607],[2.11495,41.9353],[2.11408,41.93316],[2.10905,41.9274],[2.10833,41.92733],[2.107,41.92637],[2.10074,41.92107],[2.0985,41.92171],[2.09796,41.92137],[2.09069,41.91541],[2.09356,41.91405],[2.09135,41.90908],[2.08194,41.90616],[2.07382,41.90014],[2.06452,41.90183],[2.06381,41.90143],[2.06397,41.90045],[2.06336,41.90006],[2.05879,41.89944],[2.05692,41.89979],[2.05262,41.89967],[2.04679,41.89764],[2.04078,41.90292],[2.04257,41.90227],[2.04444,41.90054],[2.04396,41.90351],[2.04777,41.90783],[2.04658,41.90853],[2.04437,41.9073],[2.04309,41.90739],[2.04215,41.90805],[2.04099,41.90983],[2.03953,41.91012],[2.03718,41.91146],[2.03556,41.91171],[2.03501,41.91277],[2.03464,41.91568],[2.03417,41.91613],[2.03383,41.92072],[2.03092,41.92584],[2.02937,41.92975],[2.02926,41.93046],[2.03009,41.93227],[2.02646,41.93706],[2.0252,41.93774],[2.02351,41.94151],[2.02559,41.94111],[2.02776,41.94281],[2.02843,41.94907],[2.02703,41.95043],[2.03124,41.95693],[2.0309,41.9576],[2.03245,41.95868],[2.03167,41.95938],[2.03286,41.96068],[2.0327,41.9609],[2.02454,41.9635],[2.01989,41.96545],[2.01696,41.96614],[2.01465,41.96631],[2.00491,41.96477],[2.00122,41.96673],[1.99854,41.97024],[1.9859,41.96969],[1.99343,41.97372],[1.99827,41.97778],[1.9993,41.97652],[2.00723,41.9736],[2.01899,41.98019],[2.02635,41.9806],[2.0341,41.98627],[2.03524,41.98672],[2.04006,41.9875],[2.04115,41.9853],[2.05178,41.98727],[2.05942,41.98986],[2.07001,41.99601],[2.06982,41.98962],[2.07156,41.98787],[2.0707,41.98465],[2.07219,41.98422]]],[[[2.01445,41.93565],[2.01106,41.93874],[2.01366,41.94168],[2.01441,41.94147],[2.01505,41.94277],[2.01694,41.94313],[2.01851,41.94458],[2.01944,41.94309],[2.01861,41.93982],[2.02253,41.93778],[2.01903,41.93804],[2.01771,41.93625],[2.01445,41.93565]]]]}},{"type":"Feature","properties":{"cp":"08519","municipio":"Folgueroles"},"geometry":{"type":"MultiPolygon","coordinates":[[[[2.33733,41.93891],[2.33727,41.93844],[2.33867,41.93727],[2.3467,41.93689],[2.34894,41.93499],[2.35402,41.93388],[2.35891,41.93335],[2.35941,41.92898],[2.35846,41.9283],[2.35491,41.92924],[2.34956,41.92324],[2.34438,41.92276],[2.33828,41.92686],[2.33561,41.92692],[2.32736,41.93064],[2.31664,41.93179],[2.31477,41.93438],[2.31356,41.93371],[2.31259,41.93389],[2.30166,41.93683],[2.29744,41.93657],[2.29287,41.93366],[2.29007,41.9331],[2.28871,41.93453],[2.28867,41.93535],[2.28811,41.93568],[2.28792,41.93647],[2.28591,41.93696],[2.28478,41.93678],[2.28333,41.9374],[2.28201,41.94161],[2.28211,41.94322],[2.28654,41.94718],[2.28486,41.94985],[2.28389,41.95661],[2.2874,41.95959],[2.29001,41.96097],[2.29866,41.95648],[2.30727,41.95415],[2.30798,41.95086],[2.31557,41.94995],[2.32154,41.94868],[2.33116,41.94183],[2.33644,41.9401],[2.33733,41.93891]]],[[[2.25234,41.84518],[2.25084,41.84607],[2.24837,41.84673],[2.24702,41.84763],[2.24594,41.84761],[2.24533,41.84831],[2.24087,41.85003],[2.24683,41.85448],[2.2472,41.8562],[2.2483,41.85678],[2.24893,41.858],[2.25229,41.8596],[2.25299,41.85958],[2.2538,41.86067],[2.25667,41.86073],[2.25835,41.86018],[2.25876,41.86054],[2.2597,41.86024],[2.25972,41.85768],[2.2593,41.85714],[2.26248,41.85716],[2.26286,41.85623],[2.26258,41.85454],[2.26164,41.85355],[2.26198,41.85292],[2.26153,41.85191],[2.25996,41.84994],[2.25715,41.84821],[2.25589,41.84806],[2.25631,41.84765],[2.25234,41.84518]]],[[[2.41092,41.91672],[2.41314,41.91677],[2.41573,41.91956],[2.41714,41.91953],[2.4173,41.92328],[2.41471,41.92482],[2.41469,41.9254],[2.40786,41.93155],[2.39927,41.932],[2.39762,41.93115],[2.39542,41.9309],[2.39454,41.92989],[2.39321,41.92984],[2.39264,41.92925],[2.39157,41.92988],[2.39013,41.92956],[2.38434,41.92971],[2.38038,41.92904],[2.37796,41.93114],[2.37703,41.93095],[2.37451,41.93139],[2.37458,41.93061],[2.37559,41.93006],[2.37466,41.92859],[2.37528,41.92775],[2.36912,41.93025],[2.36849,41.93156],[2.36921,41.93306],[2.36946,41.9365],[2.37085,41.93704],[2.37005,41.93812],[2.37219,41.93991],[2.37209,41.94221],[2.36971,41.9451],[2.36862,41.9472],[2.36833,41.94929],[2.37127,41.95178],[2.37139,41.95257],[2.3705,41.95314],[2.37048,41.95587],[2.37317,41.95694],[2.37592,41.95717],[2.37897,41.95811],[2.38082,41.95785],[2.38268,41.95894],[2.38345,41.96214],[2.38255,41.96165],[2.3801,41.96363],[2.38018,41.9644],[2.37766,41.96475],[2.37656,41.9667],[2.37709,41.96728],[2.37688,41.96869],[2.37381,41.97128],[2.37043,41.9734],[2.36874,41.97243],[2.36593,41.97324],[2.3648,41.97474],[2.36492,41.97557],[2.36539,41.97605],[2.36799,41.97669],[2.36831,41.97945],[2.36958,41.98008],[2.37367,41.97952],[2.37494,41.98079],[2.3771,41.9815],[2.37877,41.98474],[2.37996,41.98366],[2.38086,41.98472],[2.3818,41.98737],[2.38266,41.98732],[2.38359,41.98882],[2.38571,41.98996],[2.38826,41.99279],[2.38855,41.99214],[2.38824,41.99113],[2.38889,41.9908],[2.38904,41.99003],[2.3884,41.98934],[2.38865,41.98898],[2.39145,41.98925],[2.39185,41.98983],[2.39304,41.98958],[2.39352,41.98625],[2.3918,41.98588],[2.3919,41.98504],[2.39074,41.984],[2.3888,41.98095],[2.38837,41.98101],[2.38836,41.98067],[2.38904,41.98047],[2.38962,41.98151],[2.39106,41.98128],[2.39228,41.98179],[2.39335,41.98147],[2.396,41.98173],[2.39836,41.98139],[2.39919,41.98206],[2.39849,41.98397],[2.40666,41.98398],[2.40734,41.9846],[2.4084,41.98747],[2.41137,41.98696],[2.41353,41.98815],[2.41367,41.9889],[2.41577,41.9885],[2.42222,41.99379],[2.42344,41.99285],[2.42478,41.99299],[2.42606,41.99222],[2.42948,41.99316],[2.43028,41.99412],[2.4315,41.99462],[2.43495,41.99233],[2.43841,41.99241],[2.43864,41.9863],[2.44134,41.98466],[2.43954,41.98363],[2.43998,41.98316],[2.43957,41.98246],[2.43978,41.98185],[2.43913,41.98156],[2.43948,41.97925],[2.44107,41.97927],[2.44194,41.97993],[2.44673,41.97973],[2.4488,41.97697],[2.44487,41.97576],[2.44767,41.97413],[2.44931,41.97164],[2.44923,41.97009],[2.4434,41.96835],[2.44279,41.96861],[2.44156,41.9682],[2.44115,41.96855],[2.44208,41.96998],[2.44281,41.97006],[2.44254,41.97177],[2.44205,41.9718],[2.44068,41.97304],[2.43808,41.97336],[2.43371,41.97243],[2.4311,41.96912],[2.4291,41.96893],[2.42939,41.96536],[2.43242,41.96573],[2.43516,41.96414],[2.43944,41.96318],[2.44148,41.95987],[2.4421,41.9573],[2.44153,41.9554],[2.44211,41.95456],[2.43798,41.95146],[2.43699,41.948],[2.44021,41.94668],[2.43976,41.94469],[2.43999,41.94368],[2.44157,41.94262],[2.44223,41.94139],[2.44387,41.94153],[2.4451,41.9421],[2.44605,41.944],[2.45101,41.9437],[2.45142,41.94328],[2.45134,41.94262],[2.45383,41.94183],[2.45485,41.94087],[2.45631,41.94229],[2.45677,41.94352],[2.45921,41.9444],[2.46041,41.94385],[2.46071,41.94213],[2.46219,41.94122],[2.46209,41.93899],[2.46249,41.9378],[2.4633,41.93854],[2.4652,41.93912],[2.47075,41.93929],[2.47149,41.93851],[2.47156,41.9377],[2.47993,41.9301],[2.48023,41.9287],[2.47942,41.92753],[2.47926,41.9253],[2.4788,41.92569],[2.47877,41.92517],[2.47998,41.92392],[2.48027,41.92287],[2.47986,41.92176],[2.47828,41.91994],[2.47891,41.91856],[2.48118,41.91601],[2.47738,41.91598],[2.47482,41.91497],[2.47448,41.91313],[2.47364,41.91227],[2.4726,41.90942],[2.47002,41.90861],[2.46795,41.90575],[2.46865,41.90464],[2.45986,41.90253],[2.46024,41.90104],[2.4596,41.90056],[2.459,41.89827],[2.45757,41.89792],[2.45665,41.89671],[2.45352,41.89542],[2.45223,41.8959],[2.44879,41.89576],[2.44629,41.89478],[2.44589,41.89372],[2.44618,41.89272],[2.44586,41.88957],[2.4427,41.88748],[2.44049,41.88808],[2.43928,41.88768],[2.43831,41.88858],[2.43602,41.88868],[2.43476,41.88935],[2.43451,41.89015],[2.43076,41.89034],[2.43081,41.8921],[2.43129,41.8926],[2.43098,41.89333],[2.43151,41.89423],[2.42879,41.89427],[2.42837,41.89492],[2.42708,41.89508],[2.42672,41.89737],[2.42589,41.89846],[2.42612,41.89873],[2.42453,41.89943],[2.42342,41.90041],[2.42291,41.90145],[2.42079,41.90184],[2.41876,41.90394],[2.41864,41.90455],[2.41618,41.90602],[2.41643,41.90662],[2.41558,41.90726],[2.41477,41.90968],[2.41347,41.91006],[2.41302,41.91176],[2.41102,41.91267],[2.41074,41.9133],[2.41211,41.91435],[2.41211,41.9148],[2.41092,41.91672]]],[[[2.35402,41.93388],[2.34894,41.93499],[2.3467,41.93689],[2.33867,41.93727],[2.33727,41.93844],[2.33733,41.93891],[2.33644,41.9401],[2.33116,41.94183],[2.32154,41.94868],[2.31557,41.94995],[2.30798,41.95086],[2.30727,41.95415],[2.29866,41.95648],[2.29001,41.96097],[2.29115,41.96138],[2.29548,41.96561],[2.30976,41.96348],[2.31929,41.96562],[2.3185,41.96421],[2.3257,41.9624],[2.33809,41.96592],[2.33946,41.96445],[2.34087,41.9643],[2.34147,41.96527],[2.34089,41.96877],[2.34239,41.97232],[2.34241,41.97421],[2.3419,41.97621],[2.34224,41.97707],[2.34582,41.97747],[2.34851,41.97842],[2.35023,41.97981],[2.35052,41.98245],[2.35217,41.98234],[2.35277,41.98122],[2.3538,41.9805],[2.35474,41.97906],[2.3553,41.9791],[2.35612,41.97783],[2.35737,41.97731],[2.35872,41.9761],[2.35909,41.97619],[2.35969,41.97528],[2.3614,41.97419],[2.36119,41.97302],[2.36177,41.97258],[2.36134,41.97235],[2.36143,41.97157],[2.3668,41.97171],[2.36593,41.97324],[2.36874,41.97243],[2.37043,41.9734],[2.37381,41.97128],[2.37688,41.96869],[2.37709,41.96728],[2.37656,41.9667],[2.37766,41.96475],[2.38018,41.9644],[2.3801,41.96363],[2.38255,41.96165],[2.38345,41.96214],[2.38268,41.95894],[2.38082,41.95785],[2.37897,41.95811],[2.37592,41.95717],[2.37317,41.95694],[2.37048,41.95587],[2.3705,41.95314],[2.37139,41.95257],[2.37127,41.95178],[2.36833,41.94929],[2.36862,41.9472],[2.36971,41.9451],[2.37209,41.94221],[2.37219,41.93991],[2.37005,41.93812],[2.37085,41.93704],[2.36946,41.9365],[2.36929,41.93409],[2.36703,41.93333],[2.36609,41.93399],[2.36465,41.93414],[2.36157,41.93608],[2.36116,41.93561],[2.36325,41.93351],[2.36207,41.93381],[2.36035,41.9354],[2.35716,41.93627],[2.35478,41.93632],[2.35299,41.93583],[2.35402,41.93388]]]]}},{"type":"Feature","properties":{"cp":"08520","municipio":"Franqueses del Vallès, Les"},"geometry":{"type":"MultiPolygon","coordinates":[[[[2.34897,41.67408],[2.34883,41.67185],[2.34731,41.66972],[2.34951,41.66379],[2.34795,41.66078],[2.3483,41.65704],[2.34572,41.65801],[2.34034,41.65833],[2.3387,41.65388],[2.33839,41.64797],[2.33662,41.64806],[2.33343,41.63866],[2.33394,41.6383],[2.33158,41.63597],[2.32648,41.63241],[2.324,41.62708],[2.31735,41.61808],[2.3189,41.61265],[2.31259,41.61015],[2.31016,41.60776],[2.30265,41.60742],[2.30353,41.61039],[2.30214,41.61351],[2.30281,41.61357],[2.30257,41.61411],[2.2985,41.61543],[2.29926,41.6163],[2.29917,41.6185],[2.30123,41.61885],[2.30125,41.61944],[2.2968,41.62087],[2.29528,41.62029],[2.29481,41.6188],[2.29736,41.61827],[2.29749,41.61747],[2.29443,41.61756],[2.29416,41.61636],[2.29259,41.61672],[2.29357,41.6195],[2.29539,41.622],[2.29392,41.62245],[2.29141,41.62166],[2.28848,41.62257],[2.28682,41.62172],[2.28834,41.63259],[2.27745,41.63545],[2.27821,41.64026],[2.27423,41.64409],[2.27687,41.64459],[2.27702,41.65752],[2.27839,41.65711],[2.27864,41.65763],[2.28721,41.65911],[2.2906,41.66351],[2.29427,41.66669],[2.29728,41.6689],[2.3033,41.67201],[2.30721,41.67274],[2.31165,41.67432],[2.31639,41.67214],[2.31832,41.67516],[2.32462,41.68045],[2.32378,41.68118],[2.33027,41.68698],[2.33882,41.68526],[2.34385,41.68283],[2.34531,41.6786],[2.34897,41.67408]]]]}},{"type":"Feature","properties":{"cp":"08521","municipio":"Franqueses del Vallès, Les"},"geometry":{"type":"MultiPolygon","coordinates":[[[[2.2985,41.61543],[2.29416,41.61636],[2.29443,41.61756],[2.29749,41.61747],[2.29736,41.61827],[2.29481,41.6188],[2.29528,41.62029],[2.2968,41.62087],[2.30125,41.61944],[2.30123,41.61885],[2.29917,41.6185],[2.29926,41.6163],[2.2985,41.61543]]]]}},{"type":"Feature","properties":{"cp":"08522","municipio":"Malla"},"geometry":{"type":"MultiPolygon","coordinates":[[[[2.25184,41.90636],[2.25177,41.90595],[2.2529,41.90566],[2.2546,41.90441],[2.25832,41.90385],[2.25862,41.90424],[2.26077,41.90331],[2.25999,41.90167],[2.26033,41.89971],[2.26004,41.89875],[2.26058,41.89798],[2.26151,41.89752],[2.2619,41.89784],[2.26299,41.89574],[2.26562,41.89379],[2.26513,41.89347],[2.26568,41.89327],[2.26562,41.8928],[2.26474,41.89282],[2.26435,41.89066],[2.26399,41.89086],[2.26315,41.88976],[2.25854,41.88867],[2.25639,41.89314],[2.25608,41.89312],[2.25585,41.89264],[2.25624,41.89176],[2.25563,41.89114],[2.25573,41.89054],[2.25318,41.88661],[2.25232,41.88625],[2.2508,41.88414],[2.24892,41.88283],[2.24876,41.88136],[2.24928,41.88091],[2.24882,41.87984],[2.24772,41.87969],[2.24591,41.88021],[2.24498,41.87973],[2.24614,41.87902],[2.24545,41.87789],[2.2453,41.87664],[2.24487,41.87644],[2.24375,41.87693],[2.24287,41.87645],[2.24338,41.87526],[2.24392,41.87506],[2.24375,41.87426],[2.24154,41.87391],[2.23695,41.87525],[2.23168,41.87561],[2.22841,41.88187],[2.22584,41.88092],[2.22578,41.88188],[2.22514,41.88207],[2.22385,41.88392],[2.22338,41.88373],[2.2209,41.88448],[2.21917,41.88412],[2.21915,41.88468],[2.21975,41.88532],[2.21875,41.88613],[2.21623,41.88634],[2.2162,41.88781],[2.21539,41.88814],[2.21385,41.88785],[2.21285,41.88876],[2.2104,41.88914],[2.21007,41.88984],[2.21471,41.89293],[2.2158,41.89254],[2.21683,41.89288],[2.22094,41.89293],[2.22291,41.89547],[2.2237,41.89595],[2.22252,41.89747],[2.22715,41.89976],[2.22756,41.89932],[2.22908,41.89966],[2.23098,41.90119],[2.23184,41.9026],[2.23286,41.90311],[2.23367,41.90521],[2.23463,41.90413],[2.23724,41.9045],[2.24019,41.90841],[2.24252,41.91069],[2.25184,41.90636]]]]}},{"type":"Feature","properties":{"cp":"08529","municipio":"Muntanyola"},"geometry":{"type":"MultiPolygon","coordinates":[[[[2.09147,41.90834],[2.09135,41.90908],[2.09356,41.91405],[2.09069,41.91541],[2.09796,41.92137],[2.0985,41.92171],[2.10074,41.92107],[2.107,41.92637],[2.10833,41.92733],[2.10905,41.9274],[2.11408,41.93316],[2.11495,41.9353],[2.11581,41.93607],[2.11717,41.93846],[2.11961,41.94023],[2.12165,41.94344],[2.12294,41.94398],[2.12843,41.94257],[2.13905,41.94446],[2.13893,41.94367],[2.1383,41.94301],[2.13442,41.93983],[2.12843,41.93628],[2.12742,41.93525],[2.12723,41.93407],[2.1282,41.93112],[2.13012,41.92741],[2.13183,41.92636],[2.13242,41.9252],[2.13384,41.92093],[2.13348,41.91987],[2.13732,41.91265],[2.13519,41.91455],[2.13477,41.91324],[2.13101,41.9104],[2.12048,41.9079],[2.11454,41.90689],[2.10584,41.90343],[2.09707,41.9035],[2.09169,41.90461],[2.09147,41.90834]]],[[[2.196,41.89653],[2.19608,41.89763],[2.19561,41.89795],[2.19592,41.89903],[2.19544,41.89926],[2.1952,41.90118],[2.19496,41.90149],[2.19322,41.90125],[2.19313,41.90239],[2.1917,41.90441],[2.1934,41.90545],[2.19284,41.90623],[2.19329,41.90671],[2.19377,41.90641],[2.19437,41.90666],[2.19574,41.90459],[2.19645,41.905],[2.19946,41.90426],[2.19906,41.90262],[2.19776,41.90111],[2.19886,41.89903],[2.1984,41.89769],[2.196,41.89653]]],[[[2.13603,41.95456],[2.1333,41.95689],[2.13119,41.95654],[2.13045,41.95742],[2.1285,41.95799],[2.12831,41.96175],[2.13063,41.96464],[2.12156,41.96716],[2.12807,41.97269],[2.13397,41.9679],[2.13857,41.96685],[2.13826,41.96531],[2.13721,41.96459],[2.13668,41.96346],[2.13748,41.95822],[2.13646,41.95634],[2.13603,41.95456]]],[[[2.196,41.89653],[2.19287,41.89388],[2.19236,41.89211],[2.19271,41.89072],[2.19339,41.89017],[2.19384,41.88808],[2.19249,41.8847],[2.19472,41.88222],[2.19551,41.88222],[2.1956,41.88178],[2.19609,41.88166],[2.19634,41.88247],[2.19861,41.88166],[2.19968,41.88231],[2.20063,41.88532],[2.20189,41.88636],[2.20439,41.88573],[2.20675,41.88705],[2.20648,41.88801],[2.20723,41.88961],[2.20807,41.88995],[2.20948,41.88942],[2.21007,41.88984],[2.2104,41.88914],[2.21285,41.88876],[2.21385,41.88785],[2.21539,41.88814],[2.2162,41.88781],[2.21623,41.88634],[2.21875,41.88613],[2.21975,41.88532],[2.21915,41.88468],[2.21917,41.88412],[2.2209,41.88448],[2.22338,41.88373],[2.22385,41.88392],[2.22514,41.88207],[2.22578,41.88188],[2.22584,41.88092],[2.22841,41.88187],[2.23168,41.87561],[2.23145,41.87525],[2.22988,41.87525],[2.23053,41.87325],[2.22709,41.87205],[2.22603,41.8723],[2.21851,41.86897],[2.21383,41.86805],[2.21234,41.86819],[2.21143,41.86741],[2.21017,41.86736],[2.20779,41.86807],[2.20437,41.87023],[2.19906,41.86907],[2.19848,41.86822],[2.19768,41.86798],[2.19358,41.86741],[2.19168,41.86619],[2.19047,41.86429],[2.18847,41.86415],[2.18604,41.85945],[2.18455,41.85834],[2.18401,41.85515],[2.17997,41.85258],[2.17727,41.85206],[2.17504,41.8536],[2.17283,41.85366],[2.16849,41.85537],[2.16472,41.85555],[2.16206,41.85622],[2.1584,41.85612],[2.1575,41.85672],[2.1567,41.85562],[2.15574,41.85546],[2.15581,41.85494],[2.15436,41.85422],[2.15443,41.85352],[2.14627,41.85261],[2.14592,41.85313],[2.14397,41.85379],[2.14131,41.85565],[2.14165,41.85883],[2.13991,41.85926],[2.13617,41.85841],[2.13415,41.86284],[2.12837,41.86871],[2.12927,41.87136],[2.13122,41.87321],[2.13223,41.87527],[2.13157,41.87616],[2.13103,41.87872],[2.12372,41.88068],[2.12305,41.88524],[2.13394,41.88563],[2.13936,41.88847],[2.13971,41.89291],[2.14095,41.89884],[2.13988,41.89996],[2.14291,41.90017],[2.14381,41.90134],[2.14511,41.89908],[2.1478,41.89911],[2.14976,41.89988],[2.153,41.89952],[2.15305,41.89887],[2.1569,41.89666],[2.15908,41.89703],[2.15928,41.89853],[2.16123,41.89787],[2.1643,41.89855],[2.16486,41.89922],[2.16708,41.9001],[2.16824,41.901],[2.16957,41.90105],[2.16934,41.90206],[2.16998,41.90184],[2.1712,41.90259],[2.17176,41.90234],[2.17207,41.90273],[2.17411,41.90286],[2.17455,41.90323],[2.17576,41.90225],[2.17504,41.90142],[2.1759,41.90107],[2.1795,41.90137],[2.18044,41.90096],[2.18316,41.90076],[2.18448,41.90113],[2.18517,41.90021],[2.18621,41.90047],[2.18695,41.89886],[2.18823,41.89867],[2.18834,41.89943],[2.18907,41.89977],[2.19037,41.89955],[2.19198,41.90037],[2.19192,41.89959],[2.19246,41.89911],[2.19222,41.89835],[2.19258,41.89718],[2.1922,41.89635],[2.19251,41.89595],[2.196,41.89653]]]]}},{"type":"Feature","properties":{"cp":"08530","municipio":"Garriga, La"},"geometry":{"type":"MultiPolygon","coordinates":[[[[2.30318,41.71309],[2.31031,41.70857],[2.29942,41.70369],[2.30028,41.70152],[2.30205,41.69898],[2.30182,41.69859],[2.30238,41.69725],[2.30253,41.69538],[2.30235,41.69459],[2.30111,41.69338],[2.30067,41.69126],[2.2998,41.69011],[2.30081,41.68892],[2.30137,41.68737],[2.3004,41.68327],[2.30078,41.6812],[2.2995,41.67683],[2.3033,41.67201],[2.29728,41.6689],[2.29427,41.6667],[2.2906,41.66352],[2.28721,41.65911],[2.27864,41.65763],[2.27839,41.65711],[2.27702,41.65752],[2.27709,41.66205],[2.27489,41.66711],[2.27112,41.66814],[2.26262,41.67519],[2.26348,41.67885],[2.26114,41.68069],[2.25637,41.68211],[2.2543,41.68321],[2.25374,41.68445],[2.25227,41.68591],[2.25982,41.69668],[2.26126,41.70325],[2.26894,41.7134],[2.27574,41.71603],[2.27867,41.71568],[2.27868,41.71446],[2.2819,41.71183],[2.28631,41.71164],[2.2851,41.71297],[2.28453,41.71665],[2.29174,41.71883],[2.30318,41.71309]]]]}},{"type":"Feature","properties":{"cp":"08540","municipio":"Centelles"},"geometry":{"type":"MultiPolygon","coordinates":[[[[2.22515,41.80835],[2.2332,41.80778],[2.2325,41.80614],[2.23253,41.80021],[2.2358,41.79522],[2.23538,41.79475],[2.2364,41.79326],[2.2389,41.79177],[2.24082,41.78743],[2.24513,41.78335],[2.24584,41.7815],[2.24509,41.78112],[2.24513,41.78063],[2.24593,41.7792],[2.24695,41.77519],[2.24682,41.77296],[2.24593,41.77091],[2.24606,41.77004],[2.24755,41.76753],[2.24874,41.76662],[2.2499,41.76451],[2.24934,41.76395],[2.2473,41.7633],[2.24536,41.76328],[2.24338,41.76254],[2.23933,41.76341],[2.23743,41.76268],[2.23318,41.76234],[2.23139,41.76111],[2.23169,41.75848],[2.22413,41.75799],[2.21885,41.7642],[2.21761,41.76707],[2.21825,41.7682],[2.2213,41.77808],[2.21352,41.78063],[2.19936,41.78101],[2.19604,41.78004],[2.19267,41.78113],[2.18632,41.78191],[2.18589,41.78629],[2.19051,41.78732],[2.1947,41.78717],[2.19819,41.78929],[2.19621,41.79366],[2.19518,41.79944],[2.19734,41.80182],[2.1979,41.80116],[2.20254,41.79896],[2.20828,41.80936],[2.22515,41.80835]]]]}},{"type":"Feature","properties":{"cp":"08550","municipio":"Balenyà"},"geometry":{"type":"MultiPolygon","coordinates":[[[[2.24753,41.8395],[2.25339,41.83801],[2.25118,41.83642],[2.25042,41.83761],[2.24966,41.83797],[2.24699,41.83674],[2.24601,41.8372],[2.24362,41.83247],[2.2421,41.83049],[2.24162,41.82875],[2.24102,41.82318],[2.24288,41.8226],[2.2427,41.82198],[2.24013,41.81698],[2.23917,41.81654],[2.23722,41.81405],[2.23866,41.81371],[2.23834,41.81178],[2.23716,41.81117],[2.23693,41.80945],[2.23492,41.80755],[2.2343,41.80586],[2.2335,41.80561],[2.23369,41.80502],[2.23279,41.80354],[2.2332,41.80778],[2.20828,41.80936],[2.20254,41.79896],[2.1979,41.80116],[2.19734,41.80182],[2.19518,41.79944],[2.19621,41.79366],[2.19819,41.78929],[2.1947,41.78717],[2.19051,41.78732],[2.18589,41.78629],[2.18609,41.78877],[2.1833,41.79329],[2.1779,41.79542],[2.17528,41.79777],[2.17581,41.79847],[2.17946,41.80068],[2.17969,41.80293],[2.18357,41.80673],[2.1843,41.80835],[2.18716,41.80998],[2.18825,41.81332],[2.18745,41.81594],[2.18793,41.81691],[2.19167,41.82092],[2.19417,41.83136],[2.19642,41.83616],[2.19826,41.83749],[2.2014,41.83834],[2.20376,41.83789],[2.20546,41.83825],[2.20616,41.83788],[2.21069,41.83752],[2.21092,41.83682],[2.2173,41.83541],[2.22699,41.83543],[2.22649,41.84094],[2.22709,41.84331],[2.22832,41.84394],[2.2313,41.84405],[2.23163,41.84262],[2.23899,41.83911],[2.24623,41.83852],[2.24753,41.8395]]]]}},{"type":"Feature","properties":{"cp":"08551","municipio":"Tona"},"geometry":{"type":"MultiPolygon","coordinates":[[[[2.27238,41.85746],[2.27054,41.85724],[2.27017,41.85656],[2.26912,41.85697],[2.26683,41.85933],[2.26672,41.86033],[2.26498,41.86179],[2.26508,41.86318],[2.26251,41.86424],[2.26179,41.86409],[2.26246,41.86499],[2.26117,41.86494],[2.26159,41.86669],[2.26029,41.86755],[2.26206,41.86906],[2.26514,41.8672],[2.26823,41.87083],[2.27088,41.87203],[2.27254,41.8705],[2.27226,41.86873],[2.27309,41.86583],[2.27372,41.86535],[2.27325,41.86462],[2.27399,41.86431],[2.27565,41.8615],[2.27415,41.86142],[2.27332,41.86073],[2.27178,41.86074],[2.27102,41.85998],[2.27227,41.85996],[2.27095,41.85793],[2.27238,41.85774],[2.27238,41.85746]]],[[[2.24154,41.87391],[2.24319,41.8727],[2.24298,41.86811],[2.24346,41.86797],[2.24423,41.86564],[2.24551,41.86621],[2.24605,41.86564],[2.24327,41.86186],[2.24683,41.85448],[2.24087,41.85003],[2.23735,41.85054],[2.23285,41.84411],[2.22832,41.84394],[2.22709,41.84331],[2.22649,41.84094],[2.22699,41.83543],[2.2173,41.83541],[2.21092,41.83682],[2.21069,41.83752],[2.20616,41.83788],[2.20546,41.83825],[2.20376,41.83789],[2.2014,41.83834],[2.19826,41.83749],[2.19642,41.83616],[2.19338,41.83864],[2.192,41.83789],[2.18867,41.84401],[2.18993,41.84661],[2.18998,41.84933],[2.18621,41.85975],[2.18847,41.86415],[2.19047,41.86429],[2.19168,41.86619],[2.19358,41.86741],[2.19768,41.86798],[2.19848,41.86822],[2.19906,41.86907],[2.2002,41.86908],[2.20337,41.87015],[2.2049,41.87013],[2.20682,41.86856],[2.21017,41.86736],[2.21143,41.86741],[2.21234,41.86819],[2.21383,41.86805],[2.21851,41.86897],[2.22603,41.8723],[2.22709,41.87205],[2.23053,41.87325],[2.22988,41.87525],[2.23145,41.87525],[2.23168,41.87561],[2.23695,41.87525],[2.24154,41.87391]]],[[[2.26179,41.86409],[2.2612,41.86285],[2.25937,41.86249],[2.25896,41.86346],[2.26179,41.86409]]]]}},{"type":"Feature","properties":{"cp":"08552","municipio":"Taradell"},"geometry":{"type":"MultiPolygon","coordinates":[[[[2.27206,41.90223],[2.27174,41.89906],[2.27332,41.89755],[2.27818,41.89725],[2.28383,41.89793],[2.28993,41.89968],[2.29034,41.90125],[2.28888,41.90382],[2.302,41.89805],[2.30336,41.89561],[2.30637,41.89531],[2.30957,41.89635],[2.31008,41.89528],[2.30958,41.8935],[2.30861,41.89221],[2.30854,41.89116],[2.30905,41.89011],[2.30848,41.88806],[2.31619,41.88155],[2.31815,41.87828],[2.32097,41.87658],[2.32207,41.87661],[2.32312,41.87607],[2.32427,41.87505],[2.32354,41.87475],[2.3237,41.87401],[2.3252,41.87341],[2.32446,41.87218],[2.32583,41.87115],[2.32573,41.87051],[2.32777,41.86864],[2.32898,41.86655],[2.33166,41.86537],[2.33053,41.86481],[2.33104,41.86379],[2.33235,41.86347],[2.33177,41.86188],[2.3307,41.86111],[2.33094,41.86046],[2.32978,41.85931],[2.33072,41.8568],[2.3302,41.85586],[2.32835,41.85621],[2.32599,41.85566],[2.32234,41.85667],[2.32131,41.85806],[2.31644,41.85812],[2.31581,41.85869],[2.31386,41.85878],[2.30831,41.85512],[2.30563,41.85489],[2.30489,41.85358],[2.30282,41.8526],[2.30091,41.85026],[2.2909,41.85],[2.284,41.8516],[2.28362,41.85081],[2.28064,41.84943],[2.27902,41.8505],[2.27646,41.85118],[2.27618,41.85167],[2.27486,41.85205],[2.27543,41.85237],[2.27441,41.85365],[2.27307,41.85376],[2.27239,41.8546],[2.27307,41.85459],[2.27444,41.85581],[2.27284,41.85661],[2.27238,41.85774],[2.27095,41.85793],[2.27227,41.85996],[2.27102,41.85998],[2.27178,41.86074],[2.27332,41.86073],[2.27415,41.86142],[2.27565,41.8615],[2.27399,41.86431],[2.27325,41.86462],[2.27372,41.86535],[2.27309,41.86583],[2.27226,41.86873],[2.27254,41.8705],[2.27088,41.87203],[2.26823,41.87083],[2.26514,41.8672],[2.26206,41.86906],[2.26029,41.86755],[2.26159,41.86669],[2.26117,41.86494],[2.26246,41.86499],[2.26179,41.86409],[2.25896,41.86346],[2.25937,41.86249],[2.2612,41.86285],[2.26095,41.86232],[2.26153,41.86099],[2.2597,41.86024],[2.25876,41.86054],[2.25835,41.86018],[2.25667,41.86073],[2.2538,41.86067],[2.25299,41.85958],[2.25229,41.8596],[2.24893,41.858],[2.2483,41.85678],[2.2472,41.8562],[2.24666,41.85432],[2.24327,41.86186],[2.24605,41.86564],[2.24551,41.86621],[2.24423,41.86564],[2.24346,41.86797],[2.24298,41.86811],[2.24319,41.8727],[2.24154,41.87391],[2.24389,41.87449],[2.24392,41.87506],[2.24338,41.87526],[2.24287,41.87645],[2.24375,41.87693],[2.24487,41.87644],[2.2453,41.87664],[2.24545,41.87789],[2.24614,41.87902],[2.24527,41.8794],[2.24518,41.87992],[2.24591,41.88021],[2.24772,41.87969],[2.24882,41.87984],[2.24928,41.88091],[2.24876,41.88136],[2.24892,41.88283],[2.2508,41.88414],[2.25232,41.88625],[2.25318,41.88661],[2.25573,41.89054],[2.25563,41.89114],[2.25624,41.89176],[2.25585,41.89264],[2.25608,41.89312],[2.25639,41.89314],[2.25854,41.88867],[2.26315,41.88976],[2.26399,41.89086],[2.26435,41.89066],[2.26474,41.89282],[2.26562,41.8928],[2.26568,41.89327],[2.26513,41.89347],[2.26562,41.89379],[2.26299,41.89574],[2.2619,41.89784],[2.26151,41.89752],[2.26058,41.89798],[2.26004,41.89875],[2.26033,41.89971],[2.25999,41.90167],[2.26276,41.89982],[2.26231,41.8989],[2.26637,41.8952],[2.26707,41.89547],[2.26669,41.89633],[2.26724,41.89693],[2.26725,41.89802],[2.2677,41.89874],[2.27077,41.90217],[2.27206,41.90223]]]]}},{"type":"Feature","properties":{"cp":"08553","municipio":"Seva"},"geometry":{"type":"MultiPolygon","coordinates":[[[[2.26554,41.8323],[2.26607,41.83906],[2.26317,41.86397],[2.26508,41.86318],[2.26498,41.86179],[2.26672,41.86033],[2.26683,41.85933],[2.26912,41.85697],[2.27017,41.85656],[2.27054,41.85724],[2.27238,41.85746],[2.27284,41.85661],[2.27444,41.85581],[2.27307,41.85459],[2.27239,41.8546],[2.27307,41.85376],[2.27441,41.85365],[2.27543,41.85237],[2.27486,41.85205],[2.27618,41.85167],[2.27646,41.85118],[2.27902,41.8505],[2.28064,41.84943],[2.28362,41.85081],[2.284,41.8516],[2.2909,41.85],[2.30091,41.85026],[2.30282,41.8526],[2.30489,41.85358],[2.30563,41.85489],[2.30831,41.85512],[2.31386,41.85878],[2.31581,41.85869],[2.31644,41.85812],[2.32131,41.85806],[2.32234,41.85667],[2.32599,41.85566],[2.32979,41.84826],[2.33175,41.84722],[2.33299,41.84428],[2.33643,41.84278],[2.33762,41.84102],[2.34488,41.83735],[2.34557,41.83507],[2.34733,41.83234],[2.34551,41.82697],[2.3431,41.8265],[2.33795,41.82233],[2.33728,41.82299],[2.33319,41.82491],[2.32602,41.83082],[2.32521,41.83211],[2.32285,41.83279],[2.3188,41.83188],[2.31714,41.831],[2.31625,41.83086],[2.31552,41.83123],[2.31376,41.83084],[2.30939,41.82741],[2.3065,41.82772],[2.30155,41.82656],[2.29405,41.82657],[2.28701,41.82571],[2.28386,41.82333],[2.2817,41.82281],[2.28157,41.82312],[2.27749,41.82391],[2.27766,41.82428],[2.27571,41.82424],[2.27072,41.82759],[2.26554,41.8323]]],[[[2.2695,41.81291],[2.27402,41.81537],[2.2724,41.8178],[2.27228,41.81907],[2.27557,41.8219],[2.28242,41.81974],[2.28266,41.81302],[2.27485,41.81038],[2.2695,41.81291]]],[[[2.24231,41.82143],[2.2551,41.81864],[2.25918,41.81686],[2.26655,41.81973],[2.27214,41.82064],[2.2724,41.8178],[2.27402,41.81537],[2.26937,41.81284],[2.26666,41.80807],[2.26752,41.80443],[2.26697,41.80227],[2.26513,41.8],[2.26407,41.79664],[2.26333,41.79662],[2.26122,41.79473],[2.25791,41.79345],[2.25677,41.7919],[2.25691,41.79134],[2.25476,41.78947],[2.25409,41.78836],[2.2535,41.78781],[2.25217,41.78759],[2.25112,41.78643],[2.24993,41.78643],[2.24944,41.78537],[2.2498,41.78441],[2.24797,41.78324],[2.247,41.7818],[2.24583,41.7815],[2.24513,41.78335],[2.24082,41.78743],[2.2389,41.79177],[2.2364,41.79326],[2.23538,41.79475],[2.2358,41.79522],[2.23253,41.80021],[2.2325,41.80614],[2.2332,41.80778],[2.23279,41.80354],[2.23369,41.80502],[2.2335,41.80561],[2.2343,41.80586],[2.23492,41.80755],[2.23693,41.80945],[2.23716,41.81117],[2.23834,41.81178],[2.23866,41.81371],[2.23722,41.81405],[2.23917,41.81654],[2.24013,41.81698],[2.24231,41.82143]]]]}},{"type":"Feature","properties":{"cp":"08554","municipio":"Seva"},"geometry":{"type":"MultiPolygon","coordinates":[[[[2.26317,41.86397],[2.26607,41.83906],[2.26554,41.8323],[2.25943,41.83692],[2.25693,41.83712],[2.24681,41.83968],[2.24975,41.84331],[2.25631,41.84765],[2.25589,41.84806],[2.25715,41.84821],[2.25996,41.84994],[2.26153,41.85191],[2.26198,41.85292],[2.26164,41.85355],[2.26258,41.85454],[2.26286,41.85623],[2.26248,41.85716],[2.2593,41.85714],[2.25972,41.85768],[2.2597,41.86024],[2.26153,41.86099],[2.26095,41.86232],[2.26179,41.86409],[2.26317,41.86397]]],[[[2.24753,41.8395],[2.24623,41.83852],[2.23899,41.83911],[2.23163,41.84262],[2.2313,41.84405],[2.23285,41.84411],[2.23735,41.85054],[2.2417,41.84991],[2.24533,41.84831],[2.24594,41.84761],[2.24702,41.84763],[2.24837,41.84673],[2.25084,41.84607],[2.25234,41.84518],[2.24975,41.84331],[2.24681,41.83968],[2.24753,41.8395]]]]}},{"type":"Feature","properties":{"cp":"08559","municipio":"Brull, El"},"geometry":{"type":"MultiPolygon","coordinates":[[[[2.26554,41.8323],[2.27072,41.82759],[2.27571,41.82424],[2.27766,41.82428],[2.27749,41.82391],[2.28157,41.82312],[2.2817,41.82281],[2.28386,41.82333],[2.28701,41.82571],[2.29405,41.82657],[2.30155,41.82656],[2.3065,41.82772],[2.30939,41.82741],[2.31376,41.83084],[2.31552,41.83123],[2.31625,41.83086],[2.31714,41.831],[2.31773,41.83152],[2.32166,41.83273],[2.32375,41.83263],[2.32521,41.83211],[2.32602,41.83082],[2.33319,41.82491],[2.33728,41.82299],[2.33795,41.82233],[2.3431,41.8265],[2.34487,41.8268],[2.34332,41.82526],[2.34428,41.82287],[2.34376,41.8217],[2.34408,41.82083],[2.3464,41.81734],[2.34951,41.81569],[2.35031,41.81376],[2.35152,41.81275],[2.35124,41.8114],[2.35155,41.80966],[2.35293,41.80794],[2.3543,41.80711],[2.35787,41.80668],[2.36424,41.80663],[2.3671,41.80439],[2.37051,41.80405],[2.37601,41.80473],[2.37923,41.80772],[2.38063,41.80844],[2.38268,41.8087],[2.38067,41.80506],[2.37567,41.80072],[2.37426,41.7984],[2.37315,41.79811],[2.37209,41.79705],[2.3714,41.79545],[2.37154,41.79444],[2.37083,41.79395],[2.36805,41.79378],[2.36431,41.792],[2.36317,41.79102],[2.36318,41.79022],[2.36245,41.78984],[2.36305,41.78895],[2.36383,41.78862],[2.36362,41.78786],[2.36462,41.78729],[2.36564,41.78514],[2.3665,41.78445],[2.36662,41.78369],[2.36758,41.78312],[2.3667,41.78182],[2.36667,41.78113],[2.36569,41.78035],[2.36611,41.77948],[2.36591,41.7788],[2.36444,41.77884],[2.3641,41.77836],[2.36483,41.7773],[2.36459,41.77676],[2.3657,41.77618],[2.36529,41.7737],[2.36595,41.77265],[2.36578,41.77026],[2.36541,41.7697],[2.36312,41.768],[2.36172,41.76748],[2.3574,41.76631],[2.35579,41.76548],[2.35091,41.76515],[2.34945,41.76463],[2.34888,41.76378],[2.34361,41.76292],[2.33578,41.76337],[2.33409,41.76384],[2.33269,41.76693],[2.3321,41.77198],[2.32814,41.77591],[2.32945,41.77888],[2.32791,41.78599],[2.32218,41.78778],[2.31843,41.79218],[2.3134,41.79371],[2.30953,41.79608],[2.30756,41.79647],[2.3045,41.79837],[2.30322,41.7986],[2.29892,41.79753],[2.2911,41.79308],[2.28982,41.79156],[2.28903,41.78977],[2.28913,41.78904],[2.27798,41.7924],[2.27054,41.79528],[2.26782,41.79791],[2.26888,41.80061],[2.26798,41.80218],[2.26666,41.80807],[2.26937,41.81284],[2.27485,41.81038],[2.28266,41.81302],[2.28242,41.81974],[2.27557,41.8219],[2.27228,41.81907],[2.27214,41.82064],[2.26655,41.81973],[2.25918,41.81686],[2.2551,41.81864],[2.24231,41.82143],[2.24288,41.8226],[2.24102,41.82318],[2.24187,41.82988],[2.24362,41.83247],[2.24601,41.8372],[2.24699,41.83674],[2.24966,41.83797],[2.25042,41.83761],[2.25118,41.83642],[2.2534,41.83802],[2.25693,41.83712],[2.25943,41.83692],[2.26554,41.8323]]]]}},{"type":"Feature","properties":{"cp":"08560","municipio":"Manlleu"},"geometry":{"type":"MultiPolygon","coordinates":[[[[2.27595,42.02641],[2.27775,42.02568],[2.28023,42.02563],[2.28357,42.03238],[2.28809,42.0338],[2.29057,42.03277],[2.29008,42.03173],[2.29117,42.03048],[2.29421,42.03024],[2.29708,42.02865],[2.30752,42.02103],[2.30983,42.01593],[2.30897,42.01008],[2.31023,42.00384],[2.30773,42.00212],[2.30553,42.00121],[2.30436,42.00162],[2.29725,41.99606],[2.29568,41.99696],[2.29469,41.99661],[2.29491,41.99426],[2.29274,41.99311],[2.29215,41.99378],[2.29044,41.99316],[2.29074,41.99263],[2.29014,41.99245],[2.29034,41.99165],[2.28984,41.99167],[2.29018,41.9897],[2.29156,41.98961],[2.29213,41.99092],[2.29287,41.99072],[2.29213,41.98935],[2.29267,41.98689],[2.28722,41.98915],[2.28878,41.98887],[2.28909,41.99004],[2.28811,41.99046],[2.28809,41.99016],[2.28725,41.99034],[2.28771,41.99241],[2.28284,41.98774],[2.27229,41.98423],[2.26698,41.98419],[2.26661,41.98437],[2.26515,41.99099],[2.26245,41.99079],[2.26226,41.9915],[2.26292,41.9957],[2.25797,41.99407],[2.25056,41.99394],[2.24855,41.99442],[2.24414,41.99757],[2.24323,42.00008],[2.24323,42.00334],[2.24616,42.00785],[2.25562,42.01167],[2.25768,42.01326],[2.25921,42.0123],[2.26027,42.01237],[2.26464,42.01638],[2.27038,42.01753],[2.27436,42.02327],[2.2737,42.02533],[2.27595,42.02641]]]]}},{"type":"Feature","properties":{"cp":"08569","municipio":"Rupit i Pruit"},"geometry":{"type":"MultiPolygon","coordinates":[[[[2.48255,42.05087],[2.48222,42.04924],[2.48372,42.04649],[2.48556,42.04634],[2.48601,42.04544],[2.48752,42.04561],[2.48787,42.04457],[2.49231,42.03784],[2.49661,42.03678],[2.49976,42.03303],[2.5037,42.03204],[2.50616,42.03227],[2.50485,42.02746],[2.50328,42.02595],[2.50314,42.02467],[2.50128,42.02398],[2.50018,42.02217],[2.49917,42.0215],[2.49652,42.02098],[2.49404,42.02121],[2.49457,42.01972],[2.49448,42.01752],[2.49589,42.01637],[2.49468,42.01243],[2.49516,42.01168],[2.49762,42.01088],[2.49868,42.01115],[2.50147,42.01067],[2.50334,42.00967],[2.49991,42.00805],[2.49886,42.00428],[2.4989,42.00151],[2.4932,42.0016],[2.48826,41.99908],[2.4846,41.99915],[2.48294,41.99665],[2.48054,41.99698],[2.47951,41.99822],[2.4802,41.99931],[2.47928,42.00137],[2.47652,42.00128],[2.47658,41.99739],[2.47611,41.99786],[2.47411,41.99607],[2.46878,41.99383],[2.48039,41.98876],[2.48372,41.98641],[2.48802,41.98466],[2.47954,41.98244],[2.48042,41.97853],[2.4767,41.9774],[2.47536,41.97754],[2.47235,41.9753],[2.47174,41.97206],[2.47431,41.96934],[2.4678,41.96803],[2.46521,41.96675],[2.46144,41.96788],[2.45682,41.96604],[2.45577,41.96788],[2.45452,41.96756],[2.45204,41.96604],[2.45001,41.96854],[2.44923,41.97009],[2.44931,41.97164],[2.44767,41.97413],[2.44487,41.97576],[2.4488,41.97697],[2.44673,41.97973],[2.44194,41.97993],[2.44107,41.97927],[2.43948,41.97925],[2.43943,41.98062],[2.43909,41.98088],[2.43913,41.98156],[2.43978,41.98185],[2.43957,41.98246],[2.43998,41.98316],[2.43954,41.98363],[2.44112,41.98435],[2.44134,41.98466],[2.44086,41.985],[2.44118,41.98559],[2.4423,41.98572],[2.44302,41.987],[2.44444,41.98716],[2.44455,41.98848],[2.4466,41.9897],[2.44683,41.99073],[2.44731,41.99095],[2.44705,41.99184],[2.4485,41.9921],[2.44896,41.99248],[2.44862,41.99281],[2.45096,41.99406],[2.45186,41.99353],[2.45253,41.99559],[2.45326,41.99592],[2.45334,41.99672],[2.45261,41.99787],[2.45321,41.99924],[2.45321,42.00054],[2.45238,42.00497],[2.45352,42.00742],[2.4534,42.00943],[2.4525,42.01138],[2.45093,42.01324],[2.45424,42.01516],[2.45464,42.01663],[2.45325,42.01916],[2.44828,42.01859],[2.45029,42.02116],[2.45136,42.02516],[2.44496,42.02836],[2.44336,42.02882],[2.43821,42.02854],[2.43333,42.02683],[2.43049,42.02783],[2.42745,42.03064],[2.42517,42.03176],[2.42396,42.03197],[2.41935,42.0303],[2.42005,42.03634],[2.42235,42.03883],[2.42212,42.04081],[2.42088,42.04441],[2.42176,42.04774],[2.42096,42.05398],[2.4217,42.05766],[2.42254,42.05997],[2.4233,42.06068],[2.42628,42.06027],[2.42712,42.06054],[2.42859,42.06206],[2.42934,42.06395],[2.43604,42.06896],[2.43955,42.07031],[2.44235,42.07201],[2.44346,42.07319],[2.44579,42.07335],[2.44861,42.07424],[2.44888,42.0747],[2.44841,42.07654],[2.44964,42.0774],[2.45351,42.07668],[2.45461,42.07792],[2.45821,42.07516],[2.46367,42.07595],[2.4667,42.07373],[2.47032,42.06934],[2.47149,42.0667],[2.4719,42.06449],[2.47411,42.06365],[2.47731,42.06736],[2.48108,42.06892],[2.49035,42.06732],[2.49159,42.06526],[2.49179,42.06375],[2.49416,42.06186],[2.49629,42.0589],[2.49403,42.05881],[2.49281,42.058],[2.49156,42.05625],[2.49023,42.0552],[2.48564,42.05434],[2.48339,42.05214],[2.48224,42.05232],[2.48207,42.05149],[2.48255,42.05087]]],[[[2.35447,42.0156],[2.3426,42.01234],[2.3465,42.00429],[2.34929,42.00004],[2.35126,41.99543],[2.35622,41.99319],[2.35451,41.99354],[2.35165,41.99252],[2.34959,41.99287],[2.34763,41.99532],[2.34407,41.99744],[2.34324,41.99897],[2.34369,42.00063],[2.34346,42.00138],[2.3417,42.00323],[2.34006,42.00393],[2.33887,42.00365],[2.33819,42.00297],[2.3381,42.00148],[2.33981,41.99946],[2.3383,41.99955],[2.33639,41.99845],[2.33461,41.99712],[2.33295,41.99455],[2.31889,41.997],[2.31824,41.99731],[2.31808,41.99824],[2.31704,41.99928],[2.31426,41.99673],[2.31236,41.99931],[2.30997,41.99839],[2.30696,42.00003],[2.30833,42.00103],[2.30773,42.00212],[2.30801,42.00256],[2.31023,42.00384],[2.30897,42.01008],[2.30983,42.01593],[2.30752,42.02103],[2.29708,42.02865],[2.29421,42.03024],[2.29501,42.04827],[2.29963,42.0503],[2.30271,42.05264],[2.31087,42.0569],[2.31999,42.05528],[2.32151,42.05355],[2.322,42.05434],[2.32388,42.0553],[2.32653,42.05792],[2.32709,42.05727],[2.32813,42.05697],[2.33045,42.0569],[2.33084,42.05701],[2.33033,42.05813],[2.33277,42.05942],[2.35447,42.0156]]],[[[2.38756,42.01363],[2.38461,42.08412],[2.38725,42.0845],[2.39083,42.08612],[2.395,42.08677],[2.40004,42.0821],[2.40374,42.08011],[2.40392,42.07926],[2.40575,42.07876],[2.40631,42.07669],[2.40732,42.07606],[2.40739,42.0742],[2.40831,42.07349],[2.40819,42.07237],[2.40883,42.07083],[2.41053,42.06998],[2.41102,42.06861],[2.41186,42.06837],[2.41219,42.06899],[2.4146,42.06891],[2.41475,42.06828],[2.41618,42.06764],[2.4172,42.06486],[2.42063,42.06534],[2.42277,42.06313],[2.42393,42.06339],[2.425,42.06313],[2.42542,42.06245],[2.42626,42.06236],[2.4275,42.06422],[2.42843,42.06382],[2.42934,42.06395],[2.42859,42.06206],[2.42712,42.06054],[2.42628,42.06027],[2.4233,42.06068],[2.42254,42.05997],[2.42096,42.05398],[2.42176,42.04774],[2.4209,42.04381],[2.42212,42.04081],[2.42235,42.03883],[2.41872,42.03482],[2.41673,42.03201],[2.41404,42.02473],[2.40105,42.02555],[2.4002,42.02525],[2.39983,42.02338],[2.3991,42.02204],[2.39944,42.02144],[2.39869,42.02013],[2.3973,42.01959],[2.39779,42.01894],[2.39664,42.01828],[2.39804,42.01768],[2.39778,42.01707],[2.39697,42.01641],[2.39428,42.01676],[2.39506,42.01541],[2.39442,42.01224],[2.395,42.01177],[2.39566,42.01238],[2.39643,42.01178],[2.39516,42.01097],[2.3938,42.00833],[2.39235,42.0089],[2.38756,42.01363]]]]}},{"type":"Feature","properties":{"cp":"08570","municipio":"Torelló"},"geometry":{"type":"MultiPolygon","coordinates":[[[[2.25658,42.0439],[2.25644,42.04565],[2.25437,42.04725],[2.24722,42.0489],[2.24345,42.05143],[2.24192,42.05398],[2.24234,42.05517],[2.24531,42.05455],[2.24664,42.05374],[2.24869,42.05351],[2.25018,42.054],[2.25268,42.05606],[2.25311,42.05806],[2.25237,42.06076],[2.25078,42.06339],[2.25144,42.06322],[2.25377,42.06101],[2.25486,42.05877],[2.26249,42.0582],[2.26468,42.05654],[2.26435,42.05614],[2.26642,42.05623],[2.27604,42.05376],[2.27996,42.05155],[2.28329,42.05036],[2.28537,42.04884],[2.29023,42.04862],[2.2912,42.04804],[2.29501,42.04827],[2.29421,42.03024],[2.29117,42.03048],[2.29008,42.03173],[2.29057,42.03277],[2.28809,42.0338],[2.28357,42.03238],[2.28023,42.02563],[2.27775,42.02568],[2.27607,42.02647],[2.2737,42.02533],[2.27436,42.02327],[2.27038,42.01753],[2.26464,42.01638],[2.26027,42.01237],[2.25921,42.0123],[2.25768,42.01326],[2.25835,42.0146],[2.25725,42.01681],[2.25361,42.01793],[2.25217,42.0192],[2.25182,42.02073],[2.25719,42.02603],[2.25814,42.02873],[2.25637,42.03042],[2.25252,42.03024],[2.24678,42.02832],[2.2442,42.02869],[2.24263,42.03087],[2.24087,42.03886],[2.23614,42.04283],[2.2358,42.04453],[2.23696,42.04637],[2.2384,42.04659],[2.24365,42.04247],[2.25465,42.04204],[2.25668,42.04266],[2.25658,42.0439]]]]}},{"type":"Feature","properties":{"cp":"08571","municipio":"Sant Vicenç de Torelló"},"geometry":{"type":"MultiPolygon","coordinates":[[[[2.25006,42.06436],[2.24777,42.06456],[2.24195,42.06197],[2.23805,42.06318],[2.23745,42.06364],[2.23715,42.06445],[2.23738,42.06492],[2.24085,42.06893],[2.24222,42.06964],[2.24477,42.06987],[2.24663,42.07055],[2.2504,42.07317],[2.25298,42.07585],[2.25586,42.07765],[2.25751,42.07821],[2.25855,42.07997],[2.26267,42.08201],[2.26655,42.07397],[2.27322,42.07284],[2.27801,42.06841],[2.27944,42.0659],[2.28213,42.06429],[2.28289,42.06259],[2.28846,42.05861],[2.28674,42.05625],[2.28749,42.05092],[2.29023,42.04862],[2.28537,42.04884],[2.28329,42.05036],[2.27996,42.05155],[2.27604,42.05376],[2.26642,42.05623],[2.26435,42.05614],[2.26468,42.05654],[2.26249,42.0582],[2.25486,42.05877],[2.25377,42.06101],[2.25006,42.06436]]]]}},{"type":"Feature","properties":{"cp":"08572","municipio":"Sant Pere de Torelló"},"geometry":{"type":"MultiPolygon","coordinates":[[[[2.37397,42.11678],[2.37393,42.11428],[2.37428,42.11375],[2.37379,42.11326],[2.37666,42.10979],[2.37679,42.10584],[2.37748,42.10508],[2.37915,42.10454],[2.37988,42.10371],[2.38132,42.10351],[2.39476,42.10429],[2.39763,42.10314],[2.39954,42.10292],[2.4001,42.10216],[2.39502,42.09516],[2.39482,42.09266],[2.39525,42.09214],[2.39485,42.0912],[2.39593,42.08923],[2.39726,42.08792],[2.395,42.08677],[2.39083,42.08612],[2.38725,42.0845],[2.38207,42.08383],[2.38131,42.08322],[2.37932,42.08278],[2.37925,42.08033],[2.37878,42.07904],[2.37913,42.07385],[2.37771,42.06916],[2.37541,42.06892],[2.3746,42.06807],[2.37329,42.06774],[2.3715,42.06636],[2.36835,42.06647],[2.3664,42.067],[2.36403,42.06666],[2.36212,42.0647],[2.35871,42.06361],[2.3506,42.05926],[2.3485,42.05957],[2.34849,42.06095],[2.34737,42.06212],[2.343,42.06269],[2.34321,42.06348],[2.34242,42.06372],[2.34253,42.06458],[2.34108,42.06477],[2.33853,42.06315],[2.33399,42.06279],[2.33356,42.06001],[2.33033,42.05813],[2.33084,42.05701],[2.32813,42.05697],[2.32709,42.05727],[2.32653,42.05792],[2.32388,42.0553],[2.322,42.05434],[2.32151,42.05355],[2.31999,42.05528],[2.31087,42.0569],[2.30271,42.05264],[2.29963,42.0503],[2.29567,42.04843],[2.29411,42.04801],[2.2912,42.04804],[2.28749,42.05092],[2.28674,42.05625],[2.28846,42.05861],[2.28289,42.06259],[2.28213,42.06429],[2.27944,42.0659],[2.27801,42.06841],[2.27322,42.07284],[2.26655,42.07397],[2.26267,42.08201],[2.26466,42.08443],[2.27067,42.0878],[2.27211,42.08823],[2.27447,42.09046],[2.27844,42.09143],[2.27677,42.09636],[2.27509,42.09768],[2.26952,42.09599],[2.26684,42.09571],[2.2665,42.09611],[2.26987,42.09734],[2.27391,42.09976],[2.27366,42.10056],[2.29097,42.10432],[2.29348,42.10434],[2.29406,42.10261],[2.29492,42.10267],[2.30968,42.10971],[2.31699,42.11085],[2.31683,42.11161],[2.31785,42.11231],[2.31828,42.11327],[2.31751,42.11381],[2.31654,42.1131],[2.31582,42.1134],[2.31617,42.11421],[2.31724,42.1145],[2.31827,42.11427],[2.31868,42.11355],[2.31988,42.11591],[2.32326,42.11595],[2.32594,42.1165],[2.3337,42.11599],[2.33565,42.11666],[2.33679,42.1165],[2.33822,42.11757],[2.34066,42.11813],[2.34199,42.12021],[2.34326,42.12029],[2.34424,42.12087],[2.34617,42.12079],[2.34699,42.12134],[2.35126,42.11946],[2.35308,42.12041],[2.35595,42.11912],[2.35727,42.12016],[2.36603,42.12134],[2.36876,42.11779],[2.36934,42.11618],[2.3702,42.11603],[2.37397,42.11678]]]]}},{"type":"Feature","properties":{"cp":"08573","municipio":"Orís"},"geometry":{"type":"MultiPolygon","coordinates":[[[[2.19134,42.06119],[2.19146,42.06216],[2.19303,42.06373],[2.18713,42.06475],[2.18951,42.07557],[2.19051,42.07701],[2.19472,42.07954],[2.1955,42.08108],[2.19699,42.08223],[2.19774,42.08352],[2.19903,42.08416],[2.20515,42.08612],[2.20809,42.08783],[2.21344,42.08987],[2.21395,42.08927],[2.21476,42.08923],[2.22139,42.09168],[2.22256,42.09187],[2.22272,42.09142],[2.22409,42.09063],[2.22601,42.08998],[2.22741,42.09229],[2.22824,42.09283],[2.22962,42.09287],[2.23064,42.0916],[2.23329,42.09045],[2.23546,42.09068],[2.23702,42.09124],[2.23841,42.09309],[2.23929,42.09276],[2.24367,42.09334],[2.24553,42.09482],[2.24616,42.09413],[2.24976,42.09587],[2.25104,42.09597],[2.25136,42.09692],[2.2665,42.09611],[2.26684,42.09571],[2.26952,42.09599],[2.27509,42.09768],[2.27677,42.09636],[2.27844,42.09143],[2.27447,42.09046],[2.27211,42.08823],[2.27067,42.0878],[2.26466,42.08443],[2.26267,42.08201],[2.25855,42.07997],[2.25751,42.07821],[2.25586,42.07765],[2.25298,42.07585],[2.2504,42.07317],[2.24663,42.07055],[2.24477,42.06987],[2.24222,42.06964],[2.24085,42.06893],[2.23738,42.06492],[2.23715,42.06445],[2.23745,42.06364],[2.23805,42.06318],[2.24195,42.06197],[2.24777,42.06456],[2.25006,42.06436],[2.25237,42.06076],[2.25314,42.05735],[2.25268,42.05606],[2.25018,42.054],[2.24792,42.05354],[2.24234,42.05517],[2.24192,42.05451],[2.24207,42.05353],[2.23455,42.05447],[2.23264,42.0522],[2.22571,42.05026],[2.21943,42.04643],[2.20146,42.04185],[2.19189,42.03809],[2.18812,42.03301],[2.18108,42.04147],[2.18414,42.0421],[2.1848,42.04336],[2.18493,42.04444],[2.18242,42.04759],[2.18404,42.04955],[2.18401,42.05272],[2.18585,42.05447],[2.18886,42.05642],[2.19372,42.05844],[2.19417,42.05896],[2.19134,42.06119]]]]}},{"type":"Feature","properties":{"cp":"08580","municipio":"Sant Quirze de Besora"},"geometry":{"type":"MultiPolygon","coordinates":[[[[2.21222,42.109],[2.21285,42.11106],[2.2148,42.11197],[2.21969,42.11608],[2.2212,42.11801],[2.22276,42.11846],[2.22475,42.11827],[2.2257,42.11776],[2.23363,42.12758],[2.23351,42.10804],[2.23172,42.10417],[2.23298,42.10059],[2.23206,42.09898],[2.23842,42.09904],[2.24127,42.10205],[2.24863,42.10307],[2.25133,42.10295],[2.25952,42.10432],[2.26713,42.09931],[2.27251,42.10062],[2.27366,42.10056],[2.27391,42.09976],[2.26987,42.09734],[2.2665,42.09611],[2.25136,42.09692],[2.25104,42.09597],[2.24976,42.09587],[2.24616,42.09413],[2.24553,42.09482],[2.24367,42.09334],[2.23929,42.09276],[2.23841,42.09309],[2.23702,42.09124],[2.23546,42.09068],[2.23329,42.09045],[2.23064,42.0916],[2.22962,42.09287],[2.22892,42.09289],[2.22741,42.09229],[2.22601,42.08998],[2.22409,42.09063],[2.22272,42.09142],[2.22256,42.09187],[2.21433,42.08919],[2.21344,42.08987],[2.21453,42.09136],[2.21846,42.09257],[2.21726,42.09363],[2.21398,42.09408],[2.21173,42.09483],[2.207,42.09825],[2.20552,42.09876],[2.20251,42.10259],[2.20503,42.10456],[2.20595,42.1068],[2.207,42.10632],[2.20813,42.10647],[2.21148,42.10457],[2.21227,42.10464],[2.21121,42.10555],[2.21088,42.10656],[2.21125,42.10857],[2.21235,42.10866],[2.21254,42.10891],[2.21222,42.109]]]]}},{"type":"Feature","properties":{"cp":"08584","municipio":"Santa Maria de Besora"},"geometry":{"type":"MultiPolygon","coordinates":[[[[2.2731,42.14247],[2.27365,42.14082],[2.27229,42.14004],[2.2727,42.13938],[2.27556,42.14033],[2.27663,42.14013],[2.28085,42.1407],[2.27853,42.13868],[2.27644,42.13787],[2.27773,42.1356],[2.27953,42.13383],[2.28066,42.13336],[2.28085,42.13402],[2.28176,42.13444],[2.28665,42.1337],[2.28696,42.13259],[2.28801,42.13144],[2.29051,42.13112],[2.29158,42.12928],[2.29217,42.13094],[2.29327,42.13113],[2.29363,42.13186],[2.29732,42.13229],[2.29845,42.13363],[2.29955,42.13419],[2.30033,42.13169],[2.30015,42.12997],[2.30096,42.12945],[2.30093,42.12788],[2.30219,42.12782],[2.30287,42.12731],[2.3017,42.12679],[2.30122,42.12605],[2.30208,42.12469],[2.30154,42.12386],[2.30213,42.12242],[2.30005,42.12198],[2.3008,42.1205],[2.30036,42.12014],[2.30121,42.11976],[2.30155,42.11901],[2.30038,42.11895],[2.29829,42.11709],[2.29857,42.11561],[2.30089,42.11554],[2.30341,42.11243],[2.30188,42.11154],[2.30213,42.11083],[2.30069,42.10948],[2.29722,42.10831],[2.29683,42.10737],[2.29398,42.10575],[2.29478,42.10512],[2.29492,42.10267],[2.29406,42.10261],[2.29348,42.10434],[2.29097,42.10432],[2.26713,42.09931],[2.25952,42.10432],[2.25133,42.10295],[2.24863,42.10307],[2.24127,42.10205],[2.23842,42.09904],[2.23206,42.09898],[2.23298,42.10059],[2.23172,42.10417],[2.23351,42.10804],[2.23371,42.12857],[2.23286,42.13002],[2.22091,42.1302],[2.21559,42.12893],[2.21439,42.12898],[2.21285,42.12931],[2.21218,42.13053],[2.20598,42.13314],[2.20547,42.1338],[2.20763,42.13545],[2.21064,42.13698],[2.2108,42.13764],[2.21013,42.13963],[2.21087,42.13993],[2.21187,42.13913],[2.21515,42.13894],[2.21462,42.1408],[2.21512,42.14209],[2.22326,42.14201],[2.22472,42.14303],[2.22923,42.14274],[2.2377,42.14409],[2.23908,42.14304],[2.24029,42.14309],[2.24302,42.13791],[2.24409,42.13778],[2.24561,42.13916],[2.24871,42.13941],[2.24986,42.13896],[2.25064,42.13921],[2.25791,42.13873],[2.26058,42.14123],[2.26366,42.14145],[2.26672,42.14297],[2.26881,42.14304],[2.27002,42.14521],[2.27183,42.14376],[2.27109,42.1428],[2.27166,42.14237],[2.27249,42.14272],[2.2731,42.14247]]]]}},{"type":"Feature","properties":{"cp":"08585","municipio":"Montesquiu"},"geometry":{"type":"MultiPolygon","coordinates":[[[[2.20397,42.12643],[2.20538,42.12669],[2.20596,42.12768],[2.20487,42.1284],[2.20598,42.13016],[2.20726,42.13039],[2.20903,42.12798],[2.2106,42.12753],[2.21233,42.12793],[2.21285,42.12931],[2.21559,42.12893],[2.22091,42.1302],[2.23286,42.13002],[2.23371,42.12857],[2.23363,42.12758],[2.2257,42.11776],[2.22475,42.11827],[2.22276,42.11846],[2.2212,42.11801],[2.21969,42.11608],[2.2148,42.11197],[2.21285,42.11106],[2.21214,42.10906],[2.21254,42.10877],[2.21125,42.10857],[2.2109,42.10675],[2.21121,42.10555],[2.2123,42.10468],[2.21188,42.10455],[2.20813,42.10647],[2.207,42.10632],[2.20595,42.1068],[2.20576,42.10852],[2.20492,42.10973],[2.20591,42.11212],[2.2023,42.11512],[2.19748,42.1178],[2.19234,42.11997],[2.19323,42.12066],[2.19236,42.12347],[2.19287,42.12416],[2.20107,42.12428],[2.2049,42.12588],[2.20397,42.12643]]]]}},{"type":"Feature","properties":{"cp":"08586","municipio":"Sant Agustí de Lluçanès"},"geometry":{"type":"MultiPolygon","coordinates":[[[[2.1532,42.08807],[2.14883,42.08069],[2.14894,42.08015],[2.1525,42.07866],[2.16058,42.07969],[2.15061,42.0731],[2.14784,42.06723],[2.14592,42.0618],[2.14246,42.05795],[2.13551,42.05783],[2.12593,42.06347],[2.12466,42.06575],[2.1243,42.06561],[2.12289,42.06925],[2.11986,42.07028],[2.11887,42.06984],[2.11677,42.07213],[2.10816,42.07851],[2.1073,42.08316],[2.10483,42.08512],[2.10767,42.08823],[2.10949,42.09283],[2.11043,42.09398],[2.11274,42.09893],[2.11253,42.10007],[2.11627,42.10184],[2.12111,42.10055],[2.12247,42.09964],[2.13009,42.10061],[2.12994,42.10177],[2.13043,42.10176],[2.1343,42.09794],[2.13506,42.09791],[2.13635,42.09701],[2.14178,42.09725],[2.14491,42.09822],[2.14689,42.09817],[2.15096,42.09319],[2.1532,42.08807]]]]}},{"type":"Feature","properties":{"cp":"08587","municipio":"Alpens"},"geometry":{"type":"MultiPolygon","coordinates":[[[[2.11088,42.11905],[2.11335,42.11735],[2.11548,42.11781],[2.11731,42.11669],[2.11807,42.11577],[2.12068,42.1165],[2.12376,42.11542],[2.12478,42.11381],[2.12592,42.11311],[2.12838,42.10867],[2.133,42.1057],[2.13018,42.10236],[2.13009,42.10061],[2.12247,42.09964],[2.12111,42.10055],[2.11627,42.10184],[2.11253,42.10007],[2.1118,42.10394],[2.10935,42.10584],[2.1081,42.10741],[2.10664,42.10762],[2.10608,42.1083],[2.10547,42.11071],[2.10423,42.11191],[2.1033,42.11217],[2.09845,42.11116],[2.09697,42.11143],[2.09745,42.10996],[2.09979,42.10797],[2.09631,42.10621],[2.09461,42.10639],[2.09364,42.10788],[2.08605,42.10816],[2.08182,42.10893],[2.07856,42.10888],[2.07311,42.11205],[2.07225,42.11313],[2.07044,42.1131],[2.06983,42.11039],[2.06813,42.10954],[2.06155,42.11825],[2.06438,42.12181],[2.06822,42.12252],[2.06746,42.12364],[2.0698,42.1265],[2.07024,42.13185],[2.06831,42.13386],[2.0675,42.13421],[2.06137,42.13508],[2.06103,42.13567],[2.06345,42.13757],[2.06555,42.13865],[2.06986,42.13875],[2.07024,42.13912],[2.0708,42.14187],[2.07458,42.1412],[2.07852,42.14202],[2.0823,42.14156],[2.0887,42.14197],[2.09029,42.14231],[2.09232,42.1443],[2.09393,42.14264],[2.09549,42.14208],[2.09511,42.14046],[2.101,42.14018],[2.10083,42.13923],[2.10126,42.13827],[2.09955,42.13546],[2.09902,42.13375],[2.09914,42.13256],[2.09757,42.13028],[2.10027,42.12977],[2.10035,42.12885],[2.09969,42.12777],[2.10069,42.12693],[2.10094,42.12566],[2.09992,42.12508],[2.10017,42.12459],[2.10105,42.12373],[2.10398,42.1233],[2.10514,42.12274],[2.10744,42.1207],[2.10846,42.12073],[2.11088,42.11905]]]]}},{"type":"Feature","properties":{"cp":"08588","municipio":"Sora"},"geometry":{"type":"MultiPolygon","coordinates":[[[[2.18844,42.13145],[2.18653,42.12853],[2.18916,42.12473],[2.19287,42.12416],[2.19236,42.12347],[2.19323,42.12066],[2.19234,42.11997],[2.19748,42.1178],[2.2023,42.11512],[2.20591,42.11212],[2.20492,42.10973],[2.20576,42.10852],[2.2061,42.10717],[2.20503,42.10456],[2.20251,42.10259],[2.20306,42.10164],[2.20552,42.09876],[2.207,42.09825],[2.21173,42.09483],[2.21398,42.09408],[2.21726,42.09363],[2.21846,42.09257],[2.21453,42.09136],[2.21344,42.08987],[2.20809,42.08783],[2.20515,42.08612],[2.19774,42.08352],[2.19699,42.08223],[2.1955,42.08108],[2.19472,42.07954],[2.19087,42.07911],[2.18952,42.07796],[2.18556,42.07781],[2.18271,42.07554],[2.17802,42.07376],[2.17742,42.07275],[2.17401,42.07359],[2.17191,42.07514],[2.16961,42.07595],[2.16941,42.07963],[2.16159,42.07981],[2.1525,42.07866],[2.14894,42.08015],[2.14883,42.08069],[2.1532,42.08807],[2.15096,42.09319],[2.14689,42.09817],[2.14491,42.09822],[2.14178,42.09725],[2.13596,42.09709],[2.13506,42.09791],[2.1343,42.09794],[2.13104,42.10134],[2.12994,42.10177],[2.133,42.1057],[2.12838,42.10867],[2.12592,42.11311],[2.13419,42.11945],[2.1374,42.12121],[2.13976,42.12655],[2.14418,42.13124],[2.14592,42.13124],[2.16412,42.13529],[2.18136,42.13524],[2.18759,42.13397],[2.18844,42.13145]]]]}},{"type":"Feature","properties":{"cp":"08589","municipio":"Sobremunt"},"geometry":{"type":"MultiPolygon","coordinates":[[[[2.13684,42.02521],[2.13629,42.02567],[2.1402,42.02618],[2.14548,42.02843],[2.14831,42.02902],[2.1513,42.03165],[2.16363,42.03691],[2.18108,42.04147],[2.18812,42.033],[2.19087,42.03022],[2.19269,42.02962],[2.19382,42.02737],[2.19504,42.02709],[2.19577,42.02605],[2.19767,42.02553],[2.1988,42.02456],[2.19777,42.02126],[2.20018,42.01862],[2.19728,42.01528],[2.19381,42.01484],[2.19348,42.0144],[2.19305,42.01266],[2.19431,42.00834],[2.19406,42.00782],[2.19164,42.00852],[2.19118,42.00792],[2.1896,42.00791],[2.18925,42.00821],[2.1892,42.00958],[2.18968,42.01126],[2.18931,42.01135],[2.18774,42.00864],[2.18433,42.0052],[2.18175,42.00585],[2.17713,42.00276],[2.17489,42.00298],[2.17014,42.00588],[2.15557,42.0094],[2.15471,42.01087],[2.14694,42.01034],[2.14468,42.01271],[2.14373,42.01575],[2.13961,42.01804],[2.13839,42.01947],[2.13864,42.02131],[2.13784,42.02367],[2.13684,42.02521]]],[[[2.11827,42.02136],[2.11713,42.02363],[2.12403,42.03302],[2.13122,42.02607],[2.12933,42.0241],[2.12709,42.02254],[2.12573,42.02025],[2.11991,42.02054],[2.11827,42.02136]]],[[[2.09706,42.0291],[2.09792,42.03092],[2.0876,42.03379],[2.08195,42.03486],[2.0824,42.03657],[2.082,42.03918],[2.08295,42.04022],[2.08577,42.04169],[2.08619,42.04225],[2.08525,42.04334],[2.08467,42.04515],[2.08342,42.0463],[2.08331,42.04666],[2.08445,42.04746],[2.08478,42.04819],[2.08345,42.05044],[2.08555,42.05335],[2.08536,42.05448],[2.08566,42.05488],[2.08798,42.05594],[2.08951,42.05774],[2.09102,42.05842],[2.0906,42.06017],[2.08942,42.06129],[2.09015,42.06226],[2.09011,42.06302],[2.08711,42.06523],[2.08723,42.06606],[2.08848,42.06728],[2.0879,42.06775],[2.08743,42.069],[2.08461,42.07044],[2.08472,42.07352],[2.08553,42.07411],[2.08521,42.07491],[2.08587,42.07497],[2.08853,42.07439],[2.09253,42.07444],[2.09369,42.07517],[2.09809,42.07471],[2.10077,42.07484],[2.10295,42.07637],[2.10816,42.07851],[2.11677,42.07213],[2.11887,42.06984],[2.11986,42.07028],[2.12289,42.06925],[2.1243,42.06561],[2.12466,42.06575],[2.12593,42.06347],[2.13551,42.05783],[2.13402,42.05464],[2.13587,42.05193],[2.1278,42.05203],[2.12423,42.04987],[2.12474,42.0465],[2.12225,42.0464],[2.12001,42.04524],[2.11527,42.04387],[2.10877,42.04347],[2.10831,42.04267],[2.10868,42.04171],[2.10837,42.04062],[2.10897,42.03967],[2.10841,42.03831],[2.10634,42.03577],[2.10703,42.03499],[2.10605,42.0333],[2.10583,42.0293],[2.10696,42.02711],[2.10189,42.01652],[2.10074,42.01865],[2.09547,42.0198],[2.09608,42.02191],[2.09587,42.02357],[2.09475,42.02434],[2.0962,42.02829],[2.09706,42.0291]]],[[[2.10511,42.02317],[2.10696,42.02711],[2.10583,42.0293],[2.10605,42.0333],[2.10703,42.03499],[2.10634,42.03577],[2.10841,42.03831],[2.10897,42.03967],[2.10837,42.04062],[2.10868,42.04171],[2.10831,42.04267],[2.10877,42.04347],[2.11527,42.04387],[2.12001,42.04524],[2.12225,42.0464],[2.12474,42.0465],[2.12423,42.04987],[2.1278,42.05203],[2.13587,42.05193],[2.13402,42.05464],[2.13551,42.05783],[2.14284,42.05809],[2.14592,42.0618],[2.14784,42.06723],[2.15061,42.0731],[2.16058,42.07969],[2.16941,42.07963],[2.16961,42.07595],[2.17191,42.07514],[2.17401,42.07359],[2.17742,42.07275],[2.17802,42.07376],[2.18271,42.07554],[2.18556,42.07781],[2.18952,42.07796],[2.19087,42.07911],[2.19472,42.07954],[2.18987,42.07651],[2.18858,42.07224],[2.18713,42.06475],[2.19303,42.06373],[2.19116,42.06161],[2.19417,42.05896],[2.19372,42.05844],[2.18886,42.05642],[2.18585,42.05447],[2.18401,42.05272],[2.18404,42.04955],[2.18242,42.04759],[2.18493,42.04444],[2.18414,42.0421],[2.16363,42.03691],[2.1513,42.03165],[2.14831,42.02902],[2.14548,42.02843],[2.1402,42.02618],[2.13838,42.02578],[2.13122,42.02607],[2.12403,42.03302],[2.11769,42.02416],[2.11676,42.02335],[2.11367,42.02181],[2.10819,42.02123],[2.1043,42.01794],[2.10189,42.01652],[2.10511,42.02317]]]]}},{"type":"Feature","properties":{"cp":"08590","municipio":"Figaró-Montmany"},"geometry":{"type":"MultiPolygon","coordinates":[[[[2.32215,41.71974],[2.32107,41.71917],[2.3146,41.71767],[2.31462,41.71658],[2.31385,41.71579],[2.31398,41.71534],[2.31259,41.71463],[2.3124,41.71386],[2.31246,41.71259],[2.31415,41.71022],[2.31031,41.70857],[2.30318,41.71309],[2.29174,41.71883],[2.28453,41.71665],[2.2851,41.71297],[2.28631,41.71164],[2.2819,41.71183],[2.27868,41.71446],[2.27867,41.71568],[2.27574,41.71603],[2.26894,41.7134],[2.26126,41.70325],[2.25982,41.69668],[2.25227,41.68591],[2.25177,41.6868],[2.25209,41.68785],[2.25175,41.68905],[2.24963,41.69054],[2.2478,41.69315],[2.24837,41.69676],[2.24673,41.69744],[2.24668,41.69794],[2.24426,41.6998],[2.24303,41.69996],[2.24134,41.70103],[2.24103,41.70224],[2.2416,41.7032],[2.24042,41.70533],[2.24209,41.70769],[2.24153,41.7084],[2.24099,41.71045],[2.24034,41.71108],[2.24027,41.71334],[2.23927,41.71571],[2.24018,41.71937],[2.24007,41.72128],[2.23898,41.72158],[2.23881,41.72224],[2.2399,41.72297],[2.2401,41.72372],[2.24275,41.72435],[2.24373,41.72586],[2.24375,41.72661],[2.24282,41.72725],[2.24124,41.72744],[2.2414,41.72889],[2.24066,41.7296],[2.24336,41.72962],[2.24452,41.7309],[2.24585,41.73142],[2.24845,41.73022],[2.25237,41.73013],[2.25523,41.73064],[2.25511,41.72902],[2.25584,41.72801],[2.26124,41.72745],[2.27052,41.72796],[2.27323,41.72614],[2.27335,41.72529],[2.27475,41.72684],[2.28258,41.73071],[2.29931,41.7345],[2.32215,41.71974]]]]}},{"type":"Feature","properties":{"cp":"08591","municipio":"Aiguafreda"},"geometry":{"type":"MultiPolygon","coordinates":[[[[2.24695,41.77518],[2.24509,41.78112],[2.247,41.7818],[2.24797,41.78324],[2.2498,41.78441],[2.24944,41.78537],[2.24993,41.78643],[2.25112,41.78643],[2.25217,41.78759],[2.2535,41.78781],[2.25409,41.78836],[2.25476,41.78947],[2.25691,41.79134],[2.25677,41.7919],[2.25791,41.79345],[2.26122,41.79473],[2.26333,41.79662],[2.26407,41.79664],[2.26513,41.8],[2.26697,41.80227],[2.26752,41.80443],[2.26798,41.80218],[2.26888,41.80061],[2.26782,41.79791],[2.27054,41.79528],[2.27798,41.7924],[2.28913,41.78904],[2.28923,41.78822],[2.28758,41.78612],[2.28755,41.78489],[2.28534,41.78433],[2.28493,41.78359],[2.28214,41.78237],[2.27825,41.77917],[2.27621,41.77636],[2.27652,41.77531],[2.27515,41.77411],[2.27469,41.77164],[2.27438,41.77137],[2.27287,41.77155],[2.27211,41.77024],[2.26931,41.77058],[2.26533,41.76732],[2.26643,41.76604],[2.26103,41.76496],[2.25842,41.7659],[2.25636,41.76582],[2.25413,41.76511],[2.25374,41.76394],[2.25176,41.76256],[2.252,41.76508],[2.25005,41.76725],[2.24851,41.76808],[2.24626,41.77023],[2.24593,41.77091],[2.24682,41.77296],[2.24695,41.77518]]]]}},{"type":"Feature","properties":{"cp":"08592","municipio":"Sant Martí de Centelles"},"geometry":{"type":"MultiPolygon","coordinates":[[[[2.23173,41.75944],[2.23139,41.76111],[2.23318,41.76234],[2.23743,41.76268],[2.23933,41.76341],[2.24338,41.76254],[2.24536,41.76328],[2.2473,41.7633],[2.24934,41.76395],[2.2499,41.76451],[2.24874,41.76662],[2.24755,41.76753],[2.24606,41.77004],[2.24605,41.77066],[2.24851,41.76808],[2.25005,41.76725],[2.252,41.76508],[2.25176,41.76256],[2.24909,41.75821],[2.24975,41.75721],[2.24949,41.7561],[2.25005,41.75289],[2.25101,41.75116],[2.25059,41.751],[2.25065,41.75005],[2.25177,41.74883],[2.25454,41.74837],[2.25857,41.74716],[2.25912,41.74666],[2.25988,41.74669],[2.26069,41.74544],[2.2602,41.74302],[2.26061,41.74179],[2.26038,41.74052],[2.25664,41.73697],[2.25503,41.73625],[2.25503,41.73509],[2.25602,41.73465],[2.26128,41.73531],[2.26256,41.73366],[2.26292,41.73097],[2.25876,41.72905],[2.25671,41.7287],[2.25584,41.72801],[2.25511,41.72902],[2.25523,41.73064],[2.25237,41.73013],[2.24845,41.73022],[2.24585,41.73142],[2.24452,41.7309],[2.24336,41.72962],[2.24239,41.72944],[2.24066,41.7296],[2.23633,41.73212],[2.2298,41.72928],[2.22313,41.72957],[2.22187,41.72852],[2.21974,41.72862],[2.21583,41.72802],[2.21388,41.72714],[2.21328,41.72642],[2.2069,41.72878],[2.20328,41.729],[2.20085,41.72861],[2.19776,41.72984],[2.19747,41.73028],[2.19468,41.72995],[2.1933,41.73049],[2.18949,41.73245],[2.18477,41.74251],[2.18737,41.74936],[2.18979,41.75188],[2.18892,41.7556],[2.1892,41.75734],[2.18821,41.77166],[2.18875,41.77513],[2.18632,41.78191],[2.19267,41.78113],[2.19604,41.78004],[2.19936,41.78101],[2.21352,41.78063],[2.2213,41.77808],[2.21825,41.7682],[2.21761,41.76707],[2.21885,41.7642],[2.22413,41.75799],[2.23169,41.75848],[2.23173,41.75944]]]]}},{"type":"Feature","properties":{"cp":"08593","municipio":"Tagamanent"},"geometry":{"type":"MultiPolygon","coordinates":[[[[2.25065,41.75005],[2.25059,41.751],[2.25101,41.75116],[2.25005,41.75289],[2.24949,41.7561],[2.24975,41.75721],[2.24909,41.75821],[2.25176,41.76256],[2.25374,41.76394],[2.25413,41.76511],[2.25795,41.76594],[2.26103,41.76496],[2.26558,41.76578],[2.26643,41.76604],[2.26533,41.76732],[2.26931,41.77058],[2.27211,41.77024],[2.27287,41.77155],[2.27438,41.77137],[2.27515,41.77411],[2.27652,41.77531],[2.27621,41.77636],[2.27825,41.77917],[2.28214,41.78237],[2.28493,41.78359],[2.28534,41.78433],[2.28755,41.78489],[2.28772,41.78645],[2.28923,41.78822],[2.28903,41.78977],[2.28982,41.79156],[2.2911,41.79308],[2.29892,41.79753],[2.30322,41.7986],[2.3045,41.79837],[2.30756,41.79647],[2.30953,41.79608],[2.3134,41.79371],[2.31843,41.79218],[2.32218,41.78778],[2.32791,41.78599],[2.32945,41.77888],[2.32814,41.77591],[2.3321,41.77198],[2.33269,41.76693],[2.33409,41.76384],[2.34092,41.75518],[2.34379,41.75304],[2.34603,41.75261],[2.34653,41.75167],[2.34649,41.75082],[2.34544,41.74919],[2.3457,41.74879],[2.34993,41.74755],[2.35218,41.74562],[2.34493,41.73958],[2.33702,41.72705],[2.33268,41.72207],[2.32215,41.71974],[2.29931,41.7345],[2.28258,41.73071],[2.27475,41.72684],[2.27335,41.72529],[2.27323,41.72614],[2.27052,41.72796],[2.26124,41.72745],[2.25584,41.72801],[2.25671,41.7287],[2.25983,41.72947],[2.26305,41.73122],[2.26256,41.73366],[2.26128,41.73531],[2.25602,41.73465],[2.25503,41.73509],[2.25503,41.73625],[2.25664,41.73697],[2.26038,41.74052],[2.26061,41.74179],[2.2602,41.74302],[2.26069,41.74544],[2.25988,41.74669],[2.25912,41.74666],[2.25857,41.74716],[2.25454,41.74837],[2.25177,41.74883],[2.25065,41.75005]]]]}},{"type":"Feature","properties":{"cp":"08600","municipio":"Berga"},"geometry":{"type":"MultiPolygon","coordinates":[[[[1.8743,42.10569],[1.86035,42.09012],[1.86443,42.07392],[1.86093,42.07625],[1.8608,42.07698],[1.85607,42.0791],[1.85429,42.08313],[1.84994,42.08369],[1.84836,42.08505],[1.84669,42.08511],[1.84375,42.08709],[1.83854,42.08888],[1.83421,42.08909],[1.8318,42.0905],[1.82808,42.08722],[1.827,42.087],[1.82549,42.08807],[1.8249,42.08947],[1.823,42.09076],[1.81597,42.09052],[1.81469,42.08897],[1.81257,42.08992],[1.80996,42.09149],[1.80884,42.09277],[1.81031,42.09453],[1.81007,42.0951],[1.80896,42.09581],[1.80174,42.09784],[1.80117,42.09835],[1.80027,42.10215],[1.79901,42.10479],[1.8133,42.10807],[1.81561,42.1081],[1.81809,42.10898],[1.82022,42.10908],[1.81809,42.11531],[1.81834,42.11833],[1.8239,42.12178],[1.82741,42.12145],[1.83162,42.1218],[1.83454,42.1207],[1.83769,42.1202],[1.84125,42.11847],[1.84553,42.1177],[1.84721,42.11702],[1.84777,42.11763],[1.85701,42.1156],[1.8575,42.11697],[1.86007,42.11843],[1.86012,42.11921],[1.86344,42.12243],[1.8687,42.12418],[1.87071,42.12379],[1.87325,42.1212],[1.87528,42.12056],[1.87598,42.11794],[1.8807,42.11746],[1.88193,42.11422],[1.87661,42.11403],[1.87549,42.11475],[1.87377,42.11468],[1.87286,42.11421],[1.86959,42.11436],[1.86903,42.11379],[1.86658,42.1131],[1.87267,42.10585],[1.8743,42.10569]]]]}},{"type":"Feature","properties":{"cp":"08604","municipio":"Castell de l'Areny"},"geometry":{"type":"MultiPolygon","coordinates":[[[[1.91136,42.18369],[1.91191,42.18452],[1.91119,42.1859],[1.9109,42.18943],[1.9152,42.19221],[1.91732,42.19313],[1.91873,42.19551],[1.92123,42.19752],[1.92303,42.20085],[1.92412,42.20183],[1.92524,42.20164],[1.92577,42.20249],[1.93472,42.20386],[1.93863,42.20388],[1.94568,42.20475],[1.94902,42.20356],[1.94959,42.20281],[1.95517,42.19959],[1.96521,42.19909],[1.96431,42.19204],[1.96595,42.18214],[1.96589,42.17878],[1.97062,42.17817],[1.97072,42.18016],[1.97878,42.1829],[1.98369,42.18109],[1.99149,42.18258],[1.99068,42.18122],[1.9912,42.17873],[1.98917,42.17665],[1.98954,42.17561],[1.99099,42.17501],[1.99216,42.17242],[1.99013,42.17116],[1.98902,42.16891],[1.98883,42.16735],[1.98554,42.16662],[1.98493,42.16452],[1.9769,42.16527],[1.97422,42.16646],[1.9727,42.16492],[1.96909,42.16377],[1.96499,42.16323],[1.96136,42.16204],[1.95843,42.16209],[1.95775,42.16059],[1.95645,42.16005],[1.95379,42.1577],[1.95275,42.15609],[1.95037,42.15543],[1.94913,42.15433],[1.94791,42.15451],[1.94474,42.15213],[1.94377,42.15032],[1.94183,42.1489],[1.9417,42.14702],[1.94074,42.1471],[1.93891,42.14772],[1.93384,42.15171],[1.9172,42.15964],[1.92139,42.1668],[1.92195,42.16722],[1.91741,42.17122],[1.91147,42.16818],[1.91023,42.1668],[1.91265,42.17184],[1.91375,42.17579],[1.91108,42.18075],[1.91136,42.18369]]]]}},{"type":"Feature","properties":{"cp":"08605","municipio":"Montclar"},"geometry":{"type":"MultiPolygon","coordinates":[[[[1.74323,42.01807],[1.74237,42.01821],[1.73693,42.02647],[1.74011,42.02982],[1.73988,42.03154],[1.74238,42.03153],[1.74384,42.03303],[1.74254,42.03467],[1.74556,42.03701],[1.7488,42.03851],[1.75512,42.03851],[1.75608,42.04136],[1.75835,42.04361],[1.76094,42.04718],[1.76299,42.04536],[1.76565,42.04685],[1.76675,42.04883],[1.76782,42.04848],[1.76993,42.04635],[1.7676,42.04127],[1.76478,42.03943],[1.7649,42.0379],[1.7682,42.03757],[1.76808,42.03396],[1.76847,42.03328],[1.76911,42.03282],[1.77139,42.03278],[1.77345,42.03349],[1.77549,42.03358],[1.77686,42.03223],[1.77796,42.03204],[1.77914,42.03223],[1.78031,42.03403],[1.78274,42.03239],[1.78459,42.03577],[1.78591,42.03568],[1.78688,42.03673],[1.7878,42.03612],[1.78681,42.0355],[1.78648,42.03411],[1.78534,42.03408],[1.78552,42.03319],[1.78628,42.03214],[1.78936,42.03016],[1.79119,42.03065],[1.79177,42.0295],[1.78763,42.02754],[1.78729,42.02432],[1.79001,42.02309],[1.78967,42.02083],[1.78691,42.01819],[1.78496,42.01416],[1.78491,42.01088],[1.78467,42.0099],[1.78377,42.00884],[1.78382,42.00762],[1.78177,42.00738],[1.78136,42.0058],[1.78433,42.00666],[1.78647,42.00634],[1.78701,42.0069],[1.78794,42.00682],[1.78888,42.00759],[1.7922,42.00547],[1.80341,42.00771],[1.80452,42.00742],[1.80382,42.00437],[1.80442,42.00338],[1.80458,42.00173],[1.80674,42.00082],[1.80742,41.99908],[1.80835,41.99811],[1.80659,41.99229],[1.80486,41.99224],[1.80435,41.99149],[1.80147,41.99187],[1.80017,41.99095],[1.79938,41.9909],[1.79939,41.99013],[1.79843,41.98994],[1.79789,41.98926],[1.79693,41.98711],[1.79551,41.98516],[1.79215,41.98472],[1.79016,41.98747],[1.78912,41.988],[1.78777,41.9906],[1.78697,41.99328],[1.78701,41.99437],[1.78964,41.99519],[1.78954,41.99681],[1.79171,41.99846],[1.79195,41.99911],[1.79146,42.00099],[1.78536,42.00093],[1.78204,41.99881],[1.77945,41.99806],[1.77646,41.99904],[1.7729,42.0017],[1.77315,41.99863],[1.7751,41.99511],[1.77473,41.99367],[1.77555,41.99322],[1.77537,41.992],[1.77126,41.98956],[1.76923,41.98889],[1.76758,41.98752],[1.76607,41.98793],[1.76541,41.98769],[1.76451,41.98825],[1.76487,41.98943],[1.76313,41.99078],[1.76228,41.99223],[1.75863,41.99559],[1.75779,41.99701],[1.75753,41.99784],[1.76053,42.0001],[1.76016,42.0008],[1.75886,42.00128],[1.75785,42.00104],[1.75674,42.00159],[1.7559,42.00377],[1.75148,42.0071],[1.74982,42.0073],[1.74836,42.00881],[1.74725,42.00879],[1.74593,42.00965],[1.74097,42.01148],[1.74178,42.01207],[1.74018,42.01391],[1.73776,42.01492],[1.73856,42.01541],[1.7404,42.01488],[1.74347,42.01685],[1.74323,42.01807]]],[[[1.81613,42.04783],[1.81565,42.04704],[1.81645,42.0456],[1.81466,42.04411],[1.815,42.04349],[1.81706,42.04322],[1.8208,42.03977],[1.82533,42.0402],[1.8228,42.03159],[1.81928,42.03157],[1.81422,42.03268],[1.8105,42.03373],[1.80913,42.03489],[1.80612,42.03613],[1.799,42.03485],[1.79777,42.03375],[1.79644,42.0337],[1.79528,42.03289],[1.79374,42.0326],[1.79787,42.03616],[1.79972,42.03973],[1.80007,42.04165],[1.80202,42.04288],[1.80175,42.04509],[1.80075,42.04504],[1.8011,42.04698],[1.80343,42.04638],[1.80541,42.04703],[1.80568,42.05049],[1.80674,42.05274],[1.80965,42.05286],[1.81155,42.05017],[1.81327,42.05073],[1.81584,42.04866],[1.81613,42.04783]]]]}},{"type":"Feature","properties":{"cp":"08606","municipio":"Quar, La"},"geometry":{"type":"MultiPolygon","coordinates":[[[[1.94609,42.0836],[1.94659,42.08533],[1.9461,42.08694],[1.94669,42.08898],[1.94296,42.0893],[1.9388,42.08804],[1.93594,42.08814],[1.93302,42.08918],[1.92997,42.08935],[1.9281,42.09004],[1.9252,42.08989],[1.92416,42.08923],[1.92275,42.08917],[1.91846,42.09026],[1.91552,42.09221],[1.91346,42.09299],[1.91175,42.0945],[1.90845,42.09596],[1.91026,42.09719],[1.91343,42.10106],[1.91647,42.10189],[1.9177,42.1039],[1.9174,42.10507],[1.91793,42.10632],[1.91945,42.10714],[1.92016,42.1108],[1.92536,42.11202],[1.92933,42.11239],[1.93278,42.11411],[1.93422,42.11391],[1.93489,42.11443],[1.93432,42.11489],[1.93627,42.11802],[1.93752,42.12349],[1.93722,42.12477],[1.93422,42.12798],[1.94069,42.12889],[1.94377,42.13006],[1.94668,42.12912],[1.94901,42.12896],[1.95471,42.12894],[1.95655,42.12964],[1.95809,42.12919],[1.96288,42.12933],[1.96639,42.12897],[1.96906,42.1279],[1.97531,42.12847],[1.97703,42.12821],[1.97706,42.12441],[1.97785,42.12349],[1.98009,42.12267],[1.98352,42.12321],[1.98532,42.12225],[1.98586,42.1212],[1.98621,42.11892],[1.98958,42.11349],[1.98897,42.11039],[1.99098,42.10803],[1.9946,42.10669],[2.00292,42.10659],[2.00576,42.10589],[2.00716,42.10473],[2.00476,42.09605],[2.00613,42.09318],[2.00779,42.09132],[2.00693,42.08852],[2.00826,42.08764],[2.00801,42.08498],[2.00954,42.08353],[2.00975,42.07977],[2.00961,42.07855],[2.00765,42.07364],[2.00351,42.06935],[1.99688,42.06933],[1.99222,42.06703],[1.98554,42.0676],[1.97566,42.06686],[1.96851,42.0614],[1.96741,42.06249],[1.96307,42.06155],[1.96098,42.0626],[1.95777,42.06331],[1.95034,42.06654],[1.94973,42.06988],[1.95005,42.07061],[1.95124,42.07182],[1.95348,42.07271],[1.95533,42.07436],[1.95634,42.07699],[1.95758,42.07819],[1.95544,42.08011],[1.94824,42.08191],[1.94619,42.08314],[1.94609,42.0836]]]]}},{"type":"Feature","properties":{"cp":"08607","municipio":"Sant Jaume de Frontanyà"},"geometry":{"type":"MultiPolygon","coordinates":[[[[2.0533,42.21953],[2.05313,42.21834],[2.05013,42.21585],[2.05152,42.2136],[2.05035,42.21217],[2.05079,42.21022],[2.05048,42.20834],[2.05222,42.20531],[2.05208,42.2028],[2.05357,42.20056],[2.05285,42.19895],[2.05324,42.19715],[2.05251,42.19574],[2.05329,42.19516],[2.0554,42.19477],[2.05701,42.19527],[2.06028,42.19528],[2.06287,42.19306],[2.06355,42.19161],[2.06163,42.18897],[2.06095,42.17982],[2.05922,42.17912],[2.06052,42.17789],[2.05802,42.17711],[2.05791,42.1757],[2.05739,42.17547],[2.05683,42.17601],[2.05418,42.17555],[2.0453,42.17595],[2.04466,42.1768],[2.04304,42.17669],[2.04192,42.17788],[2.03953,42.17761],[2.03702,42.17899],[2.03386,42.17732],[2.03137,42.17698],[2.03116,42.17323],[2.0315,42.17218],[2.03019,42.17063],[2.02827,42.17],[2.02767,42.16878],[2.0278,42.16731],[2.02732,42.16639],[2.02275,42.16404],[2.01945,42.16448],[2.0158,42.16396],[2.01292,42.164],[2.01207,42.16382],[2.01049,42.1626],[2.00653,42.16199],[2.00453,42.16228],[2.00391,42.16627],[2.00248,42.1677],[1.99555,42.1723],[2.00098,42.17628],[2.00503,42.18258],[2.00611,42.18346],[2.00615,42.18373],[2.00242,42.1853],[1.99895,42.18847],[1.99795,42.19134],[1.99803,42.19205],[1.99941,42.19297],[2.0073,42.19407],[2.00889,42.19655],[2.00795,42.19951],[2.00921,42.20164],[2.00993,42.20215],[2.01054,42.20447],[2.00837,42.20627],[2.00951,42.20739],[2.01476,42.20853],[2.01625,42.20938],[2.01974,42.20953],[2.02199,42.2101],[2.02921,42.21526],[2.03209,42.21664],[2.03504,42.21932],[2.03945,42.22113],[2.04442,42.22076],[2.04495,42.2214],[2.04891,42.22141],[2.0533,42.21953]]]]}},{"type":"Feature","properties":{"cp":"08610","municipio":"Avià"},"geometry":{"type":"MultiPolygon","coordinates":[[[[1.86443,42.07392],[1.86722,42.07294],[1.8682,42.07198],[1.86826,42.06862],[1.87011,42.06246],[1.87325,42.05648],[1.87334,42.05536],[1.87207,42.04819],[1.86653,42.05035],[1.86105,42.04606],[1.85859,42.04248],[1.85626,42.03991],[1.84722,42.04469],[1.84377,42.04742],[1.83924,42.04975],[1.83866,42.04688],[1.83768,42.04629],[1.83599,42.04673],[1.83525,42.04656],[1.8335,42.04505],[1.83353,42.04369],[1.83238,42.0434],[1.83085,42.04203],[1.83011,42.04205],[1.82793,42.04361],[1.8269,42.04378],[1.82533,42.0402],[1.8208,42.03977],[1.81706,42.04322],[1.81474,42.04374],[1.81492,42.04443],[1.81645,42.0456],[1.81565,42.04704],[1.81613,42.04823],[1.8154,42.04909],[1.81327,42.05073],[1.81155,42.05017],[1.80965,42.05286],[1.80641,42.05288],[1.80508,42.05483],[1.80586,42.05568],[1.80454,42.05631],[1.80444,42.05892],[1.80232,42.05932],[1.80197,42.05872],[1.79992,42.06001],[1.79778,42.05966],[1.79653,42.05896],[1.79027,42.06022],[1.78903,42.06092],[1.7872,42.06088],[1.78416,42.06151],[1.7822,42.06116],[1.78053,42.06553],[1.77906,42.06578],[1.78101,42.06886],[1.78198,42.0716],[1.78345,42.07342],[1.78455,42.07402],[1.78729,42.07429],[1.79074,42.07341],[1.79321,42.07544],[1.7988,42.07462],[1.80096,42.07775],[1.80358,42.0793],[1.80363,42.08016],[1.80303,42.08109],[1.80661,42.08449],[1.80532,42.08745],[1.80666,42.08968],[1.80884,42.08887],[1.81258,42.08902],[1.81315,42.0886],[1.81469,42.08897],[1.81597,42.09052],[1.823,42.09076],[1.8249,42.08947],[1.82549,42.08807],[1.827,42.087],[1.82808,42.08722],[1.8318,42.0905],[1.83421,42.08909],[1.83854,42.08888],[1.84375,42.08709],[1.84669,42.08511],[1.84836,42.08505],[1.84994,42.08369],[1.85429,42.08313],[1.85607,42.0791],[1.8608,42.07698],[1.86093,42.07625],[1.86443,42.07392]]]]}},{"type":"Feature","properties":{"cp":"08611","municipio":"Berga"},"geometry":{"type":"MultiPolygon","coordinates":[[[[1.87965,42.08616],[1.87805,42.08413],[1.87582,42.07977],[1.872,42.07629],[1.86846,42.07109],[1.86774,42.0726],[1.86443,42.07392],[1.86035,42.09012],[1.8743,42.10569],[1.87559,42.10556],[1.87576,42.10497],[1.87747,42.10521],[1.87953,42.10353],[1.88409,42.1026],[1.88775,42.10029],[1.88675,42.09807],[1.88193,42.0954],[1.88365,42.0935],[1.88193,42.08901],[1.87965,42.08616]]],[[[1.94613,42.08436],[1.94619,42.08314],[1.94748,42.08228],[1.95544,42.08011],[1.95758,42.07819],[1.95634,42.07699],[1.95533,42.07436],[1.95348,42.07271],[1.95124,42.07182],[1.95005,42.07061],[1.9487,42.06631],[1.94911,42.06538],[1.94886,42.0643],[1.94375,42.06218],[1.94385,42.06175],[1.94055,42.05891],[1.93987,42.05785],[1.93893,42.05702],[1.93724,42.05642],[1.93466,42.05405],[1.92978,42.04633],[1.92781,42.04502],[1.92688,42.04284],[1.92673,42.04083],[1.92588,42.04069],[1.92534,42.04007],[1.92572,42.03965],[1.92534,42.03819],[1.9231,42.03878],[1.92109,42.03865],[1.9199,42.0417],[1.91527,42.04202],[1.91242,42.04014],[1.90544,42.03681],[1.90511,42.03648],[1.90507,42.03497],[1.90459,42.03463],[1.90411,42.02973],[1.90295,42.02728],[1.90069,42.02524],[1.89943,42.02303],[1.89726,42.02239],[1.9046,42.0111],[1.9068,42.00882],[1.89547,42.00253],[1.89404,42.00011],[1.89355,41.99833],[1.89107,41.99839],[1.88506,42.00236],[1.88845,42.00223],[1.88941,42.01427],[1.89111,42.01643],[1.89125,42.0214],[1.89926,42.02756],[1.89936,42.0325],[1.90225,42.03608],[1.8854,42.04543],[1.87843,42.04215],[1.88007,42.03939],[1.87905,42.03861],[1.87786,42.04141],[1.87207,42.04819],[1.87334,42.05536],[1.87325,42.05648],[1.87011,42.06246],[1.86826,42.06862],[1.86867,42.07165],[1.87162,42.07578],[1.87582,42.07977],[1.87805,42.08413],[1.87965,42.08616],[1.88195,42.08656],[1.89159,42.09118],[1.89359,42.09316],[1.89495,42.09371],[1.89754,42.09572],[1.90343,42.0968],[1.90739,42.09642],[1.91175,42.0945],[1.91346,42.09299],[1.91552,42.09221],[1.91846,42.09026],[1.92275,42.08917],[1.92416,42.08923],[1.9252,42.08989],[1.9281,42.09004],[1.92997,42.08935],[1.93302,42.08918],[1.93594,42.08814],[1.9388,42.08804],[1.94296,42.0893],[1.94669,42.08898],[1.9461,42.08694],[1.94659,42.08533],[1.94613,42.08436]]]]}},{"type":"Feature","properties":{"cp":"08612","municipio":"Montmajor"},"geometry":{"type":"MultiPolygon","coordinates":[[[[1.7329,42.15583],[1.73586,42.1542],[1.74152,42.15653],[1.76072,42.14623],[1.76414,42.14484],[1.76392,42.14181],[1.76194,42.14176],[1.76062,42.14121],[1.75687,42.13647],[1.75575,42.13731],[1.75496,42.13729],[1.75231,42.13653],[1.75198,42.13521],[1.73995,42.13787],[1.73828,42.13936],[1.73601,42.14011],[1.73298,42.14189],[1.7299,42.14132],[1.72426,42.14283],[1.7195,42.1472],[1.72034,42.1488],[1.72063,42.15163],[1.72164,42.1518],[1.72524,42.15371],[1.72763,42.15629],[1.73433,42.15936],[1.73489,42.15739],[1.7329,42.15583]]],[[[1.73693,42.02647],[1.74237,42.01821],[1.74323,42.01807],[1.74347,42.01685],[1.7404,42.01488],[1.73856,42.01541],[1.73776,42.01492],[1.74018,42.01391],[1.74178,42.01207],[1.74097,42.01148],[1.74593,42.00965],[1.74725,42.00879],[1.74836,42.00881],[1.74982,42.0073],[1.75148,42.0071],[1.7559,42.00377],[1.75674,42.00159],[1.75785,42.00104],[1.75886,42.00128],[1.76016,42.0008],[1.76053,42.0001],[1.75753,41.99784],[1.75779,41.99701],[1.75863,41.99559],[1.76228,41.99223],[1.76257,41.99141],[1.76498,41.98906],[1.76355,41.98548],[1.75596,41.98269],[1.75428,41.98167],[1.75289,41.97771],[1.7515,41.97678],[1.75198,41.97442],[1.7502,41.97421],[1.75128,41.97209],[1.75195,41.96893],[1.75041,41.96747],[1.75193,41.96586],[1.755,41.96567],[1.75574,41.96439],[1.75522,41.96231],[1.75406,41.96029],[1.75486,41.95971],[1.75556,41.95786],[1.75318,41.95684],[1.75455,41.95499],[1.75263,41.95352],[1.75344,41.95162],[1.75266,41.94996],[1.75155,41.9494],[1.75029,41.94951],[1.74985,41.94822],[1.75193,41.94751],[1.752,41.94673],[1.74952,41.94577],[1.74911,41.94353],[1.74743,41.94334],[1.74596,41.94631],[1.74392,41.94612],[1.74405,41.94408],[1.74052,41.94185],[1.7362,41.94022],[1.7274,41.94535],[1.72272,41.94398],[1.71739,41.94133],[1.71671,41.94198],[1.71682,41.9435],[1.70871,41.94137],[1.70272,41.93928],[1.68828,41.93874],[1.68732,41.93731],[1.68598,41.93729],[1.68302,41.94006],[1.67829,41.94258],[1.67932,41.94488],[1.67858,41.9473],[1.67752,41.94757],[1.67434,41.94734],[1.67442,41.95056],[1.67198,41.95194],[1.67067,41.95348],[1.67042,41.95446],[1.67133,41.95747],[1.66997,41.95788],[1.66883,41.95776],[1.66805,41.95925],[1.66664,41.95978],[1.66465,41.96209],[1.66244,41.96239],[1.66073,41.96193],[1.65836,41.96085],[1.65482,41.95784],[1.65144,41.9576],[1.64941,41.9566],[1.64922,41.95711],[1.64688,41.95882],[1.64567,41.95892],[1.64515,41.96009],[1.64525,41.96237],[1.64456,41.96434],[1.64515,41.96684],[1.64426,41.96897],[1.64503,41.97101],[1.65133,41.97869],[1.65007,41.97966],[1.65557,41.98068],[1.65608,41.97906],[1.65826,41.97863],[1.65918,41.9777],[1.66024,41.97764],[1.66003,41.97868],[1.66067,41.97913],[1.66036,41.98039],[1.66107,41.98136],[1.66069,41.98233],[1.6599,41.98294],[1.66789,41.98455],[1.67529,41.98253],[1.67391,41.97928],[1.67187,41.97767],[1.66941,41.97326],[1.66946,41.9699],[1.67051,41.9706],[1.67181,41.96826],[1.67883,41.96887],[1.68275,41.96738],[1.69395,41.97289],[1.69468,41.97392],[1.69597,41.97414],[1.69632,41.97493],[1.69744,41.97546],[1.70339,41.97707],[1.71479,41.98125],[1.71728,41.98251],[1.71741,41.98375],[1.71923,41.98447],[1.71918,41.98577],[1.71669,41.98605],[1.71695,41.98848],[1.71668,41.98923],[1.7146,41.99056],[1.71308,41.99103],[1.71283,41.99159],[1.71298,41.992],[1.71358,41.99193],[1.71545,41.99122],[1.71605,41.99338],[1.7175,41.99385],[1.71558,41.99679],[1.71565,41.99739],[1.71736,41.99703],[1.71835,41.99744],[1.71771,41.99875],[1.71799,41.9995],[1.71615,42.00013],[1.71606,42.00091],[1.71282,42.00274],[1.70727,42.00243],[1.70673,42.00327],[1.70715,42.00392],[1.70756,42.00783],[1.70389,42.01097],[1.69941,42.01407],[1.69774,42.01468],[1.69608,42.01412],[1.69475,42.01257],[1.69083,42.00594],[1.69352,42.00014],[1.69928,41.99299],[1.6965,41.99102],[1.69771,41.9876],[1.69744,41.98518],[1.69106,41.98655],[1.69208,41.9883],[1.692,41.98966],[1.69106,41.99073],[1.68972,41.99023],[1.68473,41.9949],[1.6825,41.99388],[1.68016,41.994],[1.67869,41.99364],[1.67657,41.99436],[1.67185,41.99155],[1.671,41.99162],[1.66814,41.99038],[1.66605,41.99004],[1.66369,41.99103],[1.662,41.99109],[1.66117,41.99204],[1.66215,41.99955],[1.66176,42.00015],[1.66191,42.003],[1.65786,42.00503],[1.65483,42.00237],[1.65697,42.00125],[1.65509,41.99954],[1.65764,41.9983],[1.65636,41.99621],[1.65552,41.99555],[1.65535,41.9935],[1.65454,41.99321],[1.65357,41.99341],[1.65196,41.99252],[1.65199,41.99434],[1.65105,41.99575],[1.65123,41.99723],[1.65187,41.99823],[1.65166,41.99923],[1.64865,41.99914],[1.64786,42.00015],[1.64778,42.00137],[1.64868,42.00333],[1.65266,42.00694],[1.65336,42.01102],[1.65177,42.01233],[1.65141,42.01328],[1.65167,42.01401],[1.65453,42.01596],[1.65559,42.01798],[1.65482,42.01959],[1.65508,42.02034],[1.65793,42.02202],[1.66192,42.02341],[1.6647,42.02231],[1.66503,42.01911],[1.66466,42.01827],[1.66218,42.01587],[1.6621,42.01187],[1.66225,42.01154],[1.6653,42.01068],[1.66437,42.00827],[1.6618,42.00758],[1.66032,42.00666],[1.66597,42.0035],[1.66985,42.00695],[1.6686,42.01172],[1.66855,42.01372],[1.66974,42.01591],[1.67153,42.01684],[1.67244,42.01804],[1.67444,42.01878],[1.67492,42.01952],[1.67794,42.01862],[1.68372,42.02546],[1.6893,42.02679],[1.68965,42.02712],[1.68874,42.02787],[1.69582,42.02846],[1.69793,42.02741],[1.69929,42.0289],[1.69946,42.02959],[1.70348,42.03072],[1.70544,42.03065],[1.70619,42.03016],[1.70557,42.02906],[1.70763,42.02846],[1.70831,42.03042],[1.71357,42.03079],[1.71597,42.02667],[1.71525,42.02488],[1.71545,42.02422],[1.71864,42.02238],[1.71158,42.02043],[1.71444,42.01831],[1.71756,42.01932],[1.73193,42.02246],[1.73399,42.02372],[1.73693,42.02647]]],[[[1.65353,42.11351],[1.65537,42.11344],[1.65559,42.11406],[1.65526,42.11509],[1.65596,42.11539],[1.65736,42.11417],[1.66001,42.11434],[1.66399,42.11356],[1.66794,42.11377],[1.67105,42.11467],[1.67775,42.11431],[1.68172,42.11459],[1.68841,42.11262],[1.69168,42.11287],[1.69187,42.11028],[1.68789,42.10648],[1.68834,42.10527],[1.68939,42.10486],[1.68907,42.10457],[1.67832,42.1036],[1.67068,42.10509],[1.6669,42.10494],[1.66096,42.10633],[1.65313,42.10937],[1.65084,42.11072],[1.64741,42.11124],[1.64488,42.11262],[1.64559,42.11324],[1.65187,42.11452],[1.65353,42.11351]]],[[[1.68953,42.04625],[1.68356,42.04809],[1.6837,42.0491],[1.68302,42.04943],[1.68312,42.04993],[1.68194,42.04997],[1.67532,42.05375],[1.6747,42.05276],[1.67365,42.05229],[1.67458,42.05642],[1.67541,42.05792],[1.67474,42.05772],[1.67434,42.05918],[1.68613,42.0688],[1.6897,42.07442],[1.69254,42.0725],[1.69664,42.07073],[1.70362,42.0709],[1.70625,42.06609],[1.70604,42.0648],[1.70789,42.05357],[1.71317,42.05489],[1.71542,42.05401],[1.72394,42.05213],[1.72616,42.0508],[1.72277,42.04827],[1.72197,42.04529],[1.70667,42.04728],[1.70364,42.04517],[1.70393,42.04175],[1.70345,42.04076],[1.7029,42.04016],[1.69855,42.03809],[1.69732,42.03695],[1.69721,42.03949],[1.69352,42.04335],[1.69248,42.04613],[1.68953,42.04625]]]]}},{"type":"Feature","properties":{"cp":"08613","municipio":"Vilada"},"geometry":{"type":"MultiPolygon","coordinates":[[[[1.96476,42.13153],[1.96383,42.12927],[1.95809,42.12919],[1.95655,42.12964],[1.95471,42.12894],[1.94901,42.12896],[1.94668,42.12912],[1.94377,42.13006],[1.94069,42.12889],[1.93422,42.12798],[1.93722,42.12477],[1.93752,42.12349],[1.93627,42.11802],[1.93432,42.11489],[1.93489,42.11443],[1.93422,42.11391],[1.93278,42.11411],[1.92933,42.11239],[1.92536,42.11202],[1.92115,42.11081],[1.90523,42.1165],[1.90303,42.11589],[1.90217,42.11523],[1.89969,42.11812],[1.89374,42.11796],[1.8912,42.12595],[1.88703,42.12504],[1.88392,42.12507],[1.88098,42.12565],[1.88512,42.12726],[1.88805,42.12954],[1.89,42.13488],[1.88914,42.13616],[1.90115,42.1461],[1.90512,42.15618],[1.91023,42.1668],[1.91147,42.16818],[1.91741,42.17122],[1.92195,42.16722],[1.92139,42.1668],[1.9172,42.15964],[1.93484,42.15116],[1.93891,42.14772],[1.9417,42.14702],[1.94183,42.1489],[1.94377,42.15032],[1.94474,42.15213],[1.94791,42.15451],[1.94972,42.15457],[1.95254,42.14782],[1.95936,42.14775],[1.96615,42.14681],[1.96598,42.14555],[1.96263,42.13663],[1.96444,42.13505],[1.96476,42.13153]]]]}},{"type":"Feature","properties":{"cp":"08614","municipio":"Espunyola, L'"},"geometry":{"type":"MultiPolygon","coordinates":[[[[1.74011,42.02982],[1.73642,42.02588],[1.73193,42.02246],[1.71756,42.01932],[1.71444,42.01831],[1.71158,42.02043],[1.71864,42.02238],[1.71545,42.02422],[1.71525,42.02488],[1.71597,42.02667],[1.71357,42.03079],[1.70831,42.03042],[1.70763,42.02846],[1.70557,42.02906],[1.70619,42.03016],[1.70544,42.03065],[1.70348,42.03072],[1.69946,42.02959],[1.6943,42.03514],[1.69606,42.03576],[1.69855,42.03809],[1.7029,42.04016],[1.70393,42.04175],[1.70364,42.04517],[1.70667,42.04728],[1.72197,42.04529],[1.72277,42.04827],[1.72616,42.0508],[1.72394,42.05213],[1.71542,42.05401],[1.71317,42.05489],[1.70789,42.05357],[1.70604,42.0648],[1.70625,42.06609],[1.70904,42.0674],[1.71306,42.06727],[1.71528,42.06903],[1.71635,42.07061],[1.72102,42.07147],[1.72652,42.06935],[1.72834,42.07062],[1.73055,42.07035],[1.73312,42.072],[1.73701,42.07255],[1.73676,42.07369],[1.73751,42.07397],[1.7399,42.07344],[1.74192,42.07131],[1.74499,42.06604],[1.74867,42.06509],[1.75231,42.06547],[1.75548,42.06501],[1.76085,42.06218],[1.76501,42.06591],[1.76973,42.0654],[1.77116,42.06463],[1.77426,42.06401],[1.78071,42.06135],[1.7822,42.06116],[1.78416,42.06151],[1.7872,42.06088],[1.78903,42.06092],[1.79027,42.06022],[1.79653,42.05896],[1.79778,42.05966],[1.79992,42.06001],[1.80197,42.05872],[1.80232,42.05932],[1.80444,42.05892],[1.80454,42.05631],[1.80586,42.05568],[1.80508,42.05483],[1.80674,42.05274],[1.80568,42.05049],[1.80565,42.04759],[1.80541,42.04703],[1.80343,42.04638],[1.8011,42.04698],[1.80075,42.04504],[1.80175,42.04509],[1.80202,42.04288],[1.80007,42.04165],[1.79972,42.03973],[1.79787,42.03616],[1.79374,42.0326],[1.79528,42.03289],[1.79644,42.0337],[1.79777,42.03375],[1.799,42.03485],[1.80486,42.03614],[1.80612,42.03613],[1.80913,42.03489],[1.8105,42.03373],[1.81422,42.03268],[1.81258,42.0314],[1.80539,42.02296],[1.80833,42.01797],[1.80009,42.01282],[1.80222,42.01061],[1.80341,42.00771],[1.7922,42.00547],[1.78888,42.00759],[1.78794,42.00682],[1.78701,42.0069],[1.78647,42.00634],[1.78433,42.00666],[1.78136,42.0058],[1.78177,42.00738],[1.78382,42.00762],[1.78377,42.00884],[1.78467,42.0099],[1.78491,42.01088],[1.78496,42.01416],[1.78691,42.01819],[1.78967,42.02083],[1.79001,42.02309],[1.78729,42.02432],[1.78714,42.02512],[1.78763,42.02754],[1.79177,42.0295],[1.79119,42.03065],[1.78936,42.03016],[1.78628,42.03214],[1.78552,42.03319],[1.78534,42.03408],[1.78648,42.03411],[1.78681,42.0355],[1.7878,42.03612],[1.78688,42.03673],[1.78591,42.03568],[1.78459,42.03577],[1.78274,42.03239],[1.78031,42.03403],[1.77914,42.03223],[1.77796,42.03204],[1.77686,42.03223],[1.77549,42.03358],[1.77345,42.03349],[1.77139,42.03278],[1.76911,42.03282],[1.76847,42.03328],[1.76808,42.03396],[1.7682,42.03757],[1.7649,42.0379],[1.76478,42.03943],[1.7676,42.04127],[1.76993,42.04635],[1.76782,42.04848],[1.76675,42.04883],[1.76565,42.04685],[1.76299,42.04536],[1.76094,42.04718],[1.75835,42.04361],[1.75608,42.04136],[1.75512,42.03851],[1.7488,42.03851],[1.74556,42.03701],[1.74254,42.03467],[1.74384,42.03303],[1.74238,42.03153],[1.73988,42.03154],[1.74011,42.02982]]],[[[1.67264,42.04199],[1.67024,42.04442],[1.67177,42.04602],[1.67311,42.04885],[1.67365,42.05229],[1.6747,42.05276],[1.67532,42.05375],[1.68262,42.04988],[1.67999,42.04644],[1.67956,42.04257],[1.67973,42.04055],[1.67856,42.03832],[1.67382,42.03933],[1.67188,42.04093],[1.67264,42.04199]]]]}},{"type":"Feature","properties":{"cp":"08617","municipio":"Capolat"},"geometry":{"type":"MultiPolygon","coordinates":[[[[1.69146,42.07316],[1.6897,42.07442],[1.69141,42.07803],[1.68833,42.07836],[1.68823,42.0801],[1.68867,42.08235],[1.6913,42.0871],[1.69602,42.08671],[1.69952,42.08573],[1.70052,42.08499],[1.70651,42.08339],[1.70763,42.08271],[1.71009,42.08331],[1.71284,42.0848],[1.71659,42.08465],[1.72205,42.09109],[1.72257,42.09452],[1.72248,42.0998],[1.71803,42.10152],[1.71091,42.10176],[1.70539,42.10575],[1.70515,42.10771],[1.70977,42.11027],[1.71122,42.11598],[1.71835,42.11511],[1.7225,42.11007],[1.72508,42.11392],[1.72792,42.11517],[1.73779,42.11783],[1.74156,42.11076],[1.73845,42.11055],[1.7384,42.10682],[1.73895,42.10622],[1.74062,42.10562],[1.74837,42.10441],[1.75258,42.10245],[1.75679,42.10231],[1.7614,42.10056],[1.76832,42.10207],[1.7774,42.10249],[1.78321,42.10211],[1.78476,42.10483],[1.79302,42.10612],[1.79657,42.10627],[1.79804,42.10573],[1.79901,42.10479],[1.80027,42.10215],[1.80117,42.09835],[1.80174,42.09784],[1.80896,42.09581],[1.81007,42.0951],[1.81031,42.09453],[1.80884,42.09277],[1.80996,42.09149],[1.81469,42.08897],[1.81315,42.0886],[1.81258,42.08902],[1.80884,42.08887],[1.80666,42.08968],[1.80532,42.08745],[1.80661,42.08449],[1.80303,42.08109],[1.80363,42.08016],[1.80358,42.0793],[1.80096,42.07775],[1.7988,42.07462],[1.79321,42.07544],[1.79074,42.07341],[1.78729,42.07429],[1.78455,42.07402],[1.78345,42.07342],[1.78198,42.0716],[1.78101,42.06886],[1.77906,42.06578],[1.78053,42.06553],[1.7822,42.06116],[1.78071,42.06135],[1.77426,42.06401],[1.77116,42.06463],[1.76904,42.06558],[1.76501,42.06591],[1.76085,42.06218],[1.75548,42.06501],[1.75231,42.06547],[1.74867,42.06509],[1.74601,42.06556],[1.74499,42.06604],[1.74192,42.07131],[1.7399,42.07344],[1.73893,42.07381],[1.73751,42.07397],[1.73676,42.07369],[1.73701,42.07255],[1.73312,42.072],[1.73055,42.07035],[1.72834,42.07062],[1.72652,42.06935],[1.72102,42.07147],[1.71635,42.07061],[1.71528,42.06903],[1.71306,42.06727],[1.70904,42.0674],[1.70625,42.06609],[1.70362,42.0709],[1.69664,42.07073],[1.69146,42.07316]]]]}},{"type":"Feature","properties":{"cp":"08618","municipio":"Castellar del Riu"},"geometry":{"type":"MultiPolygon","coordinates":[[[[1.72063,42.15163],[1.72034,42.1488],[1.7195,42.1472],[1.72426,42.14283],[1.7299,42.14132],[1.73215,42.14188],[1.73383,42.14166],[1.73601,42.14011],[1.73828,42.13936],[1.73995,42.13787],[1.74643,42.13667],[1.75021,42.13547],[1.75198,42.13521],[1.75231,42.13653],[1.75496,42.13729],[1.75575,42.13731],[1.75687,42.13647],[1.76062,42.14121],[1.76194,42.14176],[1.76392,42.14181],[1.76414,42.14484],[1.76511,42.14475],[1.76674,42.14351],[1.77091,42.14274],[1.77634,42.14288],[1.77978,42.13758],[1.78218,42.13493],[1.79178,42.1341],[1.79551,42.13439],[1.80251,42.13025],[1.8239,42.12178],[1.81834,42.11833],[1.81809,42.11531],[1.82022,42.10908],[1.81809,42.10898],[1.81561,42.1081],[1.8133,42.10807],[1.79901,42.10479],[1.79804,42.10573],[1.79498,42.10634],[1.78476,42.10483],[1.78321,42.10211],[1.7774,42.10249],[1.76832,42.10207],[1.7614,42.10056],[1.75679,42.10231],[1.75258,42.10245],[1.74837,42.10441],[1.74062,42.10562],[1.73895,42.10622],[1.7384,42.10682],[1.73845,42.11055],[1.74156,42.11076],[1.73779,42.11783],[1.72792,42.11517],[1.72508,42.11392],[1.7225,42.11007],[1.71835,42.11511],[1.71122,42.11598],[1.71169,42.11949],[1.7088,42.1209],[1.70887,42.12202],[1.70788,42.12324],[1.70606,42.1229],[1.70501,42.12424],[1.70248,42.12613],[1.70076,42.12658],[1.6991,42.12806],[1.69898,42.12899],[1.69989,42.13051],[1.69831,42.13422],[1.69856,42.13572],[1.7,42.13604],[1.70381,42.1407],[1.70268,42.14207],[1.70482,42.14297],[1.70682,42.14523],[1.70733,42.14613],[1.70802,42.14976],[1.71001,42.15017],[1.71091,42.15204],[1.71418,42.1542],[1.7164,42.1541],[1.72063,42.15163]]]]}},{"type":"Feature","properties":{"cp":"08619","municipio":"Borredà"},"geometry":{"type":"MultiPolygon","coordinates":[[[[2.05827,42.13652],[2.06038,42.13535],[2.06103,42.13567],[2.06137,42.13508],[2.06831,42.13386],[2.07024,42.13185],[2.0698,42.1265],[2.06746,42.12364],[2.06822,42.12252],[2.06438,42.12181],[2.04973,42.12175],[2.05058,42.11684],[2.05467,42.10791],[2.0457,42.1044],[2.05708,42.10105],[2.06253,42.09872],[2.06089,42.09559],[2.05767,42.08747],[2.05386,42.09042],[2.05305,42.09474],[2.04238,42.09244],[2.04114,42.08989],[2.0394,42.08753],[2.04098,42.08317],[2.04255,42.08163],[2.04502,42.08089],[2.03451,42.07737],[2.03055,42.08246],[2.02637,42.09304],[2.02821,42.09529],[2.02597,42.09638],[2.01821,42.09539],[2.01398,42.09416],[2.00801,42.08498],[2.00826,42.08764],[2.00711,42.08827],[2.0069,42.08879],[2.00779,42.09132],[2.00613,42.09318],[2.00476,42.09605],[2.00637,42.10265],[2.00716,42.10432],[2.00698,42.10498],[2.00576,42.10589],[2.00292,42.10659],[1.9946,42.10669],[1.99098,42.10803],[1.98897,42.11039],[1.98958,42.11349],[1.98621,42.11892],[1.98586,42.1212],[1.98532,42.12225],[1.98352,42.12321],[1.98009,42.12267],[1.97785,42.12349],[1.97706,42.12441],[1.97703,42.12821],[1.97531,42.12847],[1.96906,42.1279],[1.96703,42.12887],[1.96383,42.12927],[1.96476,42.13153],[1.96453,42.13463],[1.96428,42.1353],[1.96263,42.13663],[1.96598,42.14555],[1.96615,42.14681],[1.95936,42.14775],[1.95254,42.14782],[1.94972,42.15457],[1.95037,42.15543],[1.95275,42.15609],[1.95379,42.1577],[1.95645,42.16005],[1.95775,42.16059],[1.95843,42.16209],[1.96136,42.16204],[1.96499,42.16323],[1.96909,42.16377],[1.9727,42.16492],[1.97422,42.16646],[1.9769,42.16527],[1.98493,42.16452],[1.98554,42.16662],[1.98883,42.16735],[1.98902,42.16891],[1.99013,42.17116],[1.99077,42.17161],[1.99358,42.16779],[1.99413,42.16585],[1.99689,42.16205],[2.00284,42.15647],[2.00537,42.15493],[2.00529,42.15407],[2.00361,42.15277],[2.00586,42.15165],[2.00399,42.14951],[2.00803,42.14976],[2.01283,42.14927],[2.01627,42.15015],[2.01906,42.15032],[2.02535,42.15241],[2.02826,42.15226],[2.03099,42.15137],[2.03257,42.14955],[2.03332,42.14978],[2.03459,42.14844],[2.03487,42.14629],[2.0371,42.1433],[2.03983,42.14273],[2.04597,42.14435],[2.04926,42.14312],[2.05169,42.14308],[2.05395,42.13926],[2.05417,42.13779],[2.05646,42.13744],[2.05827,42.13652]],[[2.02114,42.12943],[2.02191,42.1288],[2.02179,42.12767],[2.02028,42.12717],[2.01831,42.12735],[2.01785,42.12623],[2.0172,42.12606],[2.01086,42.12683],[2.00253,42.12556],[2.00581,42.12313],[2.00601,42.12124],[2.00167,42.12092],[2.00127,42.12024],[2.00269,42.12001],[2.00392,42.11882],[2.00301,42.11784],[2.00423,42.11665],[2.00663,42.11583],[2.00682,42.10904],[2.00754,42.10725],[2.0088,42.10767],[2.01,42.10746],[2.01271,42.10872],[2.0149,42.10838],[2.01756,42.11023],[2.02023,42.11528],[2.02138,42.11889],[2.02098,42.11999],[2.01973,42.12111],[2.02979,42.12124],[2.03142,42.12701],[2.0301,42.12737],[2.02964,42.12903],[2.02678,42.12933],[2.02597,42.13087],[2.02177,42.13124],[2.0204,42.13129],[2.02019,42.13079],[2.02114,42.12943]]]]}},{"type":"Feature","properties":{"cp":"08620","municipio":"Sant Vicenç dels Horts"},"geometry":{"type":"MultiPolygon","coordinates":[[[[1.99457,41.39582],[1.99536,41.40174],[1.99342,41.4038],[1.99239,41.40381],[1.99118,41.40454],[1.98861,41.40835],[1.9907,41.40937],[1.99252,41.4089],[1.99803,41.4058],[2.00242,41.40875],[2.00938,41.41095],[2.01223,41.40777],[2.016,41.3992],[2.01911,41.39613],[2.02179,41.38946],[2.02638,41.38422],[2.02676,41.38328],[2.01539,41.37969],[2.00962,41.37881],[2.00752,41.3793],[2.00226,41.37792],[2.00246,41.37751],[1.9999,41.37167],[1.99457,41.37564],[1.99041,41.37599],[1.98891,41.37679],[1.98581,41.3756],[1.98434,41.37661],[1.97977,41.37778],[1.97878,41.38023],[1.98182,41.38058],[1.98091,41.38149],[1.98316,41.38683],[1.98593,41.38903],[1.98568,41.3901],[1.98923,41.3941],[1.99193,41.3944],[1.99457,41.39582]]]]}},{"type":"Feature","properties":{"cp":"08629","municipio":"Torrelles de Llobregat"},"geometry":{"type":"MultiPolygon","coordinates":[[[[1.99854,41.36216],[1.99917,41.36034],[1.99811,41.35644],[1.997,41.35642],[1.99577,41.35576],[1.99371,41.35343],[1.99333,41.35221],[1.99148,41.34985],[1.99124,41.34818],[1.9892,41.34612],[1.98753,41.34505],[1.98072,41.34356],[1.97806,41.34246],[1.97731,41.34172],[1.97481,41.34125],[1.97195,41.34137],[1.97073,41.34097],[1.9682,41.33964],[1.95915,41.33336],[1.94918,41.33492],[1.94686,41.33659],[1.94395,41.3369],[1.94352,41.33762],[1.94495,41.34176],[1.94389,41.3445],[1.94418,41.35001],[1.9454,41.35008],[1.94728,41.35221],[1.94521,41.35424],[1.94868,41.36225],[1.9511,41.36344],[1.95196,41.36578],[1.95387,41.36778],[1.96398,41.36534],[1.9647,41.36467],[1.97338,41.36729],[1.97726,41.36755],[1.97924,41.36856],[1.9805,41.36858],[1.98158,41.36931],[1.98109,41.36962],[1.98253,41.37174],[1.98198,41.37244],[1.9868,41.37285],[1.99041,41.37599],[1.99457,41.37564],[2.00312,41.36946],[2.00116,41.36534],[1.99803,41.36397],[1.99854,41.36216]]]]}},{"type":"Feature","properties":{"cp":"08630","municipio":"Abrera"},"geometry":{"type":"MultiPolygon","coordinates":[[[[1.92105,41.53735],[1.92482,41.5366],[1.93213,41.5367],[1.93202,41.53644],[1.93291,41.53606],[1.93398,41.53379],[1.9358,41.53287],[1.93628,41.53214],[1.93628,41.53019],[1.93878,41.52851],[1.94899,41.52552],[1.95121,41.52279],[1.95134,41.51005],[1.9367,41.50943],[1.93537,41.5052],[1.93407,41.50487],[1.93285,41.50257],[1.93332,41.50075],[1.93105,41.49704],[1.92919,41.49545],[1.92614,41.49501],[1.92438,41.49566],[1.92396,41.49656],[1.92445,41.49745],[1.92279,41.49855],[1.9202,41.49886],[1.91947,41.49785],[1.91083,41.50091],[1.91045,41.50153],[1.90842,41.50196],[1.90793,41.50158],[1.90617,41.50185],[1.90561,41.50156],[1.90495,41.50187],[1.90466,41.50292],[1.90357,41.50309],[1.9028,41.50438],[1.89396,41.50648],[1.89186,41.50651],[1.89013,41.50727],[1.88826,41.50733],[1.88616,41.50797],[1.87502,41.50761],[1.87288,41.5072],[1.86781,41.50722],[1.86412,41.506],[1.86093,41.50655],[1.85973,41.50783],[1.85556,41.50862],[1.85586,41.5103],[1.85541,41.51249],[1.85369,41.51392],[1.85432,41.516],[1.85683,41.516],[1.8574,41.51774],[1.85874,41.51754],[1.85965,41.51521],[1.86061,41.51515],[1.86159,41.5167],[1.86423,41.51733],[1.86345,41.51765],[1.86463,41.51883],[1.86724,41.51978],[1.86612,41.51992],[1.86772,41.5219],[1.87061,41.5237],[1.87068,41.52445],[1.8727,41.52421],[1.87412,41.52481],[1.87676,41.52262],[1.88305,41.52353],[1.88474,41.52479],[1.89068,41.52388],[1.89694,41.52558],[1.89746,41.52696],[1.90045,41.52678],[1.90264,41.52839],[1.90687,41.52961],[1.9118,41.53029],[1.91151,41.53269],[1.91265,41.53334],[1.91331,41.53314],[1.91357,41.53369],[1.91539,41.53402],[1.91576,41.5354],[1.9181,41.53566],[1.92105,41.53735]]]]}},{"type":"Feature","properties":{"cp":"08635","municipio":"Sant Esteve Sesrovires"},"geometry":{"type":"MultiPolygon","coordinates":[[[[1.85973,41.50783],[1.86093,41.50655],[1.86412,41.506],[1.86781,41.50722],[1.88616,41.50797],[1.88826,41.50733],[1.89013,41.50727],[1.89186,41.50651],[1.89396,41.50648],[1.89683,41.50561],[1.9007,41.50504],[1.9028,41.50438],[1.90357,41.50309],[1.90466,41.50292],[1.90495,41.50187],[1.90429,41.50123],[1.90222,41.50113],[1.89919,41.50295],[1.89426,41.50341],[1.89109,41.50235],[1.88969,41.50115],[1.89263,41.50005],[1.89145,41.49996],[1.89822,41.4958],[1.89803,41.49293],[1.89548,41.49348],[1.89334,41.49291],[1.8948,41.49098],[1.89234,41.4897],[1.895,41.48616],[1.89716,41.48561],[1.89921,41.48618],[1.89947,41.48278],[1.8975,41.47931],[1.89731,41.47792],[1.90189,41.47555],[1.90582,41.47533],[1.90532,41.47164],[1.90662,41.46954],[1.91123,41.46823],[1.90929,41.4655],[1.90217,41.46461],[1.89863,41.46345],[1.8933,41.46265],[1.89053,41.46162],[1.8856,41.45929],[1.88381,41.45892],[1.88172,41.45525],[1.88109,41.455],[1.87762,41.45508],[1.87599,41.4557],[1.87481,41.458],[1.87265,41.46056],[1.87314,41.46198],[1.87281,41.46451],[1.872,41.46564],[1.87265,41.46739],[1.87248,41.4703],[1.87368,41.47236],[1.872,41.47456],[1.87219,41.47538],[1.87139,41.47731],[1.86495,41.48013],[1.86113,41.48246],[1.8569,41.48385],[1.85368,41.48563],[1.85208,41.48711],[1.85025,41.48762],[1.84778,41.48951],[1.84492,41.49097],[1.84305,41.49324],[1.84223,41.49647],[1.84128,41.49723],[1.83823,41.4984],[1.83853,41.50003],[1.84049,41.50186],[1.84105,41.50466],[1.84309,41.50681],[1.85019,41.50712],[1.85167,41.50655],[1.85421,41.50691],[1.85455,41.50707],[1.85456,41.5083],[1.85556,41.50862],[1.85973,41.50783]]]]}},{"type":"Feature","properties":{"cp":"08640","municipio":"Olesa de Montserrat"},"geometry":{"type":"MultiPolygon","coordinates":[[[[1.91212,41.53304],[1.91151,41.53269],[1.91051,41.53419],[1.90935,41.53443],[1.9065,41.53401],[1.89773,41.53467],[1.89488,41.53359],[1.89424,41.53291],[1.89339,41.53292],[1.88637,41.53809],[1.88459,41.54032],[1.88232,41.542],[1.87769,41.54261],[1.87299,41.54399],[1.87274,41.54559],[1.87417,41.54687],[1.87466,41.54819],[1.87464,41.55214],[1.87571,41.55508],[1.87933,41.55709],[1.87894,41.55997],[1.88099,41.56186],[1.87949,41.56659],[1.8798,41.5674],[1.87839,41.569],[1.87993,41.56979],[1.88159,41.57145],[1.88157,41.57299],[1.88309,41.57567],[1.88272,41.57626],[1.88388,41.57868],[1.88466,41.579],[1.90058,41.57396],[1.90918,41.57076],[1.92043,41.57146],[1.92015,41.56997],[1.9235,41.56778],[1.92186,41.56679],[1.92051,41.56431],[1.92158,41.56467],[1.92221,41.56363],[1.92146,41.56341],[1.9212,41.56244],[1.92041,41.56205],[1.92094,41.56028],[1.92195,41.56068],[1.92239,41.55981],[1.91857,41.55681],[1.91995,41.55689],[1.92016,41.55628],[1.92418,41.55538],[1.92629,41.55239],[1.92721,41.55273],[1.92772,41.55251],[1.92555,41.55101],[1.9275,41.55015],[1.92772,41.54935],[1.92929,41.54812],[1.92876,41.54729],[1.92967,41.54403],[1.93045,41.54413],[1.9312,41.54193],[1.93242,41.5419],[1.9311,41.53945],[1.93325,41.53756],[1.93213,41.5367],[1.92482,41.5366],[1.92105,41.53735],[1.9181,41.53566],[1.91576,41.5354],[1.91539,41.53402],[1.91212,41.53304]]]]}},{"type":"Feature","properties":{"cp":"08650","municipio":"Sallent"},"geometry":{"type":"MultiPolygon","coordinates":[[[[1.93818,41.83339],[1.93847,41.83127],[1.93978,41.82991],[1.94148,41.827],[1.94239,41.8269],[1.94431,41.82535],[1.94569,41.82539],[1.94579,41.82474],[1.94692,41.82494],[1.94703,41.82419],[1.9479,41.82408],[1.94805,41.82244],[1.94975,41.82201],[1.95025,41.8214],[1.95204,41.8207],[1.9533,41.81893],[1.95428,41.81917],[1.95493,41.81835],[1.95465,41.81782],[1.95518,41.81703],[1.95499,41.81614],[1.95775,41.81429],[1.95844,41.81301],[1.95246,41.81057],[1.94814,41.81037],[1.94511,41.80979],[1.94207,41.80813],[1.93799,41.80877],[1.93354,41.80688],[1.93287,41.80497],[1.93372,41.80235],[1.93582,41.80098],[1.93558,41.79951],[1.93055,41.79588],[1.92728,41.79559],[1.92628,41.79484],[1.9244,41.79456],[1.92302,41.79379],[1.92319,41.79114],[1.92191,41.79012],[1.92124,41.78837],[1.91816,41.78777],[1.91445,41.7863],[1.90548,41.78034],[1.90506,41.77959],[1.90538,41.77903],[1.90542,41.77565],[1.90407,41.77469],[1.90369,41.77392],[1.90442,41.77197],[1.8667,41.78225],[1.86537,41.78371],[1.86211,41.78925],[1.86465,41.79487],[1.85604,41.79832],[1.85156,41.80065],[1.84671,41.80901],[1.85228,41.81457],[1.85767,41.81666],[1.85492,41.8199],[1.85082,41.82983],[1.85128,41.83163],[1.85206,41.83223],[1.85325,41.83245],[1.85598,41.83222],[1.85697,41.83257],[1.86455,41.83271],[1.86933,41.83221],[1.87004,41.83178],[1.87245,41.8342],[1.87418,41.83511],[1.87577,41.83459],[1.87701,41.83469],[1.87922,41.83564],[1.87964,41.83772],[1.87949,41.84022],[1.88284,41.84254],[1.88256,41.84306],[1.88625,41.84467],[1.89213,41.85196],[1.89602,41.85401],[1.89704,41.85527],[1.89665,41.85593],[1.89705,41.85928],[1.89651,41.86013],[1.89735,41.86196],[1.89745,41.86364],[1.89861,41.86551],[1.90221,41.8688],[1.90151,41.87228],[1.90491,41.87727],[1.90453,41.8782],[1.90578,41.88177],[1.90833,41.88295],[1.91371,41.88702],[1.91342,41.88881],[1.91142,41.88973],[1.90976,41.89215],[1.90811,41.89311],[1.90557,41.89632],[1.90439,41.89971],[1.9038,41.89963],[1.90951,41.9019],[1.91072,41.89989],[1.91217,41.89937],[1.91311,41.89972],[1.913,41.90064],[1.91801,41.90218],[1.92118,41.89886],[1.93679,41.90357],[1.9486,41.90332],[1.95252,41.90451],[1.95399,41.90405],[1.958,41.90538],[1.961,41.90584],[1.9631,41.90483],[1.96382,41.8945],[1.96188,41.89435],[1.96201,41.89389],[1.9573,41.8936],[1.95752,41.89291],[1.95705,41.8915],[1.9524,41.89011],[1.95029,41.88908],[1.94909,41.88463],[1.94509,41.88092],[1.94465,41.87981],[1.9436,41.8787],[1.94214,41.87596],[1.9409,41.87235],[1.93753,41.87024],[1.93726,41.86696],[1.93227,41.8656],[1.93041,41.86052],[1.91268,41.85743],[1.91081,41.84997],[1.91172,41.84708],[1.91411,41.84635],[1.91682,41.84688],[1.91992,41.84631],[1.92306,41.84636],[1.92499,41.84479],[1.92783,41.84428],[1.9315,41.84297],[1.93385,41.84361],[1.93671,41.84187],[1.93752,41.83884],[1.93865,41.83686],[1.9392,41.83425],[1.93818,41.83339]]]]}},{"type":"Feature","properties":{"cp":"08660","municipio":"Balsareny"},"geometry":{"type":"MultiPolygon","coordinates":[[[[1.87131,41.89434],[1.87673,41.88766],[1.8865,41.88892],[1.88997,41.89121],[1.89541,41.89357],[1.89604,41.89625],[1.89753,41.89696],[1.89892,41.89885],[1.90439,41.89971],[1.90557,41.89632],[1.90811,41.89311],[1.90976,41.89215],[1.91142,41.88973],[1.91342,41.88881],[1.91371,41.88702],[1.90833,41.88295],[1.90578,41.88177],[1.90453,41.8782],[1.90491,41.87727],[1.90151,41.87228],[1.90221,41.8688],[1.89861,41.86551],[1.89745,41.86364],[1.89735,41.86196],[1.89651,41.86013],[1.89705,41.85928],[1.89665,41.85593],[1.89704,41.85527],[1.89602,41.85401],[1.89213,41.85196],[1.88625,41.84467],[1.88256,41.84306],[1.88284,41.84254],[1.87949,41.84022],[1.87964,41.83772],[1.87922,41.83564],[1.87701,41.83469],[1.87577,41.83459],[1.87418,41.83511],[1.87245,41.8342],[1.87004,41.83178],[1.86933,41.83221],[1.86455,41.83271],[1.84971,41.83217],[1.84735,41.83361],[1.84445,41.83408],[1.84162,41.8363],[1.84144,41.83818],[1.84034,41.84021],[1.8404,41.84304],[1.83991,41.84379],[1.83785,41.84473],[1.83375,41.84559],[1.83199,41.84786],[1.8316,41.84949],[1.8292,41.85282],[1.82809,41.85325],[1.82636,41.85313],[1.82442,41.85405],[1.8239,41.85532],[1.81984,41.86016],[1.82054,41.86168],[1.82005,41.86385],[1.82148,41.86499],[1.82179,41.86639],[1.81258,41.87564],[1.81662,41.87729],[1.82474,41.87848],[1.83326,41.88123],[1.83508,41.88218],[1.83757,41.88067],[1.83783,41.88003],[1.84364,41.88251],[1.84748,41.88295],[1.85264,41.88464],[1.85406,41.88585],[1.86022,41.8857],[1.8683,41.89208],[1.86785,41.89314],[1.87131,41.89434]]]]}},{"type":"Feature","properties":{"cp":"08670","municipio":"Navàs"},"geometry":{"type":"MultiPolygon","coordinates":[[[[1.75819,41.91816],[1.7522,41.88517],[1.72378,41.89108],[1.72491,41.89303],[1.72055,41.89467],[1.71882,41.89611],[1.71756,41.89826],[1.71807,41.9017],[1.71747,41.90435],[1.72032,41.91635],[1.72459,41.9238],[1.72203,41.92992],[1.72366,41.92939],[1.72486,41.92807],[1.72854,41.92774],[1.73323,41.9253],[1.73405,41.92441],[1.73039,41.91886],[1.73434,41.91704],[1.74186,41.91632],[1.75098,41.91693],[1.75308,41.91973],[1.75421,41.92038],[1.7549,41.92187],[1.75819,41.91816]]],[[[1.88029,41.9067],[1.88014,41.90541],[1.88081,41.90465],[1.88558,41.90274],[1.8863,41.90158],[1.8863,41.89926],[1.88433,41.89903],[1.88312,41.89815],[1.88051,41.89759],[1.86785,41.89314],[1.8683,41.89208],[1.86022,41.8857],[1.85406,41.88585],[1.85264,41.88464],[1.84748,41.88295],[1.84364,41.88251],[1.83783,41.88003],[1.83757,41.88067],[1.83508,41.88218],[1.83053,41.88035],[1.83454,41.91053],[1.8391,41.90979],[1.84179,41.9087],[1.84209,41.90687],[1.83967,41.90281],[1.84073,41.90179],[1.84044,41.90072],[1.84089,41.90007],[1.84511,41.89959],[1.84542,41.89902],[1.84491,41.89786],[1.84516,41.89744],[1.847,41.89867],[1.84783,41.90046],[1.84948,41.90171],[1.84918,41.90224],[1.84698,41.90285],[1.84724,41.90479],[1.84801,41.90673],[1.84598,41.9084],[1.8462,41.90903],[1.84709,41.90963],[1.84796,41.91232],[1.84774,41.91628],[1.86388,41.91676],[1.86732,41.91309],[1.87083,41.91084],[1.87582,41.90944],[1.87987,41.90726],[1.88029,41.9067]]],[[[1.89892,41.89885],[1.89753,41.89696],[1.89604,41.89625],[1.89541,41.89357],[1.88997,41.89121],[1.8865,41.88892],[1.87673,41.88766],[1.87131,41.89434],[1.88051,41.89759],[1.88312,41.89815],[1.88433,41.89903],[1.88807,41.89936],[1.8961,41.8985],[1.89892,41.89885]]]]}},{"type":"Feature","properties":{"cp":"08671","municipio":"Navàs"},"geometry":{"type":"MultiPolygon","coordinates":[[[[1.83454,41.91053],[1.83053,41.88035],[1.82474,41.87848],[1.81662,41.87729],[1.81417,41.87645],[1.80965,41.87464],[1.79498,41.86747],[1.79789,41.86501],[1.79926,41.86289],[1.797,41.86212],[1.78864,41.86157],[1.78743,41.85966],[1.78535,41.8581],[1.78532,41.85319],[1.78236,41.85392],[1.7826,41.8546],[1.78058,41.8559],[1.78033,41.85943],[1.77476,41.8596],[1.77287,41.86292],[1.77134,41.86392],[1.76297,41.86287],[1.7522,41.88517],[1.75819,41.91816],[1.76004,41.91607],[1.76236,41.9181],[1.76447,41.91699],[1.76483,41.91357],[1.76645,41.91212],[1.77625,41.91497],[1.78739,41.9197],[1.79726,41.91988],[1.79995,41.9193],[1.80521,41.92368],[1.80966,41.92577],[1.8162,41.92375],[1.82314,41.92076],[1.82677,41.91657],[1.83184,41.91468],[1.83206,41.91305],[1.83348,41.9107],[1.83454,41.91053]]]]}},{"type":"Feature","properties":{"cp":"08672","municipio":"Puig-reig"},"geometry":{"type":"MultiPolygon","coordinates":[[[[1.86388,41.91676],[1.86943,41.91819],[1.88599,41.91996],[1.88602,41.91659],[1.88382,41.91369],[1.88341,41.91222],[1.88429,41.91098],[1.88615,41.90965],[1.88589,41.90649],[1.88517,41.90608],[1.88116,41.90691],[1.88029,41.9067],[1.87987,41.90726],[1.87582,41.90944],[1.87083,41.91084],[1.86732,41.91309],[1.86388,41.91676]]],[[[1.95476,41.96646],[1.97054,41.91984],[1.97033,41.91829],[1.97525,41.91581],[1.97523,41.91154],[1.96578,41.90897],[1.9624,41.9063],[1.95399,41.90405],[1.95282,41.90455],[1.94746,41.90321],[1.93679,41.90357],[1.92118,41.89886],[1.91801,41.90218],[1.913,41.90064],[1.91311,41.89972],[1.91217,41.89937],[1.91072,41.89989],[1.90951,41.9019],[1.90439,41.89971],[1.89669,41.89853],[1.8863,41.89926],[1.8863,41.90158],[1.88558,41.90274],[1.88036,41.90501],[1.88009,41.90647],[1.88116,41.90691],[1.88421,41.90615],[1.88567,41.90622],[1.88631,41.90906],[1.88585,41.90998],[1.88429,41.91098],[1.88341,41.91222],[1.88382,41.91369],[1.88602,41.91659],[1.88617,41.91764],[1.88587,41.92063],[1.88324,41.9229],[1.88291,41.92385],[1.8832,41.92524],[1.88261,41.92604],[1.88545,41.93179],[1.88497,41.93591],[1.88569,41.93765],[1.89005,41.93744],[1.89183,41.93825],[1.89723,41.93858],[1.8983,41.93983],[1.8982,41.94048],[1.89407,41.94191],[1.89625,41.94369],[1.89766,41.9438],[1.89866,41.94484],[1.89919,41.94459],[1.89975,41.94332],[1.90033,41.94329],[1.90153,41.94446],[1.90222,41.94445],[1.90443,41.94563],[1.90916,41.94956],[1.91658,41.95197],[1.92101,41.95401],[1.92188,41.95455],[1.92595,41.95928],[1.93632,41.96523],[1.94887,41.96536],[1.95171,41.96726],[1.95476,41.96646]]]]}},{"type":"Feature","properties":{"cp":"08673","municipio":"Viver i Serrateix"},"geometry":{"type":"MultiPolygon","coordinates":[[[[1.77845,41.99859],[1.77945,41.99806],[1.78049,41.99812],[1.78536,42.00093],[1.79146,42.00099],[1.79195,41.99911],[1.79171,41.99846],[1.78954,41.99681],[1.78964,41.99519],[1.78701,41.99437],[1.78697,41.99328],[1.78777,41.9906],[1.78912,41.988],[1.79016,41.98747],[1.79215,41.98472],[1.79551,41.98516],[1.79693,41.98711],[1.79789,41.98926],[1.79843,41.98994],[1.79939,41.99013],[1.79938,41.9909],[1.80017,41.99095],[1.80147,41.99187],[1.80435,41.99149],[1.80486,41.99224],[1.80777,41.99252],[1.80928,41.98401],[1.80752,41.97869],[1.81149,41.97717],[1.81846,41.97683],[1.82067,41.97508],[1.82159,41.97511],[1.82249,41.97618],[1.82687,41.97478],[1.827,41.97442],[1.83177,41.97245],[1.83208,41.97176],[1.83155,41.97112],[1.83201,41.97016],[1.83427,41.97072],[1.83493,41.97047],[1.83629,41.96873],[1.83627,41.96693],[1.83654,41.96676],[1.83768,41.96694],[1.83895,41.96801],[1.83958,41.96797],[1.83984,41.96718],[1.83856,41.96596],[1.83864,41.96563],[1.84162,41.96168],[1.844,41.95978],[1.84378,41.95696],[1.84408,41.95669],[1.84753,41.957],[1.8476,41.9561],[1.84582,41.95507],[1.84579,41.95457],[1.84723,41.95296],[1.84965,41.95303],[1.85021,41.95246],[1.85018,41.95172],[1.84941,41.95086],[1.8515,41.94855],[1.85047,41.94752],[1.85043,41.9467],[1.85386,41.94618],[1.85411,41.94571],[1.85376,41.94444],[1.85479,41.94405],[1.85534,41.94201],[1.85842,41.94144],[1.85871,41.94103],[1.85589,41.93884],[1.84821,41.9379],[1.85094,41.93479],[1.86388,41.91676],[1.84774,41.91628],[1.84796,41.91232],[1.84709,41.90963],[1.8462,41.90903],[1.84598,41.9084],[1.84801,41.90673],[1.84724,41.90479],[1.84698,41.90285],[1.84918,41.90224],[1.84948,41.90171],[1.84783,41.90046],[1.847,41.89867],[1.84516,41.89744],[1.84491,41.89786],[1.84542,41.89902],[1.84511,41.89959],[1.84138,41.89989],[1.84059,41.90034],[1.84073,41.90179],[1.83967,41.90281],[1.84209,41.90687],[1.84179,41.9087],[1.8391,41.90979],[1.83348,41.9107],[1.83206,41.91305],[1.83184,41.91468],[1.82677,41.91657],[1.82314,41.92076],[1.8162,41.92375],[1.80966,41.92577],[1.80521,41.92368],[1.79995,41.9193],[1.79726,41.91988],[1.78739,41.9197],[1.77625,41.91497],[1.76645,41.91212],[1.76483,41.91357],[1.76447,41.91699],[1.76236,41.9181],[1.76004,41.91607],[1.7549,41.92187],[1.75421,41.92038],[1.75308,41.91973],[1.75098,41.91693],[1.74186,41.91632],[1.73434,41.91704],[1.73039,41.91886],[1.73405,41.92441],[1.73323,41.9253],[1.72854,41.92774],[1.72486,41.92807],[1.72366,41.92939],[1.72203,41.92992],[1.72164,41.9308],[1.71954,41.93148],[1.71942,41.93208],[1.72018,41.93228],[1.71934,41.93577],[1.71987,41.93733],[1.71909,41.9378],[1.71739,41.94133],[1.72272,41.94398],[1.7274,41.94535],[1.7362,41.94022],[1.74052,41.94185],[1.74405,41.94408],[1.74392,41.94612],[1.74596,41.94631],[1.74743,41.94334],[1.74911,41.94353],[1.74952,41.94577],[1.752,41.94673],[1.75193,41.94751],[1.74985,41.94822],[1.75029,41.94951],[1.75155,41.9494],[1.75266,41.94996],[1.75344,41.95162],[1.75263,41.95352],[1.75455,41.95499],[1.75318,41.95684],[1.75556,41.95786],[1.75486,41.95971],[1.75406,41.96029],[1.75575,41.96375],[1.755,41.96567],[1.75193,41.96586],[1.75041,41.96747],[1.75195,41.96893],[1.75128,41.97209],[1.7502,41.97421],[1.75198,41.97442],[1.7515,41.97678],[1.75289,41.97771],[1.75428,41.98167],[1.75596,41.98269],[1.76355,41.98548],[1.76451,41.98825],[1.76541,41.98769],[1.76607,41.98793],[1.76758,41.98752],[1.76923,41.98889],[1.77126,41.98956],[1.77537,41.992],[1.77555,41.99322],[1.77473,41.99367],[1.7751,41.99511],[1.77315,41.99863],[1.7729,42.0017],[1.77646,41.99904],[1.77845,41.99859]]]]}},{"type":"Feature","properties":{"cp":"08680","municipio":"Gironella"},"geometry":{"type":"MultiPolygon","coordinates":[[[[1.88007,42.03939],[1.87843,42.04215],[1.8854,42.04543],[1.90225,42.03608],[1.89936,42.0325],[1.89926,42.02756],[1.89125,42.0214],[1.89111,42.01643],[1.88941,42.01427],[1.88845,42.00223],[1.88389,42.00245],[1.88365,42.00378],[1.8844,42.00559],[1.88141,42.00843],[1.87801,42.01357],[1.87075,42.02226],[1.86678,42.02621],[1.86896,42.03063],[1.87894,42.03709],[1.87989,42.03789],[1.87905,42.03861],[1.88007,42.03939]]],[[[1.86259,42.00337],[1.86648,42.02388],[1.83792,42.0464],[1.83901,42.04743],[1.83924,42.04975],[1.84377,42.04742],[1.84722,42.04469],[1.85626,42.03991],[1.85859,42.04248],[1.86105,42.04606],[1.86653,42.05035],[1.87145,42.04857],[1.87258,42.04776],[1.87786,42.04141],[1.87905,42.03861],[1.87989,42.03789],[1.86896,42.03063],[1.86678,42.02621],[1.87075,42.02226],[1.87801,42.01357],[1.88141,42.00843],[1.8844,42.00559],[1.88361,42.0031],[1.88389,42.00245],[1.88506,42.00236],[1.88463,42.00139],[1.88486,42.00038],[1.8877,41.998],[1.88796,41.99693],[1.88761,41.99548],[1.88577,41.99332],[1.88344,41.99354],[1.88113,41.99507],[1.87836,41.99579],[1.87594,41.9976],[1.87355,41.99816],[1.86259,42.00337]]]]}},{"type":"Feature","properties":{"cp":"08690","municipio":"Santa Coloma de Cervelló"},"geometry":{"type":"MultiPolygon","coordinates":[[[[2.03211,41.36131],[2.03083,41.36048],[2.02996,41.35916],[2.02482,41.3569],[2.02322,41.35696],[2.02293,41.35922],[2.02195,41.35923],[2.02159,41.35977],[2.01972,41.36019],[2.01765,41.35847],[2.01927,41.35733],[2.01608,41.35457],[2.01259,41.35622],[2.01227,41.35681],[2.00724,41.35707],[1.99918,41.35615],[1.99811,41.35644],[1.99917,41.36034],[1.99803,41.36397],[2.00116,41.36534],[2.00312,41.36946],[1.9999,41.37167],[2.00246,41.37751],[2.00226,41.37792],[2.00752,41.3793],[2.00962,41.37881],[2.01539,41.37969],[2.02676,41.38328],[2.02705,41.38264],[2.02692,41.37999],[2.02963,41.37799],[2.03127,41.37439],[2.03551,41.37095],[2.03762,41.36872],[2.04335,41.36676],[2.04814,41.36254],[2.04829,41.36168],[2.04458,41.36144],[2.04435,41.36196],[2.03215,41.36105],[2.03211,41.36131]]]]}},{"type":"Feature","properties":{"cp":"08691","municipio":"Monistrol de Montserrat"},"geometry":{"type":"MultiPolygon","coordinates":[[[[1.84538,41.59146],[1.84389,41.60093],[1.82746,41.60697],[1.83006,41.61213],[1.82312,41.61013],[1.82297,41.61155],[1.82357,41.61207],[1.82479,41.61553],[1.82286,41.61462],[1.82297,41.61824],[1.82671,41.62167],[1.83093,41.62399],[1.83603,41.62525],[1.83646,41.62495],[1.84094,41.62527],[1.84131,41.62436],[1.84236,41.62455],[1.84543,41.6241],[1.84628,41.6228],[1.84828,41.62242],[1.85078,41.62307],[1.85327,41.62224],[1.85412,41.62322],[1.85708,41.62437],[1.86029,41.62378],[1.86285,41.61929],[1.86457,41.61814],[1.86288,41.61677],[1.86255,41.61538],[1.86317,41.61358],[1.86228,41.61328],[1.86145,41.61119],[1.86168,41.60845],[1.86091,41.60711],[1.86178,41.60257],[1.86394,41.59807],[1.86402,41.59476],[1.86336,41.59233],[1.85042,41.59085],[1.8464,41.59167],[1.84538,41.59146]]]]}},{"type":"Feature","properties":{"cp":"08692","municipio":"Puig-reig"},"geometry":{"type":"MultiPolygon","coordinates":[[[[1.86259,42.00337],[1.87355,41.99816],[1.87594,41.9976],[1.87836,41.99579],[1.88113,41.99507],[1.88344,41.99354],[1.88577,41.99332],[1.88789,41.99617],[1.8879,41.99749],[1.88741,41.99843],[1.8847,42.00072],[1.88506,42.00236],[1.89107,41.99839],[1.89658,41.99721],[1.89214,41.98809],[1.89228,41.97837],[1.90062,41.97695],[1.90738,41.97907],[1.91336,41.98407],[1.9223,41.98656],[1.92575,41.98715],[1.9256,41.98645],[1.92494,41.98591],[1.92312,41.98512],[1.92085,41.98151],[1.91949,41.98108],[1.91876,41.97958],[1.91636,41.97792],[1.91641,41.97703],[1.91715,41.9761],[1.91689,41.97552],[1.91534,41.9745],[1.91481,41.97327],[1.914,41.97295],[1.91232,41.97372],[1.91164,41.9715],[1.91285,41.96964],[1.90727,41.96749],[1.90749,41.96687],[1.90874,41.96591],[1.91527,41.9642],[1.91119,41.96091],[1.9061,41.9582],[1.9059,41.95231],[1.90549,41.95032],[1.90419,41.94948],[1.90116,41.94859],[1.90115,41.94825],[1.90401,41.94695],[1.9042,41.94669],[1.90371,41.94599],[1.90033,41.94329],[1.89975,41.94332],[1.89919,41.94459],[1.89866,41.94484],[1.89766,41.9438],[1.89625,41.94369],[1.89421,41.94214],[1.89415,41.9417],[1.8982,41.94048],[1.8983,41.93983],[1.89723,41.93858],[1.89183,41.93825],[1.88942,41.9374],[1.88626,41.93779],[1.88535,41.93724],[1.88497,41.93591],[1.88545,41.93179],[1.88261,41.92604],[1.8832,41.92524],[1.88291,41.92385],[1.88324,41.9229],[1.88563,41.92104],[1.88599,41.91996],[1.86943,41.91819],[1.86388,41.91676],[1.85094,41.93479],[1.84821,41.9379],[1.85589,41.93884],[1.85871,41.94103],[1.85842,41.94144],[1.85534,41.94201],[1.85479,41.94405],[1.85376,41.94444],[1.85411,41.94571],[1.85386,41.94618],[1.85043,41.9467],[1.85047,41.94752],[1.8515,41.94855],[1.84941,41.95086],[1.85018,41.95172],[1.85021,41.95246],[1.84965,41.95303],[1.84723,41.95296],[1.84579,41.95457],[1.84582,41.95507],[1.8476,41.9561],[1.84753,41.957],[1.84408,41.95669],[1.84378,41.95696],[1.844,41.95978],[1.84162,41.96168],[1.83864,41.96563],[1.83856,41.96596],[1.83984,41.96718],[1.83958,41.96797],[1.83895,41.96801],[1.83768,41.96694],[1.83654,41.96676],[1.83627,41.96693],[1.83629,41.96873],[1.83493,41.97047],[1.83427,41.97072],[1.83201,41.97016],[1.83155,41.97112],[1.83208,41.97176],[1.83177,41.97245],[1.827,41.97442],[1.82729,41.97559],[1.82693,41.97622],[1.82493,41.97618],[1.82452,41.97658],[1.82563,41.98103],[1.82413,41.98191],[1.82408,41.98537],[1.82242,41.98657],[1.82211,41.9878],[1.82097,41.98834],[1.82073,41.98962],[1.82021,41.99012],[1.82107,41.99695],[1.82149,41.99796],[1.83823,42.00283],[1.85217,42.00806],[1.86259,42.00337]]]]}},{"type":"Feature","properties":{"cp":"08693","municipio":"Casserres"},"geometry":{"type":"MultiPolygon","coordinates":[[[[1.83792,42.0464],[1.86648,42.02388],[1.86259,42.00337],[1.85217,42.00806],[1.83823,42.00283],[1.82149,41.99796],[1.82107,41.99695],[1.82021,41.99012],[1.82073,41.98962],[1.82097,41.98834],[1.82211,41.9878],[1.82242,41.98657],[1.82408,41.98537],[1.82413,41.98191],[1.82536,41.98139],[1.82569,41.98041],[1.82457,41.97769],[1.82452,41.97658],[1.82493,41.97618],[1.82693,41.97622],[1.82729,41.97559],[1.82687,41.97478],[1.82249,41.97618],[1.82159,41.97511],[1.82067,41.97508],[1.81846,41.97683],[1.81149,41.97717],[1.80752,41.97869],[1.80928,41.98401],[1.80777,41.99252],[1.80659,41.99229],[1.80835,41.99811],[1.80742,41.99908],[1.80674,42.00082],[1.80458,42.00173],[1.80442,42.00338],[1.80382,42.00437],[1.80452,42.00742],[1.80341,42.00771],[1.80222,42.01061],[1.80009,42.01282],[1.80833,42.01797],[1.80539,42.02296],[1.81258,42.0314],[1.81422,42.03268],[1.81928,42.03157],[1.8228,42.03159],[1.82533,42.0402],[1.8269,42.04378],[1.82793,42.04361],[1.83011,42.04205],[1.83085,42.04203],[1.83238,42.0434],[1.83353,42.04369],[1.8335,42.04505],[1.83525,42.04656],[1.83792,42.0464]]]]}},{"type":"Feature","properties":{"cp":"08694","municipio":"Guardiola de Berguedà"},"geometry":{"type":"MultiPolygon","coordinates":[[[[1.79887,42.29413],[1.79728,42.2948],[1.79767,42.29541],[1.79698,42.29745],[1.80006,42.30012],[1.80448,42.30203],[1.80883,42.30156],[1.81257,42.30164],[1.81315,42.30224],[1.8146,42.30226],[1.81841,42.29951],[1.81948,42.29993],[1.82171,42.29945],[1.82251,42.3],[1.82571,42.29976],[1.82645,42.2993],[1.8281,42.3005],[1.83277,42.30124],[1.8329,42.30184],[1.83459,42.3034],[1.83452,42.30405],[1.83555,42.30433],[1.83732,42.30562],[1.84094,42.30561],[1.85056,42.31068],[1.85379,42.31022],[1.85653,42.31094],[1.85782,42.31067],[1.85921,42.31185],[1.86044,42.3121],[1.86142,42.31315],[1.86386,42.31098],[1.86574,42.31221],[1.86707,42.31213],[1.87371,42.31357],[1.87524,42.3106],[1.87576,42.30829],[1.875,42.30568],[1.87609,42.30473],[1.87534,42.30162],[1.87483,42.301],[1.87537,42.30036],[1.8749,42.30008],[1.87991,42.29211],[1.88239,42.28479],[1.88035,42.28285],[1.87938,42.28089],[1.87631,42.28009],[1.872,42.28041],[1.86801,42.28159],[1.86326,42.28102],[1.86042,42.27999],[1.85919,42.27906],[1.85347,42.27642],[1.8508,42.27562],[1.8498,42.27665],[1.84727,42.27724],[1.84782,42.2778],[1.84338,42.28061],[1.83544,42.28294],[1.83468,42.2836],[1.83468,42.28431],[1.8305,42.28577],[1.82587,42.28618],[1.82239,42.28549],[1.81948,42.28334],[1.817,42.28244],[1.81257,42.28619],[1.80443,42.28938],[1.80056,42.29323],[1.79887,42.29413]]],[[[1.82808,42.21236],[1.82748,42.21259],[1.83091,42.21402],[1.83325,42.21565],[1.83358,42.21613],[1.83324,42.218],[1.83511,42.21919],[1.83613,42.21815],[1.84191,42.21807],[1.84148,42.22257],[1.84221,42.22279],[1.84381,42.22225],[1.84607,42.22363],[1.846,42.22414],[1.84327,42.22345],[1.842,42.2242],[1.8412,42.22556],[1.83749,42.22494],[1.83595,42.22526],[1.83708,42.22659],[1.837,42.22744],[1.83472,42.22867],[1.83625,42.22987],[1.83613,42.23084],[1.83659,42.23175],[1.84164,42.23617],[1.84552,42.23713],[1.84854,42.23564],[1.84931,42.23584],[1.85125,42.23457],[1.85461,42.234],[1.85622,42.23439],[1.86067,42.23438],[1.86112,42.23477],[1.86308,42.23371],[1.86627,42.23553],[1.86867,42.23595],[1.86963,42.23536],[1.87172,42.23508],[1.87234,42.23598],[1.87007,42.2375],[1.87075,42.23829],[1.87241,42.2391],[1.87677,42.23608],[1.87742,42.23688],[1.87757,42.23818],[1.87718,42.23909],[1.87711,42.2421],[1.87687,42.2427],[1.87603,42.24283],[1.87666,42.24333],[1.87294,42.24421],[1.87797,42.24907],[1.87964,42.25002],[1.87919,42.25159],[1.88186,42.25303],[1.88264,42.25665],[1.88027,42.25971],[1.88016,42.26203],[1.88071,42.26268],[1.8808,42.26413],[1.88214,42.26493],[1.88299,42.26487],[1.88424,42.26674],[1.88536,42.26699],[1.88642,42.26791],[1.89121,42.27045],[1.89194,42.27493],[1.89554,42.27917],[1.89745,42.27868],[1.89697,42.28156],[1.89633,42.28212],[1.89754,42.28286],[1.89815,42.28482],[1.89838,42.28775],[1.89786,42.28811],[1.8997,42.29427],[1.90067,42.29587],[1.90175,42.29659],[1.90299,42.29674],[1.91258,42.29722],[1.91473,42.2981],[1.91859,42.30065],[1.92561,42.29943],[1.93392,42.29642],[1.9355,42.29662],[1.93783,42.29757],[1.94003,42.30222],[1.94137,42.29966],[1.9445,42.297],[1.95005,42.29452],[1.95043,42.29386],[1.95004,42.29216],[1.94986,42.28673],[1.95316,42.28242],[1.95296,42.27854],[1.95048,42.27667],[1.947,42.27662],[1.9454,42.27436],[1.94578,42.27336],[1.94465,42.26853],[1.94579,42.26797],[1.94352,42.26405],[1.94505,42.26164],[1.94494,42.25936],[1.9387,42.25962],[1.93662,42.25843],[1.93658,42.25772],[1.93455,42.25545],[1.9344,42.25455],[1.92976,42.25257],[1.92142,42.25047],[1.92228,42.24952],[1.91814,42.24853],[1.91432,42.24685],[1.91504,42.24536],[1.91432,42.22885],[1.91287,42.22996],[1.91107,42.22912],[1.90996,42.23024],[1.90855,42.23068],[1.90695,42.23044],[1.90568,42.23094],[1.90191,42.22997],[1.89913,42.23014],[1.89645,42.22941],[1.89491,42.23557],[1.89363,42.23399],[1.89166,42.23364],[1.88984,42.23382],[1.89009,42.23314],[1.88976,42.23274],[1.88884,42.23259],[1.88859,42.23314],[1.88466,42.2318],[1.87942,42.22818],[1.87968,42.22693],[1.87735,42.22459],[1.87659,42.22184],[1.87553,42.22031],[1.87709,42.21956],[1.87959,42.21948],[1.88145,42.21826],[1.88233,42.21706],[1.88694,42.21643],[1.88994,42.21381],[1.89033,42.21142],[1.88855,42.2093],[1.88521,42.20957],[1.88136,42.20828],[1.87837,42.20503],[1.87596,42.20404],[1.87415,42.20376],[1.87344,42.20317],[1.87192,42.20341],[1.87092,42.20274],[1.86832,42.20265],[1.86887,42.20005],[1.86838,42.1972],[1.86931,42.1965],[1.87031,42.19682],[1.87086,42.1962],[1.86782,42.19432],[1.86746,42.19375],[1.86844,42.19185],[1.86795,42.18981],[1.86651,42.18715],[1.86537,42.18631],[1.86133,42.18676],[1.86,42.18726],[1.85714,42.18961],[1.85598,42.19142],[1.85096,42.1953],[1.85068,42.19581],[1.85148,42.19593],[1.85274,42.19909],[1.85181,42.19968],[1.85263,42.20163],[1.85322,42.20527],[1.85241,42.20533],[1.85216,42.20732],[1.8503,42.20772],[1.8483,42.20938],[1.84664,42.20983],[1.84637,42.21046],[1.84234,42.211],[1.83848,42.21249],[1.83151,42.21316],[1.82808,42.21236]]],[[[1.88148,42.21809],[1.87955,42.2195],[1.87709,42.21956],[1.87553,42.22031],[1.87659,42.22184],[1.87735,42.22459],[1.87968,42.22693],[1.87942,42.22818],[1.88466,42.2318],[1.88859,42.23314],[1.88884,42.23259],[1.88976,42.23274],[1.89009,42.23314],[1.88984,42.23382],[1.89166,42.23364],[1.89363,42.23399],[1.89491,42.23557],[1.89645,42.22941],[1.89913,42.23014],[1.90191,42.22997],[1.9058,42.23094],[1.90695,42.23044],[1.90855,42.23068],[1.90996,42.23024],[1.91107,42.22912],[1.91287,42.22996],[1.91432,42.22885],[1.91753,42.22895],[1.91825,42.22815],[1.91974,42.22822],[1.92281,42.2272],[1.92363,42.22736],[1.92431,42.22847],[1.92626,42.22911],[1.92952,42.22898],[1.93369,42.22645],[1.93608,42.22372],[1.93633,42.21868],[1.93805,42.21719],[1.93777,42.21666],[1.93825,42.21526],[1.93751,42.21297],[1.93377,42.21117],[1.93472,42.20386],[1.92577,42.20249],[1.92064,42.2048],[1.91964,42.20491],[1.91884,42.20599],[1.91735,42.20653],[1.91364,42.20637],[1.90795,42.20683],[1.90452,42.20646],[1.89907,42.20724],[1.89744,42.20686],[1.89583,42.2074],[1.89152,42.20783],[1.88823,42.20926],[1.88916,42.20989],[1.8904,42.21165],[1.88999,42.2137],[1.88945,42.21439],[1.88684,42.21649],[1.88233,42.21706],[1.88148,42.21809]]]]}},{"type":"Feature","properties":{"cp":"08695","municipio":"Bagà"},"geometry":{"type":"MultiPolygon","coordinates":[[[[1.67408,42.2802],[1.67212,42.2802],[1.67031,42.2817],[1.67506,42.2859],[1.68617,42.28515],[1.68935,42.28545],[1.69103,42.2863],[1.69166,42.28447],[1.69621,42.28586],[1.70236,42.28488],[1.7084,42.28604],[1.70898,42.2865],[1.7111,42.28668],[1.71558,42.28805],[1.71673,42.28735],[1.71768,42.28447],[1.71922,42.28401],[1.71834,42.27999],[1.71199,42.27861],[1.70999,42.27901],[1.70108,42.27728],[1.69136,42.27743],[1.68804,42.27642],[1.68695,42.2772],[1.68417,42.27623],[1.6826,42.27785],[1.6782,42.27897],[1.67499,42.28036],[1.67408,42.2802]]],[[[1.76275,42.25399],[1.76272,42.25704],[1.75956,42.25871],[1.75828,42.26083],[1.75653,42.26069],[1.75318,42.26227],[1.74448,42.26212],[1.74078,42.26128],[1.74186,42.26492],[1.73536,42.26461],[1.73736,42.26813],[1.73845,42.26932],[1.7383,42.27013],[1.73071,42.28062],[1.71834,42.27999],[1.71922,42.28401],[1.721,42.28349],[1.72312,42.28349],[1.72683,42.28406],[1.72932,42.28348],[1.73433,42.284],[1.73784,42.28799],[1.7381,42.2893],[1.74073,42.29059],[1.74487,42.29049],[1.74504,42.2908],[1.75771,42.29254],[1.76242,42.29379],[1.76916,42.29227],[1.77204,42.29229],[1.7755,42.29085],[1.779,42.29087],[1.77937,42.2914],[1.78337,42.2899],[1.78534,42.28956],[1.78879,42.28629],[1.78914,42.28512],[1.79103,42.28455],[1.79196,42.28576],[1.79599,42.28746],[1.7971,42.28752],[1.7992,42.28898],[1.80189,42.28621],[1.80593,42.28416],[1.80778,42.28368],[1.80794,42.28303],[1.81258,42.28133],[1.81305,42.28036],[1.81386,42.27983],[1.8182,42.27889],[1.8192,42.27773],[1.81985,42.27755],[1.82445,42.27896],[1.82531,42.28053],[1.82778,42.28056],[1.82919,42.28191],[1.8309,42.28206],[1.83274,42.2806],[1.83205,42.27736],[1.82866,42.274],[1.82869,42.27338],[1.8296,42.27218],[1.82954,42.27151],[1.82736,42.26778],[1.82767,42.26664],[1.82731,42.2654],[1.82771,42.26435],[1.82646,42.26328],[1.82504,42.25989],[1.8227,42.25642],[1.81943,42.25357],[1.8215,42.25229],[1.82678,42.25056],[1.82704,42.24928],[1.82581,42.24522],[1.82847,42.24419],[1.83128,42.24409],[1.83459,42.24313],[1.83796,42.24068],[1.83833,42.23997],[1.83978,42.23985],[1.84434,42.23799],[1.84482,42.23683],[1.84164,42.23617],[1.83659,42.23175],[1.83613,42.23084],[1.83625,42.22987],[1.83472,42.22867],[1.83354,42.22907],[1.83251,42.22894],[1.83205,42.22985],[1.83108,42.23026],[1.8298,42.22963],[1.82768,42.2298],[1.82504,42.23092],[1.82254,42.23116],[1.82239,42.23163],[1.82335,42.23244],[1.81864,42.23344],[1.81848,42.23401],[1.81887,42.23445],[1.81848,42.23475],[1.81575,42.23574],[1.81415,42.23568],[1.81372,42.23717],[1.81301,42.23727],[1.81219,42.23669],[1.81236,42.23806],[1.81193,42.23818],[1.81054,42.23713],[1.80999,42.23608],[1.80888,42.23647],[1.80847,42.23814],[1.80772,42.238],[1.80776,42.23728],[1.80591,42.23821],[1.80573,42.23952],[1.80345,42.2385],[1.80271,42.23977],[1.80153,42.23963],[1.80099,42.24059],[1.79977,42.24097],[1.79963,42.24039],[1.79796,42.2404],[1.79682,42.24103],[1.79371,42.24033],[1.79267,42.24095],[1.79181,42.24068],[1.79097,42.24124],[1.78767,42.24157],[1.76048,42.24823],[1.76111,42.2521],[1.76275,42.25399]]],[[[1.9342,42.31794],[1.93929,42.31647],[1.94212,42.31233],[1.94325,42.30846],[1.94059,42.30472],[1.93967,42.30125],[1.93873,42.30001],[1.93783,42.29757],[1.9355,42.29662],[1.93392,42.29642],[1.92561,42.29943],[1.91859,42.30065],[1.91473,42.2981],[1.91258,42.29722],[1.90299,42.29674],[1.90175,42.29659],[1.90067,42.29587],[1.8997,42.29427],[1.89786,42.28811],[1.89838,42.28775],[1.89815,42.28482],[1.89754,42.28286],[1.89633,42.28212],[1.89697,42.28156],[1.89745,42.27868],[1.89554,42.27917],[1.89194,42.27493],[1.89121,42.27045],[1.88642,42.26791],[1.88536,42.26699],[1.88424,42.26674],[1.88299,42.26487],[1.88214,42.26493],[1.8808,42.26413],[1.88071,42.26268],[1.88016,42.26203],[1.88027,42.25971],[1.88264,42.25665],[1.88186,42.25303],[1.87919,42.25159],[1.87964,42.25002],[1.87797,42.24907],[1.87294,42.24421],[1.87666,42.24333],[1.87603,42.24283],[1.87687,42.2427],[1.87711,42.2421],[1.87742,42.23688],[1.87677,42.23608],[1.87241,42.2391],[1.87075,42.23829],[1.87007,42.2375],[1.87234,42.23598],[1.87172,42.23508],[1.86963,42.23536],[1.86867,42.23595],[1.86627,42.23553],[1.86308,42.23371],[1.86112,42.23477],[1.86067,42.23438],[1.85622,42.23439],[1.85461,42.234],[1.85125,42.23457],[1.84931,42.23584],[1.84854,42.23564],[1.84552,42.23713],[1.84482,42.23683],[1.84434,42.23799],[1.84277,42.23884],[1.83833,42.23997],[1.83796,42.24068],[1.83459,42.24313],[1.83128,42.24409],[1.82847,42.24419],[1.82581,42.24522],[1.82704,42.24928],[1.82678,42.25056],[1.8215,42.25229],[1.81943,42.25357],[1.8227,42.25642],[1.82504,42.25989],[1.82646,42.26328],[1.82771,42.26435],[1.82731,42.2654],[1.82767,42.26664],[1.82736,42.26778],[1.82954,42.27151],[1.8296,42.27218],[1.82869,42.27338],[1.82866,42.274],[1.83205,42.27736],[1.83274,42.2806],[1.8309,42.28206],[1.82919,42.28191],[1.82778,42.28056],[1.82531,42.28053],[1.82445,42.27896],[1.81985,42.27755],[1.8192,42.27773],[1.8182,42.27889],[1.81386,42.27983],[1.81305,42.28036],[1.81258,42.28133],[1.80794,42.28303],[1.80778,42.28368],[1.80593,42.28416],[1.80189,42.28621],[1.7992,42.28898],[1.7971,42.28752],[1.79599,42.28746],[1.79196,42.28576],[1.79103,42.28455],[1.78914,42.28512],[1.78879,42.28629],[1.78534,42.28956],[1.78337,42.2899],[1.77937,42.2914],[1.78177,42.29331],[1.78522,42.2936],[1.78727,42.29468],[1.79291,42.29397],[1.79728,42.2948],[1.80056,42.29323],[1.80443,42.28938],[1.81257,42.28619],[1.817,42.28244],[1.81948,42.28334],[1.82239,42.28549],[1.82587,42.28618],[1.8305,42.28577],[1.83468,42.28431],[1.83468,42.2836],[1.83544,42.28294],[1.84338,42.28061],[1.84782,42.2778],[1.84727,42.27724],[1.8498,42.27665],[1.8508,42.27562],[1.85347,42.27642],[1.85919,42.27906],[1.86042,42.27999],[1.86326,42.28102],[1.86801,42.28159],[1.872,42.28041],[1.87631,42.28009],[1.87938,42.28089],[1.88035,42.28285],[1.88202,42.28415],[1.88239,42.28479],[1.87991,42.29211],[1.8749,42.30008],[1.87537,42.30036],[1.87483,42.301],[1.87534,42.30162],[1.87609,42.30473],[1.875,42.30568],[1.87576,42.30829],[1.87524,42.3106],[1.87371,42.31357],[1.87521,42.31362],[1.87915,42.31267],[1.88171,42.31425],[1.88213,42.31488],[1.88306,42.31485],[1.88375,42.31582],[1.88344,42.31713],[1.88579,42.31783],[1.89113,42.31737],[1.89312,42.31869],[1.89288,42.3209],[1.90312,42.3233],[1.90653,42.3225],[1.90734,42.32157],[1.91255,42.31898],[1.92118,42.317],[1.93164,42.31875],[1.9329,42.31868],[1.9342,42.31794]]]]}},{"type":"Feature","properties":{"cp":"08696","municipio":"Castellar de n'Hug"},"geometry":{"type":"MultiPolygon","coordinates":[[[[1.95015,42.29065],[1.95043,42.29386],[1.95005,42.29452],[1.9445,42.297],[1.94137,42.29966],[1.94003,42.30222],[1.94059,42.30472],[1.94311,42.30803],[1.94463,42.31091],[1.94671,42.31216],[1.9487,42.31563],[1.94951,42.31566],[1.95166,42.31496],[1.9562,42.31229],[1.97032,42.30327],[1.97734,42.30146],[1.98383,42.29807],[1.98431,42.29939],[1.98653,42.30031],[1.99103,42.30072],[1.99209,42.30025],[1.99354,42.3013],[1.99331,42.3026],[1.99633,42.30396],[1.99878,42.30413],[2.00094,42.30511],[2.00228,42.30511],[2.00517,42.3065],[2.00582,42.3076],[2.0072,42.30687],[2.00989,42.30717],[2.01263,42.30834],[2.01397,42.30752],[2.01476,42.30757],[2.01692,42.30882],[2.01852,42.31031],[2.02369,42.30917],[2.02627,42.30711],[2.02824,42.30625],[2.0339,42.30624],[2.03595,42.305],[2.03721,42.30541],[2.03798,42.30515],[2.04006,42.3021],[2.0436,42.30087],[2.04535,42.29984],[2.04766,42.29764],[2.0505,42.29633],[2.05341,42.29626],[2.05484,42.29551],[2.05704,42.29558],[2.06103,42.2939],[2.06347,42.29141],[2.0648,42.29123],[2.06634,42.29018],[2.06926,42.29193],[2.0699,42.29159],[2.06955,42.28772],[2.06914,42.28685],[2.0677,42.28568],[2.06694,42.28385],[2.05983,42.28255],[2.05739,42.28081],[2.05539,42.28094],[2.05235,42.27881],[2.05313,42.2781],[2.05146,42.27609],[2.05123,42.27565],[2.05152,42.27524],[2.05007,42.27472],[2.04842,42.27501],[2.04782,42.27369],[2.04709,42.27327],[2.04706,42.27268],[2.04663,42.27231],[2.04518,42.27253],[2.04223,42.26958],[2.04326,42.26801],[2.04179,42.26665],[2.04212,42.26569],[2.04071,42.26492],[2.04087,42.26332],[2.03975,42.26235],[2.0399,42.26053],[2.03861,42.2603],[2.03871,42.2597],[2.03799,42.25939],[2.03702,42.26003],[2.03595,42.25852],[2.03374,42.25882],[2.03214,42.25739],[2.03038,42.25695],[2.02961,42.25518],[2.02708,42.25332],[2.02867,42.25343],[2.0282,42.25251],[2.02671,42.25249],[2.02124,42.25569],[2.01693,42.2571],[2.01269,42.25635],[2.00702,42.25456],[2.0078,42.25244],[2.00756,42.25217],[2.00226,42.25416],[2.00213,42.25573],[1.99917,42.25778],[1.98116,42.25717],[1.97722,42.25775],[1.97446,42.25723],[1.97076,42.25883],[1.96985,42.25825],[1.96453,42.25898],[1.96357,42.25948],[1.96246,42.25899],[1.96188,42.25939],[1.96011,42.25776],[1.95769,42.25711],[1.95126,42.25892],[1.94494,42.25936],[1.94505,42.26164],[1.94352,42.26405],[1.94579,42.26797],[1.94465,42.26853],[1.94578,42.27336],[1.9454,42.27436],[1.947,42.27662],[1.95048,42.27667],[1.95296,42.27854],[1.95316,42.28242],[1.94986,42.28673],[1.95015,42.29065]]],[[[1.92976,42.25257],[1.9344,42.25455],[1.93455,42.25545],[1.93658,42.25772],[1.93662,42.25843],[1.9387,42.25962],[1.95126,42.25892],[1.95769,42.25711],[1.96011,42.25776],[1.96188,42.25939],[1.96246,42.25899],[1.96357,42.25948],[1.96453,42.25898],[1.96985,42.25825],[1.97076,42.25883],[1.97446,42.25723],[1.97722,42.25775],[1.98116,42.25717],[1.99917,42.25778],[2.00213,42.25573],[2.00226,42.25416],[2.00756,42.25217],[2.0078,42.25244],[2.00702,42.25456],[2.01269,42.25635],[2.01693,42.2571],[2.02124,42.25569],[2.02671,42.25249],[2.0282,42.25251],[2.02829,42.25181],[2.02924,42.25138],[2.02743,42.24945],[2.02888,42.24855],[2.02897,42.24664],[2.02943,42.24643],[2.02914,42.24565],[2.02957,42.24496],[2.02789,42.24412],[2.029,42.24359],[2.02675,42.24222],[2.0278,42.24124],[2.0269,42.24127],[2.02638,42.24007],[2.02468,42.23985],[2.02504,42.2378],[2.02419,42.23715],[2.02509,42.23501],[2.0248,42.23325],[2.02063,42.23191],[2.01954,42.23246],[2.01671,42.23271],[2.01878,42.23074],[2.01938,42.22837],[2.02035,42.22828],[2.02081,42.22753],[2.02318,42.22733],[2.02267,42.22659],[2.02357,42.22623],[2.02376,42.22533],[2.02499,42.2242],[2.02456,42.22363],[2.02577,42.22303],[2.02569,42.22232],[2.02802,42.22034],[2.02928,42.21697],[2.03019,42.21587],[2.02199,42.2101],[2.01974,42.20953],[2.01625,42.20938],[2.01476,42.20853],[2.00951,42.20739],[2.00837,42.20627],[2.01054,42.20447],[2.00993,42.20215],[2.00921,42.20164],[2.00795,42.19951],[2.00889,42.19655],[2.0073,42.19407],[1.99081,42.19452],[1.98795,42.19513],[1.98773,42.19474],[1.98546,42.195],[1.97983,42.19661],[1.97822,42.19738],[1.97636,42.19907],[1.975,42.19839],[1.96994,42.19745],[1.9657,42.19908],[1.96408,42.19934],[1.95623,42.19938],[1.95405,42.2],[1.95158,42.20188],[1.94959,42.20281],[1.94902,42.20356],[1.94568,42.20475],[1.93863,42.20388],[1.93472,42.20386],[1.93377,42.21117],[1.93751,42.21297],[1.93825,42.21526],[1.93777,42.21666],[1.93805,42.21719],[1.93633,42.21868],[1.93608,42.22372],[1.93369,42.22645],[1.92952,42.22898],[1.92626,42.22911],[1.92431,42.22847],[1.92363,42.22736],[1.92281,42.2272],[1.91974,42.22822],[1.91825,42.22815],[1.91753,42.22895],[1.91432,42.22885],[1.91504,42.24536],[1.91432,42.24685],[1.91814,42.24853],[1.92228,42.24952],[1.92142,42.25047],[1.92976,42.25257]]]]}},{"type":"Feature","properties":{"cp":"08697","municipio":"Saldes"},"geometry":{"type":"MultiPolygon","coordinates":[[[[1.76291,42.25505],[1.76275,42.25399],[1.76111,42.2521],[1.76048,42.24823],[1.78767,42.24157],[1.79097,42.24124],[1.79181,42.24068],[1.79267,42.24095],[1.79371,42.24033],[1.79682,42.24103],[1.79796,42.2404],[1.79963,42.24039],[1.80005,42.23949],[1.7999,42.2386],[1.79747,42.23686],[1.79588,42.23484],[1.79538,42.23181],[1.79622,42.22921],[1.79487,42.22524],[1.79302,42.2229],[1.79246,42.22111],[1.79267,42.22034],[1.79192,42.21969],[1.79114,42.21548],[1.78929,42.21231],[1.78725,42.21059],[1.78801,42.2073],[1.78737,42.20696],[1.7844,42.20777],[1.78119,42.20695],[1.7763,42.20697],[1.7712,42.20634],[1.77012,42.20319],[1.77082,42.20153],[1.76839,42.19549],[1.76869,42.19422],[1.76929,42.19349],[1.77111,42.19303],[1.77222,42.1912],[1.77632,42.18959],[1.77689,42.18815],[1.77696,42.18639],[1.77663,42.18573],[1.77283,42.18331],[1.76915,42.18149],[1.76331,42.18221],[1.75951,42.17933],[1.75739,42.17969],[1.75537,42.17924],[1.75478,42.18212],[1.7519,42.18411],[1.74683,42.18611],[1.74319,42.18832],[1.74222,42.18858],[1.74006,42.18831],[1.73736,42.1897],[1.73407,42.19006],[1.73369,42.19118],[1.73032,42.19206],[1.72623,42.19445],[1.72304,42.19516],[1.72152,42.1962],[1.71446,42.1928],[1.71381,42.19088],[1.71316,42.19048],[1.7074,42.19003],[1.68959,42.19909],[1.68896,42.20226],[1.68837,42.20242],[1.68704,42.206],[1.68528,42.20645],[1.68041,42.20634],[1.68376,42.21685],[1.6843,42.21759],[1.68393,42.21856],[1.68535,42.22079],[1.68396,42.22248],[1.68271,42.22238],[1.6816,42.22326],[1.68102,42.22432],[1.69443,42.22825],[1.6983,42.23029],[1.70026,42.23072],[1.70163,42.23532],[1.70262,42.23599],[1.7042,42.23621],[1.70314,42.2399],[1.70161,42.24],[1.70079,42.2406],[1.69881,42.24108],[1.69673,42.24501],[1.68981,42.24759],[1.68965,42.2517],[1.68925,42.25216],[1.68825,42.25227],[1.688,42.25451],[1.68459,42.25647],[1.68532,42.25851],[1.68541,42.26043],[1.68964,42.26234],[1.69506,42.26384],[1.69014,42.2771],[1.69136,42.27743],[1.70108,42.27728],[1.70999,42.27901],[1.71199,42.27861],[1.71834,42.27999],[1.73071,42.28062],[1.7383,42.27013],[1.73845,42.26932],[1.73736,42.26813],[1.73536,42.26461],[1.74186,42.26492],[1.74078,42.26128],[1.74448,42.26212],[1.75318,42.26227],[1.75653,42.26069],[1.75828,42.26083],[1.75956,42.25871],[1.76272,42.25704],[1.76252,42.25646],[1.76291,42.25505]]]]}},{"type":"Feature","properties":{"cp":"08698","municipio":"Cercs"},"geometry":{"type":"MultiPolygon","coordinates":[[[[1.86484,42.18636],[1.86629,42.18483],[1.86584,42.18357],[1.86828,42.18201],[1.87099,42.17542],[1.87213,42.17445],[1.86982,42.16981],[1.8709,42.16716],[1.87,42.16647],[1.86902,42.16444],[1.87161,42.15045],[1.87564,42.147],[1.87687,42.14429],[1.88147,42.13941],[1.88446,42.13703],[1.89,42.13488],[1.88805,42.12954],[1.88512,42.12726],[1.88098,42.12565],[1.88392,42.12507],[1.88703,42.12504],[1.8912,42.12595],[1.89374,42.11796],[1.89969,42.11812],[1.90217,42.11523],[1.90303,42.11589],[1.90523,42.1165],[1.92068,42.1108],[1.92016,42.1108],[1.91945,42.10714],[1.91793,42.10632],[1.9174,42.10507],[1.9177,42.1039],[1.91647,42.10189],[1.91343,42.10106],[1.91026,42.09719],[1.90845,42.09596],[1.90641,42.09671],[1.90343,42.0968],[1.89754,42.09572],[1.89495,42.09371],[1.89359,42.09316],[1.89159,42.09118],[1.8812,42.08634],[1.87965,42.08616],[1.88193,42.08901],[1.88365,42.0935],[1.88193,42.0954],[1.88675,42.09807],[1.88775,42.10029],[1.88409,42.1026],[1.87953,42.10353],[1.87747,42.10521],[1.87576,42.10497],[1.87559,42.10556],[1.87267,42.10585],[1.86658,42.1131],[1.86903,42.11379],[1.86959,42.11436],[1.87286,42.11421],[1.87377,42.11468],[1.87549,42.11475],[1.87661,42.11403],[1.88193,42.11422],[1.8807,42.11746],[1.87598,42.11794],[1.87528,42.12056],[1.87325,42.1212],[1.87071,42.12379],[1.8687,42.12418],[1.86344,42.12243],[1.86012,42.11921],[1.86007,42.11843],[1.8575,42.11697],[1.85701,42.1156],[1.84777,42.11763],[1.84721,42.11702],[1.84553,42.1177],[1.84125,42.11847],[1.83769,42.1202],[1.83454,42.1207],[1.83162,42.1218],[1.82741,42.12145],[1.8239,42.12178],[1.80251,42.13025],[1.79551,42.13439],[1.79178,42.1341],[1.78218,42.13493],[1.77978,42.13758],[1.77634,42.14288],[1.77792,42.1471],[1.79399,42.15263],[1.7956,42.15302],[1.79742,42.15247],[1.79898,42.15286],[1.80125,42.15182],[1.80475,42.15251],[1.80615,42.15215],[1.8072,42.15968],[1.81128,42.16195],[1.82873,42.16106],[1.83161,42.16411],[1.84392,42.16618],[1.84573,42.16762],[1.84513,42.1681],[1.84254,42.17404],[1.84495,42.17681],[1.8444,42.18227],[1.84551,42.1855],[1.84414,42.18993],[1.85096,42.1953],[1.85598,42.19142],[1.85714,42.18961],[1.86,42.18726],[1.86484,42.18636]]],[[[1.91191,42.18452],[1.91118,42.1829],[1.91108,42.18075],[1.91375,42.17579],[1.913,42.17278],[1.90512,42.15618],[1.90115,42.1461],[1.88914,42.13616],[1.89,42.13488],[1.88446,42.13703],[1.88004,42.14068],[1.87628,42.14509],[1.87564,42.147],[1.87161,42.15045],[1.86902,42.16444],[1.87,42.16647],[1.8709,42.16716],[1.86982,42.16981],[1.87213,42.17445],[1.87099,42.17542],[1.86828,42.18201],[1.86584,42.18357],[1.86629,42.18483],[1.86484,42.18636],[1.86537,42.18631],[1.86651,42.18715],[1.86795,42.18981],[1.86844,42.19185],[1.86746,42.19375],[1.86782,42.19432],[1.87086,42.1962],[1.87031,42.19682],[1.86931,42.1965],[1.86838,42.1972],[1.86887,42.20005],[1.86832,42.20265],[1.87092,42.20274],[1.87192,42.20341],[1.87395,42.20326],[1.87415,42.20376],[1.87837,42.20503],[1.88136,42.20828],[1.88521,42.20957],[1.88913,42.20904],[1.89245,42.20759],[1.89583,42.2074],[1.89744,42.20686],[1.89907,42.20724],[1.90452,42.20646],[1.90795,42.20683],[1.91806,42.20636],[1.91884,42.20599],[1.91964,42.20491],[1.92064,42.2048],[1.92577,42.20249],[1.92524,42.20164],[1.92412,42.20183],[1.92303,42.20085],[1.92123,42.19752],[1.91873,42.19551],[1.91732,42.19313],[1.9152,42.19221],[1.9109,42.18943],[1.91119,42.1859],[1.91191,42.18452]]],[[[1.73498,42.15782],[1.73433,42.15936],[1.73611,42.16088],[1.73644,42.16274],[1.73592,42.17098],[1.73753,42.17466],[1.73907,42.17653],[1.7371,42.1788],[1.73604,42.18162],[1.73626,42.18349],[1.73801,42.18501],[1.73678,42.18521],[1.73784,42.18845],[1.7377,42.18945],[1.74006,42.18831],[1.74222,42.18858],[1.74319,42.18832],[1.74683,42.18611],[1.75291,42.18357],[1.75478,42.18212],[1.75537,42.17924],[1.75739,42.17969],[1.75951,42.17933],[1.76331,42.18221],[1.76915,42.18149],[1.77604,42.18524],[1.77696,42.18639],[1.77689,42.18815],[1.77935,42.18952],[1.783,42.18918],[1.78378,42.18884],[1.78382,42.18798],[1.78597,42.1877],[1.78745,42.18662],[1.78817,42.18409],[1.79057,42.18267],[1.79578,42.18195],[1.79681,42.18214],[1.80054,42.18085],[1.80121,42.17947],[1.81467,42.18115],[1.81888,42.18218],[1.82272,42.1833],[1.82654,42.18502],[1.83418,42.18615],[1.83834,42.18746],[1.8434,42.18999],[1.84414,42.18993],[1.84551,42.1855],[1.8444,42.18227],[1.84495,42.17681],[1.84254,42.17404],[1.84513,42.1681],[1.84573,42.16762],[1.84392,42.16618],[1.83161,42.16411],[1.82873,42.16106],[1.81128,42.16195],[1.8072,42.15968],[1.80615,42.15215],[1.80475,42.15251],[1.80125,42.15182],[1.79898,42.15286],[1.79742,42.15247],[1.7956,42.15302],[1.79399,42.15263],[1.77792,42.1471],[1.77634,42.14288],[1.77091,42.14274],[1.76674,42.14351],[1.76511,42.14475],[1.76299,42.14516],[1.76072,42.14623],[1.74152,42.15653],[1.73543,42.15426],[1.7329,42.15583],[1.73464,42.15697],[1.73498,42.15782]]]]}},{"type":"Feature","properties":{"cp":"08699","municipio":"Vallcebre"},"geometry":{"type":"MultiPolygon","coordinates":[[[[1.78769,42.20819],[1.78725,42.21059],[1.78929,42.21231],[1.79114,42.21548],[1.79192,42.21969],[1.79267,42.22034],[1.79246,42.22111],[1.79302,42.2229],[1.79487,42.22524],[1.79622,42.22921],[1.79538,42.23181],[1.79588,42.23484],[1.79747,42.23686],[1.7999,42.2386],[1.79977,42.24097],[1.80099,42.24059],[1.80153,42.23963],[1.80271,42.23977],[1.80345,42.2385],[1.80573,42.23952],[1.80591,42.23821],[1.80776,42.23728],[1.80772,42.238],[1.80847,42.23814],[1.80888,42.23647],[1.80999,42.23608],[1.81054,42.23713],[1.81193,42.23818],[1.81236,42.23806],[1.81219,42.23669],[1.81301,42.23727],[1.81372,42.23717],[1.81415,42.23568],[1.81575,42.23574],[1.81848,42.23475],[1.81887,42.23445],[1.81848,42.23401],[1.81864,42.23344],[1.82335,42.23244],[1.82239,42.23163],[1.82254,42.23116],[1.82504,42.23092],[1.82768,42.2298],[1.8298,42.22963],[1.83108,42.23026],[1.83205,42.22985],[1.83251,42.22894],[1.83354,42.22907],[1.83506,42.2286],[1.83662,42.2279],[1.83716,42.22688],[1.83595,42.22526],[1.83749,42.22494],[1.8412,42.22556],[1.842,42.2242],[1.84327,42.22345],[1.846,42.22414],[1.8458,42.22321],[1.84444,42.22242],[1.84381,42.22225],[1.84221,42.22279],[1.84148,42.22257],[1.84191,42.21807],[1.83613,42.21815],[1.83511,42.21919],[1.83324,42.218],[1.83358,42.21613],[1.83325,42.21565],[1.83091,42.21402],[1.82748,42.21259],[1.82808,42.21236],[1.83151,42.21316],[1.83848,42.21249],[1.84234,42.211],[1.84637,42.21046],[1.84664,42.20983],[1.8483,42.20938],[1.8503,42.20772],[1.85216,42.20732],[1.85241,42.20533],[1.85322,42.20527],[1.85263,42.20163],[1.85181,42.19968],[1.85274,42.19909],[1.85148,42.19593],[1.85068,42.19581],[1.85096,42.1953],[1.84414,42.18993],[1.84276,42.18988],[1.83834,42.18746],[1.83418,42.18615],[1.82654,42.18502],[1.82272,42.1833],[1.81467,42.18115],[1.80121,42.17947],[1.80054,42.18085],[1.79681,42.18214],[1.79578,42.18195],[1.79057,42.18267],[1.78817,42.18409],[1.78745,42.18662],[1.78597,42.1877],[1.78382,42.18798],[1.78378,42.18884],[1.783,42.18918],[1.77935,42.18952],[1.77689,42.18815],[1.77632,42.18959],[1.77222,42.1912],[1.77111,42.19303],[1.76929,42.19349],[1.76869,42.19422],[1.76839,42.19549],[1.77082,42.20153],[1.77012,42.20319],[1.7712,42.20634],[1.7763,42.20697],[1.78119,42.20695],[1.7844,42.20777],[1.78737,42.20696],[1.78801,42.2073],[1.78769,42.20819]]]]}},{"type":"Feature","properties":{"cp":"08700","municipio":"Igualada"},"geometry":{"type":"MultiPolygon","coordinates":[[[[1.60267,41.58139],[1.60487,41.58463],[1.60421,41.58691],[1.60113,41.5901],[1.60385,41.59185],[1.60834,41.59191],[1.61004,41.59341],[1.61234,41.59355],[1.61405,41.59433],[1.61705,41.5947],[1.61759,41.5964],[1.62386,41.5983],[1.62578,41.60026],[1.62755,41.60004],[1.63188,41.59846],[1.63211,41.59788],[1.63357,41.59907],[1.6361,41.59783],[1.63341,41.59665],[1.63406,41.59353],[1.63642,41.59317],[1.63972,41.59347],[1.64001,41.59302],[1.63618,41.59061],[1.63211,41.59072],[1.63146,41.58992],[1.63477,41.5877],[1.63456,41.58695],[1.63577,41.58527],[1.63764,41.58582],[1.63642,41.58315],[1.63519,41.58166],[1.63562,41.57737],[1.63456,41.57637],[1.63528,41.57488],[1.63311,41.57261],[1.63253,41.57304],[1.62977,41.57293],[1.62826,41.5723],[1.62485,41.57355],[1.62318,41.5749],[1.62324,41.57526],[1.61929,41.57603],[1.61315,41.57533],[1.6074,41.57845],[1.60705,41.57878],[1.6073,41.57899],[1.60573,41.58045],[1.60267,41.58139]]]]}},{"type":"Feature","properties":{"cp":"08710","municipio":"Santa Margarida de Montbui"},"geometry":{"type":"MultiPolygon","coordinates":[[[[1.57604,41.58441],[1.58341,41.58172],[1.58693,41.58361],[1.58909,41.58416],[1.59276,41.57967],[1.59542,41.57911],[1.60256,41.58142],[1.60573,41.58045],[1.6073,41.57899],[1.60705,41.57878],[1.6074,41.57845],[1.61315,41.57533],[1.61929,41.57603],[1.62324,41.57526],[1.62318,41.5749],[1.62485,41.57355],[1.62826,41.5723],[1.62977,41.57293],[1.63342,41.57276],[1.63286,41.57139],[1.63151,41.57087],[1.62877,41.57145],[1.62675,41.57141],[1.62687,41.57045],[1.62486,41.56985],[1.62284,41.57048],[1.61583,41.56933],[1.61663,41.56607],[1.62034,41.5615],[1.6196,41.55987],[1.61315,41.55735],[1.61065,41.5556],[1.61239,41.55334],[1.61234,41.55287],[1.60337,41.55045],[1.59292,41.54609],[1.5897,41.54346],[1.58522,41.54138],[1.57452,41.53888],[1.57077,41.53702],[1.57006,41.53608],[1.55619,41.53239],[1.55299,41.53229],[1.55108,41.53148],[1.54731,41.53139],[1.5443,41.52985],[1.53702,41.52883],[1.53519,41.5328],[1.53816,41.53363],[1.54208,41.54213],[1.54433,41.54357],[1.54502,41.54448],[1.546,41.54477],[1.54745,41.54724],[1.54891,41.5479],[1.54999,41.54909],[1.54982,41.55002],[1.54752,41.55197],[1.54862,41.55261],[1.54824,41.55381],[1.5486,41.55515],[1.54747,41.55724],[1.54753,41.55835],[1.54502,41.56466],[1.54111,41.56804],[1.54141,41.56923],[1.54257,41.56881],[1.54313,41.57041],[1.5445,41.5707],[1.5451,41.57223],[1.54667,41.57286],[1.54698,41.57419],[1.55051,41.5749],[1.55038,41.5768],[1.54904,41.57683],[1.54572,41.57798],[1.54465,41.58024],[1.55017,41.58092],[1.55505,41.58363],[1.55776,41.5837],[1.55999,41.5847],[1.55955,41.5863],[1.56303,41.58441],[1.56439,41.5843],[1.57304,41.5869],[1.57345,41.5868],[1.57444,41.5851],[1.57604,41.58441]]]]}},{"type":"Feature","properties":{"cp":"08711","municipio":"Òdena"},"geometry":{"type":"MultiPolygon","coordinates":[[[[1.62779,41.66239],[1.62794,41.66014],[1.63118,41.65413],[1.63426,41.65075],[1.63645,41.65018],[1.6371,41.64848],[1.63862,41.64712],[1.63839,41.64637],[1.64016,41.64434],[1.64197,41.6438],[1.64261,41.6447],[1.64163,41.64576],[1.64127,41.64873],[1.64143,41.65089],[1.64276,41.65095],[1.64221,41.65496],[1.64473,41.65548],[1.64531,41.65465],[1.64703,41.65387],[1.64967,41.65531],[1.65012,41.65525],[1.65072,41.65428],[1.65213,41.65548],[1.65347,41.65849],[1.65528,41.65669],[1.65565,41.6572],[1.65805,41.65649],[1.66087,41.65715],[1.66175,41.65686],[1.66181,41.65619],[1.66071,41.65555],[1.66063,41.65482],[1.66152,41.65449],[1.6616,41.65378],[1.66087,41.65357],[1.66077,41.65308],[1.66711,41.65319],[1.66689,41.65262],[1.66507,41.65128],[1.6649,41.65064],[1.66879,41.64987],[1.66894,41.64909],[1.66385,41.64437],[1.6665,41.63622],[1.68124,41.61972],[1.67943,41.61819],[1.67904,41.61624],[1.6763,41.61583],[1.67462,41.61505],[1.67182,41.60997],[1.67192,41.60834],[1.67114,41.60537],[1.67222,41.59648],[1.67201,41.59558],[1.67269,41.59484],[1.67298,41.59301],[1.6723,41.59007],[1.67097,41.58865],[1.67117,41.58827],[1.67078,41.58776],[1.6732,41.5859],[1.67304,41.58496],[1.67095,41.58407],[1.6709,41.58359],[1.66938,41.58368],[1.66901,41.58208],[1.66805,41.58281],[1.66603,41.5817],[1.66385,41.58247],[1.66282,41.57968],[1.6633,41.57911],[1.66305,41.57838],[1.66355,41.57551],[1.66161,41.57332],[1.65946,41.57253],[1.65246,41.57408],[1.65019,41.5758],[1.63769,41.57851],[1.63562,41.57737],[1.63519,41.58166],[1.63642,41.58315],[1.63764,41.58582],[1.63577,41.58527],[1.63456,41.58695],[1.63477,41.5877],[1.63146,41.58992],[1.63211,41.59072],[1.63618,41.59061],[1.64001,41.59302],[1.63972,41.59347],[1.63642,41.59317],[1.63406,41.59353],[1.63341,41.59665],[1.6361,41.59783],[1.63357,41.59907],[1.63211,41.59788],[1.63188,41.59846],[1.62755,41.60004],[1.62578,41.60026],[1.62386,41.5983],[1.61759,41.5964],[1.61705,41.5947],[1.61405,41.59433],[1.61234,41.59355],[1.61004,41.59341],[1.60834,41.59191],[1.60385,41.59185],[1.60098,41.59],[1.60103,41.58949],[1.59811,41.5896],[1.59336,41.59175],[1.59206,41.59312],[1.58922,41.59343],[1.58895,41.59369],[1.58923,41.59388],[1.58627,41.59516],[1.5858,41.59623],[1.58356,41.5976],[1.58251,41.59775],[1.57856,41.6007],[1.57728,41.60119],[1.57556,41.60321],[1.57328,41.60448],[1.57205,41.61061],[1.57305,41.61533],[1.57482,41.61765],[1.58097,41.61925],[1.58877,41.61779],[1.59477,41.619],[1.60374,41.62998],[1.5999,41.63098],[1.59933,41.63243],[1.59832,41.63279],[1.59843,41.63519],[1.597,41.63752],[1.59652,41.63814],[1.59492,41.63839],[1.59379,41.63906],[1.59142,41.64214],[1.59316,41.64317],[1.59341,41.6443],[1.5958,41.64633],[1.59931,41.64769],[1.59874,41.64874],[1.60199,41.64986],[1.60148,41.65126],[1.60221,41.65333],[1.60183,41.65425],[1.60083,41.65501],[1.60189,41.65549],[1.60265,41.65661],[1.60293,41.659],[1.60647,41.65967],[1.60809,41.65917],[1.61173,41.65902],[1.61226,41.65854],[1.61437,41.65808],[1.6178,41.6601],[1.62071,41.66012],[1.62195,41.66218],[1.62391,41.66324],[1.62779,41.66239]]]]}},{"type":"Feature","properties":{"cp":"08712","municipio":"Igualada"},"geometry":{"type":"MultiPolygon","coordinates":[[[[1.60113,41.5901],[1.60421,41.58691],[1.60487,41.58463],[1.60443,41.58355],[1.60267,41.58139],[1.59542,41.57911],[1.59276,41.57967],[1.58909,41.58416],[1.58693,41.58361],[1.58341,41.58172],[1.57701,41.58412],[1.57717,41.58483],[1.58059,41.58617],[1.58199,41.58734],[1.58343,41.58779],[1.58684,41.59229],[1.58895,41.59369],[1.59206,41.59312],[1.59336,41.59175],[1.59811,41.5896],[1.60103,41.58949],[1.60113,41.5901]]],[[[1.55038,41.5768],[1.55051,41.5749],[1.54698,41.57419],[1.54667,41.57286],[1.5451,41.57223],[1.5445,41.5707],[1.54313,41.57041],[1.54257,41.56881],[1.54141,41.56923],[1.54111,41.56804],[1.54502,41.56466],[1.54753,41.55835],[1.54747,41.55724],[1.5486,41.55515],[1.54824,41.55381],[1.54862,41.55261],[1.54752,41.55197],[1.54982,41.55002],[1.54999,41.54909],[1.54891,41.5479],[1.54745,41.54724],[1.546,41.54477],[1.54502,41.54448],[1.54433,41.54357],[1.54208,41.54213],[1.53816,41.53363],[1.53519,41.5328],[1.53581,41.53332],[1.5357,41.53408],[1.53228,41.53562],[1.53114,41.53772],[1.52651,41.54064],[1.52623,41.54187],[1.5248,41.54075],[1.52185,41.54059],[1.52104,41.5378],[1.51995,41.53619],[1.51754,41.53421],[1.51665,41.5307],[1.51526,41.5289],[1.51146,41.52596],[1.51173,41.52542],[1.51144,41.52497],[1.51031,41.52453],[1.50747,41.52447],[1.50605,41.52375],[1.50518,41.52244],[1.50412,41.52201],[1.4989,41.52105],[1.49583,41.52001],[1.49219,41.51989],[1.49171,41.51931],[1.49075,41.51925],[1.48937,41.51938],[1.48661,41.52373],[1.48478,41.52525],[1.48161,41.52579],[1.4765,41.52598],[1.47392,41.52762],[1.47226,41.52934],[1.47086,41.5297],[1.46872,41.53122],[1.46575,41.5326],[1.46541,41.53331],[1.46382,41.53274],[1.46244,41.53321],[1.46185,41.53402],[1.4603,41.53419],[1.45947,41.53479],[1.45304,41.53538],[1.44858,41.53707],[1.44928,41.5454],[1.44672,41.55239],[1.45133,41.55442],[1.45729,41.55632],[1.46269,41.55911],[1.46512,41.56121],[1.4655,41.5619],[1.46357,41.56908],[1.46843,41.5701],[1.47155,41.57174],[1.4735,41.57225],[1.47922,41.57192],[1.48126,41.573],[1.48345,41.57263],[1.48799,41.57403],[1.48939,41.57315],[1.49207,41.57319],[1.49497,41.57415],[1.49821,41.57464],[1.50304,41.57334],[1.505,41.57379],[1.50564,41.57537],[1.50911,41.57752],[1.50911,41.57918],[1.50984,41.5802],[1.51191,41.58054],[1.51361,41.58169],[1.51831,41.58231],[1.5229,41.58171],[1.5252,41.58554],[1.5273,41.5864],[1.53114,41.58185],[1.53508,41.58044],[1.53823,41.58031],[1.54135,41.57952],[1.54334,41.57832],[1.54553,41.57818],[1.54904,41.57683],[1.55038,41.5768]]]]}},{"type":"Feature","properties":{"cp":"08717","municipio":"Montmaneu"},"geometry":{"type":"MultiPolygon","coordinates":[[[[1.43029,41.62981],[1.43914,41.62384],[1.43723,41.62174],[1.43556,41.62272],[1.4212,41.61891],[1.41852,41.61696],[1.41629,41.61664],[1.41284,41.6117],[1.40746,41.60942],[1.40776,41.60892],[1.40854,41.60919],[1.40904,41.60851],[1.40738,41.60649],[1.40505,41.60637],[1.40449,41.60506],[1.40576,41.60399],[1.40538,41.602],[1.40664,41.60048],[1.39336,41.59947],[1.38453,41.60265],[1.38356,41.60352],[1.37991,41.60472],[1.37432,41.60759],[1.37407,41.61171],[1.37066,41.6123],[1.36967,41.61302],[1.36862,41.61033],[1.36073,41.61211],[1.35962,41.61354],[1.36889,41.61725],[1.36925,41.62128],[1.37971,41.62493],[1.38625,41.62596],[1.38738,41.63102],[1.39167,41.63409],[1.41197,41.63523],[1.42169,41.63481],[1.42382,41.63177],[1.43029,41.62981]]],[[[1.40633,41.59333],[1.4068,41.59658],[1.40664,41.60048],[1.40538,41.602],[1.40576,41.60399],[1.40449,41.60506],[1.40505,41.60637],[1.40738,41.60649],[1.40904,41.60851],[1.40854,41.60919],[1.40776,41.60892],[1.40746,41.60942],[1.41284,41.6117],[1.41629,41.61664],[1.41852,41.61696],[1.4212,41.61891],[1.43556,41.62272],[1.43723,41.62174],[1.43914,41.62384],[1.43029,41.62981],[1.43121,41.63402],[1.44008,41.63553],[1.44347,41.63443],[1.44832,41.6361],[1.44941,41.63508],[1.45274,41.63372],[1.45431,41.63108],[1.45925,41.63155],[1.46295,41.63131],[1.46793,41.63235],[1.46985,41.63146],[1.47247,41.62912],[1.47398,41.6285],[1.48055,41.62709],[1.48438,41.62822],[1.48517,41.62788],[1.48495,41.62634],[1.48589,41.62597],[1.48685,41.62625],[1.48606,41.62231],[1.4873,41.62216],[1.49167,41.61995],[1.49062,41.6167],[1.48709,41.61491],[1.48185,41.61533],[1.47922,41.61512],[1.47498,41.61588],[1.47306,41.61536],[1.47171,41.61625],[1.47048,41.61626],[1.46785,41.6152],[1.46491,41.61528],[1.46371,41.61469],[1.46238,41.61472],[1.46491,41.61212],[1.46856,41.60989],[1.46904,41.60871],[1.4735,41.60343],[1.47595,41.60399],[1.47649,41.60367],[1.47705,41.60386],[1.47879,41.60221],[1.48417,41.60131],[1.48475,41.60072],[1.48639,41.60036],[1.48901,41.5986],[1.49116,41.59823],[1.49592,41.59855],[1.49596,41.59792],[1.49845,41.59748],[1.49923,41.59677],[1.50241,41.59535],[1.50344,41.5944],[1.50528,41.59369],[1.50781,41.59379],[1.509,41.59299],[1.51068,41.59296],[1.5121,41.59198],[1.51556,41.59268],[1.52114,41.5915],[1.52112,41.59034],[1.5252,41.58554],[1.5229,41.58171],[1.51831,41.58231],[1.51361,41.58169],[1.51191,41.58054],[1.50984,41.5802],[1.50911,41.57918],[1.50911,41.57752],[1.50564,41.57537],[1.505,41.57379],[1.50304,41.57334],[1.49821,41.57464],[1.49497,41.57415],[1.49207,41.57319],[1.48939,41.57315],[1.48799,41.57403],[1.48345,41.57263],[1.48126,41.573],[1.47922,41.57192],[1.4735,41.57225],[1.47155,41.57174],[1.46843,41.5701],[1.46357,41.56908],[1.4655,41.5619],[1.46269,41.55911],[1.45729,41.55632],[1.45133,41.55442],[1.44672,41.55239],[1.43769,41.55005],[1.43536,41.55014],[1.43367,41.55043],[1.43234,41.55142],[1.43214,41.5532],[1.43102,41.55566],[1.43961,41.56299],[1.45448,41.56919],[1.44942,41.57211],[1.44747,41.57382],[1.44517,41.57385],[1.44054,41.57539],[1.43571,41.57628],[1.43316,41.57887],[1.4268,41.5801],[1.41968,41.58261],[1.41545,41.5824],[1.41221,41.58024],[1.41056,41.57548],[1.39547,41.57749],[1.39284,41.57509],[1.39232,41.57832],[1.39268,41.57978],[1.39557,41.58482],[1.40178,41.58606],[1.40563,41.58852],[1.40704,41.59055],[1.40633,41.59333]]]]}},{"type":"Feature","properties":{"cp":"08718","municipio":"Cabrera d'Anoia"},"geometry":{"type":"MultiPolygon","coordinates":[[[[1.68807,41.52302],[1.69213,41.52266],[1.69238,41.52141],[1.69355,41.52054],[1.70211,41.52047],[1.70394,41.51981],[1.70409,41.51932],[1.70363,41.51853],[1.70084,41.51769],[1.69683,41.51561],[1.6965,41.51486],[1.69697,41.51335],[1.69801,41.51266],[1.69862,41.51165],[1.70014,41.51151],[1.70356,41.51259],[1.70339,41.51153],[1.70388,41.51084],[1.70706,41.51048],[1.70733,41.50959],[1.7067,41.50874],[1.70576,41.50822],[1.70319,41.50796],[1.70281,41.50716],[1.7032,41.50625],[1.70553,41.50539],[1.70597,41.50399],[1.70828,41.50152],[1.71106,41.50071],[1.71275,41.49912],[1.7149,41.49921],[1.71628,41.50146],[1.71761,41.50118],[1.71791,41.50081],[1.71705,41.49832],[1.71736,41.49735],[1.72624,41.4921],[1.7262,41.49086],[1.72675,41.48956],[1.72865,41.48742],[1.7334,41.48554],[1.73361,41.48504],[1.73294,41.48358],[1.73347,41.48283],[1.73465,41.48231],[1.73714,41.48016],[1.73919,41.48037],[1.74032,41.47978],[1.74251,41.47716],[1.74403,41.47708],[1.74419,41.47663],[1.7438,41.47636],[1.74015,41.47585],[1.73708,41.47326],[1.7401,41.47196],[1.74124,41.47263],[1.7447,41.47288],[1.74498,41.47209],[1.74284,41.47052],[1.7424,41.46994],[1.74267,41.46937],[1.74793,41.46624],[1.75301,41.46533],[1.74923,41.4619],[1.74822,41.46171],[1.74657,41.46024],[1.74727,41.45867],[1.74494,41.45927],[1.74455,41.45987],[1.7415,41.46136],[1.73768,41.46066],[1.7359,41.46183],[1.73473,41.46191],[1.72976,41.46415],[1.7255,41.46344],[1.72213,41.46558],[1.71848,41.46623],[1.71607,41.46602],[1.71457,41.46649],[1.71383,41.46717],[1.71033,41.46854],[1.71001,41.46993],[1.70679,41.47273],[1.7027,41.47363],[1.69727,41.48001],[1.69503,41.47747],[1.69257,41.47738],[1.69115,41.47811],[1.69109,41.47984],[1.69478,41.48284],[1.69023,41.48802],[1.68366,41.50004],[1.67986,41.50717],[1.6806,41.5085],[1.68029,41.51019],[1.67951,41.51123],[1.68007,41.51341],[1.68026,41.51741],[1.68094,41.51981],[1.68166,41.52093],[1.68481,41.52192],[1.6863,41.52175],[1.68807,41.52302]]]]}},{"type":"Feature","properties":{"cp":"08719","municipio":"Veciana"},"geometry":{"type":"MultiPolygon","coordinates":[[[[1.48793,41.63999],[1.48625,41.63782],[1.48779,41.63487],[1.48964,41.63384],[1.4914,41.63017],[1.48778,41.62927],[1.48713,41.62854],[1.48718,41.62681],[1.48637,41.62602],[1.48495,41.62634],[1.48517,41.62788],[1.48438,41.62822],[1.48055,41.62709],[1.47398,41.6285],[1.47247,41.62912],[1.46985,41.63146],[1.46793,41.63235],[1.46295,41.63131],[1.45925,41.63155],[1.45431,41.63108],[1.45274,41.63372],[1.44941,41.63508],[1.44832,41.6361],[1.45014,41.64656],[1.45156,41.64436],[1.45385,41.64339],[1.45532,41.64228],[1.4586,41.64375],[1.45967,41.64322],[1.46184,41.64325],[1.47172,41.6417],[1.47359,41.64194],[1.47658,41.64127],[1.48793,41.63999]]],[[[1.60148,41.65126],[1.60199,41.64986],[1.59874,41.64874],[1.59931,41.64769],[1.5958,41.64633],[1.59341,41.6443],[1.59316,41.64317],[1.59142,41.64214],[1.59379,41.63906],[1.59492,41.63839],[1.59652,41.63814],[1.597,41.63752],[1.59843,41.63519],[1.59832,41.63279],[1.59933,41.63243],[1.5999,41.63098],[1.60374,41.62998],[1.59477,41.619],[1.58877,41.61779],[1.58097,41.61925],[1.57482,41.61765],[1.57356,41.61912],[1.57447,41.6208],[1.5719,41.62036],[1.56212,41.61469],[1.55567,41.6134],[1.55063,41.61572],[1.54395,41.61749],[1.53928,41.62175],[1.53922,41.6228],[1.53752,41.62466],[1.5372,41.62734],[1.5394,41.63161],[1.53975,41.63353],[1.54061,41.63475],[1.54018,41.63573],[1.53759,41.63746],[1.53743,41.63794],[1.53957,41.63988],[1.53991,41.6428],[1.53935,41.64436],[1.54008,41.64511],[1.5403,41.64685],[1.54109,41.64768],[1.54491,41.64882],[1.54624,41.6526],[1.5464,41.6561],[1.54764,41.65848],[1.54911,41.65999],[1.54987,41.66234],[1.55138,41.66402],[1.55538,41.66672],[1.56157,41.66851],[1.56638,41.6714],[1.56654,41.67197],[1.56896,41.67161],[1.57202,41.67236],[1.57433,41.67475],[1.57989,41.67902],[1.58145,41.68075],[1.582,41.68301],[1.5806,41.68486],[1.57976,41.68522],[1.58159,41.68813],[1.58211,41.68835],[1.58678,41.68888],[1.58963,41.68786],[1.59503,41.68924],[1.59755,41.69178],[1.6015,41.69267],[1.60538,41.69296],[1.60608,41.69317],[1.60695,41.69421],[1.61557,41.69625],[1.62362,41.69116],[1.61828,41.68641],[1.6201,41.68519],[1.61821,41.6821],[1.6204,41.68049],[1.62365,41.67939],[1.62663,41.67904],[1.62313,41.67396],[1.6263,41.67115],[1.62822,41.67031],[1.63092,41.66836],[1.63214,41.6688],[1.63403,41.6679],[1.63464,41.66676],[1.63392,41.66419],[1.63019,41.66338],[1.62779,41.66239],[1.62391,41.66324],[1.62195,41.66218],[1.62071,41.66012],[1.6178,41.6601],[1.61437,41.65808],[1.61226,41.65854],[1.61173,41.65902],[1.60809,41.65917],[1.60647,41.65967],[1.60293,41.659],[1.60265,41.65661],[1.60189,41.65549],[1.60083,41.65501],[1.60183,41.65425],[1.60221,41.65333],[1.60148,41.65126]]],[[[1.50977,41.6301],[1.50955,41.62872],[1.50998,41.62673],[1.51348,41.62447],[1.51468,41.62262],[1.51507,41.62064],[1.51598,41.61995],[1.52137,41.61821],[1.52556,41.61906],[1.52855,41.61921],[1.52981,41.61977],[1.53136,41.62155],[1.53539,41.62435],[1.53752,41.62466],[1.53922,41.6228],[1.53928,41.62175],[1.54395,41.61749],[1.55063,41.61572],[1.55507,41.61359],[1.55642,41.61335],[1.56212,41.61469],[1.5719,41.62036],[1.57447,41.6208],[1.57356,41.61912],[1.57482,41.61765],[1.57305,41.61533],[1.57205,41.61061],[1.57328,41.60448],[1.57556,41.60321],[1.57728,41.60119],[1.57856,41.6007],[1.58251,41.59775],[1.58356,41.5976],[1.5858,41.59623],[1.58627,41.59516],[1.58923,41.59388],[1.58684,41.59229],[1.58343,41.58779],[1.58199,41.58734],[1.58059,41.58617],[1.57717,41.58483],[1.57703,41.58422],[1.57444,41.5851],[1.57345,41.5868],[1.57304,41.5869],[1.56439,41.5843],[1.56303,41.58441],[1.55955,41.5863],[1.55999,41.5847],[1.55776,41.5837],[1.55505,41.58363],[1.55017,41.58092],[1.54465,41.58024],[1.54553,41.57818],[1.5437,41.57824],[1.54135,41.57952],[1.53823,41.58031],[1.53508,41.58044],[1.53087,41.58197],[1.5273,41.5864],[1.5252,41.58554],[1.52112,41.59034],[1.52114,41.5915],[1.51556,41.59268],[1.5121,41.59198],[1.51068,41.59296],[1.509,41.59299],[1.50781,41.59379],[1.50528,41.59369],[1.50344,41.5944],[1.50241,41.59535],[1.49923,41.59677],[1.49845,41.59748],[1.49596,41.59792],[1.49592,41.59855],[1.49116,41.59823],[1.48901,41.5986],[1.48639,41.60036],[1.48475,41.60072],[1.48417,41.60131],[1.47879,41.60221],[1.47705,41.60386],[1.47649,41.60367],[1.47595,41.60399],[1.4735,41.60343],[1.46904,41.60871],[1.46856,41.60989],[1.46491,41.61212],[1.46238,41.61472],[1.46371,41.61469],[1.46491,41.61528],[1.46785,41.6152],[1.47048,41.61626],[1.47171,41.61625],[1.47306,41.61536],[1.47498,41.61588],[1.47922,41.61512],[1.48222,41.61531],[1.48604,41.61474],[1.48709,41.61491],[1.49062,41.6167],[1.49167,41.61995],[1.4873,41.62216],[1.48606,41.62231],[1.48729,41.62723],[1.48713,41.62854],[1.48817,41.6295],[1.4914,41.63017],[1.49025,41.63277],[1.49631,41.63285],[1.50397,41.63063],[1.50817,41.63233],[1.5096,41.63126],[1.50977,41.6301]]],[[[1.74044,41.59536],[1.74031,41.59418],[1.74132,41.59451],[1.74303,41.594],[1.74569,41.59386],[1.74608,41.59344],[1.74423,41.59056],[1.74391,41.58906],[1.74529,41.5887],[1.74362,41.58803],[1.73981,41.58751],[1.73837,41.58602],[1.73544,41.58591],[1.73292,41.58393],[1.7334,41.58269],[1.73291,41.58148],[1.7256,41.58167],[1.72314,41.57995],[1.71972,41.58009],[1.71853,41.57791],[1.71855,41.57738],[1.7194,41.57647],[1.71902,41.57546],[1.71975,41.57365],[1.71635,41.57159],[1.71762,41.57006],[1.71809,41.56755],[1.71717,41.56573],[1.71432,41.56558],[1.71115,41.56684],[1.70922,41.56822],[1.70766,41.56864],[1.70375,41.57072],[1.7018,41.57126],[1.69842,41.5712],[1.69751,41.57237],[1.69505,41.57321],[1.68966,41.57176],[1.68892,41.57448],[1.68691,41.5761],[1.67644,41.58337],[1.67318,41.58544],[1.67304,41.58496],[1.6732,41.5859],[1.67078,41.58776],[1.67117,41.58827],[1.67097,41.58865],[1.6723,41.59007],[1.67298,41.59301],[1.67269,41.59484],[1.67201,41.59558],[1.67222,41.59648],[1.67114,41.60537],[1.67192,41.60834],[1.67182,41.60997],[1.67462,41.61505],[1.6763,41.61583],[1.67904,41.61624],[1.67943,41.61819],[1.68218,41.62041],[1.68738,41.61983],[1.68912,41.62022],[1.69067,41.62214],[1.6914,41.62219],[1.69203,41.62162],[1.69666,41.62201],[1.69717,41.62113],[1.70177,41.61875],[1.70219,41.62037],[1.70478,41.62252],[1.70491,41.62312],[1.70815,41.62427],[1.71217,41.62078],[1.71396,41.61721],[1.72385,41.61385],[1.72568,41.61406],[1.72589,41.61346],[1.72759,41.61264],[1.72892,41.61285],[1.72875,41.61216],[1.73056,41.61108],[1.7318,41.6098],[1.7333,41.60632],[1.7354,41.60543],[1.73487,41.60447],[1.73559,41.60323],[1.73478,41.60164],[1.73552,41.59873],[1.73879,41.59584],[1.74044,41.59536]]]]}},{"type":"Feature","properties":{"cp":"08720","municipio":"Vilafranca del Penedès"},"geometry":{"type":"MultiPolygon","coordinates":[[[[1.73355,41.364],[1.73436,41.36327],[1.7323,41.3603],[1.73134,41.36103],[1.73074,41.36066],[1.73007,41.36087],[1.73043,41.3605],[1.72989,41.36022],[1.72929,41.36056],[1.72868,41.36033],[1.72638,41.36212],[1.7254,41.36115],[1.72588,41.36041],[1.72449,41.35988],[1.7242,41.36062],[1.72175,41.36],[1.72236,41.35912],[1.72156,41.35748],[1.7207,41.35751],[1.721,41.35569],[1.72215,41.35573],[1.72252,41.35495],[1.72362,41.35531],[1.72389,41.35467],[1.72551,41.35512],[1.7263,41.35422],[1.72598,41.35285],[1.72797,41.3507],[1.72801,41.35312],[1.72832,41.35348],[1.73551,41.35083],[1.73509,41.35026],[1.73802,41.34873],[1.73523,41.34171],[1.73285,41.34083],[1.72972,41.33718],[1.7287,41.33765],[1.72888,41.33794],[1.72539,41.33918],[1.72421,41.33899],[1.72385,41.33984],[1.72482,41.34],[1.72485,41.34133],[1.72237,41.34231],[1.72187,41.3413],[1.72211,41.33955],[1.71843,41.33914],[1.72137,41.33687],[1.72035,41.3364],[1.7209,41.33538],[1.71803,41.33377],[1.71854,41.33344],[1.72097,41.33423],[1.72091,41.33346],[1.72218,41.33419],[1.72141,41.33231],[1.72006,41.33187],[1.71936,41.33216],[1.7167,41.33034],[1.71243,41.33027],[1.70946,41.32857],[1.70611,41.32508],[1.70251,41.32419],[1.69954,41.32612],[1.69896,41.33075],[1.69751,41.33026],[1.69799,41.33235],[1.69624,41.3328],[1.69427,41.33395],[1.69126,41.33364],[1.68478,41.33519],[1.68154,41.3331],[1.6834,41.33087],[1.68277,41.3235],[1.6735,41.32756],[1.6653,41.32944],[1.66389,41.3348],[1.66445,41.33828],[1.66385,41.34009],[1.66491,41.34149],[1.66516,41.34521],[1.66564,41.34594],[1.67324,41.34775],[1.67655,41.35029],[1.67753,41.35614],[1.68243,41.35927],[1.68404,41.36074],[1.68401,41.3625],[1.68779,41.36432],[1.69629,41.37007],[1.70079,41.37157],[1.70433,41.37015],[1.70669,41.36851],[1.70876,41.36811],[1.71051,41.3671],[1.71545,41.36554],[1.72326,41.37196],[1.72581,41.36942],[1.72548,41.36909],[1.73355,41.364]]]]}},{"type":"Feature","properties":{"cp":"08729","municipio":"Castellet i la Gornal"},"geometry":{"type":"MultiPolygon","coordinates":[[[[1.63323,41.31349],[1.62897,41.31065],[1.63532,41.30952],[1.63993,41.31043],[1.64215,41.31204],[1.64065,41.3089],[1.64035,41.30634],[1.63927,41.30574],[1.63806,41.30418],[1.63911,41.30365],[1.6406,41.30063],[1.64246,41.30049],[1.64499,41.29855],[1.64354,41.29674],[1.64503,41.29636],[1.64536,41.29531],[1.6492,41.29387],[1.65227,41.29339],[1.65913,41.29141],[1.66335,41.28768],[1.67125,41.2848],[1.67486,41.28737],[1.684,41.28844],[1.69358,41.28017],[1.69323,41.27539],[1.69107,41.27436],[1.69043,41.27361],[1.69027,41.27311],[1.69082,41.27179],[1.68269,41.26484],[1.67956,41.26291],[1.67688,41.26032],[1.67511,41.25653],[1.67205,41.25549],[1.67028,41.25407],[1.67123,41.25003],[1.67007,41.24869],[1.66864,41.2453],[1.64588,41.23816],[1.64097,41.23537],[1.63863,41.23461],[1.63573,41.2316],[1.6341,41.23097],[1.63384,41.22897],[1.63231,41.22857],[1.63108,41.22447],[1.624,41.22294],[1.6214,41.22321],[1.61776,41.22525],[1.61416,41.22592],[1.61492,41.22847],[1.6142,41.22959],[1.60921,41.23112],[1.60603,41.23329],[1.60255,41.23482],[1.59354,41.23394],[1.59014,41.23542],[1.58406,41.23714],[1.5831,41.23608],[1.58164,41.23717],[1.57869,41.24115],[1.57553,41.24968],[1.57631,41.25127],[1.57619,41.25219],[1.58981,41.24731],[1.60389,41.24745],[1.60596,41.25039],[1.6114,41.25054],[1.61274,41.25095],[1.61264,41.25163],[1.61655,41.25249],[1.61771,41.25463],[1.6197,41.2537],[1.62198,41.25493],[1.62097,41.25649],[1.62386,41.26255],[1.62231,41.26384],[1.62286,41.26674],[1.62745,41.26952],[1.62589,41.27298],[1.6236,41.27382],[1.62391,41.27465],[1.62373,41.27625],[1.62145,41.27619],[1.62,41.27706],[1.62597,41.28002],[1.626,41.28128],[1.62918,41.28278],[1.62805,41.28427],[1.62903,41.28599],[1.62954,41.28885],[1.62708,41.29108],[1.62777,41.29466],[1.6334,41.29442],[1.63678,41.29595],[1.63316,41.29849],[1.6312,41.29887],[1.62775,41.296],[1.62488,41.29664],[1.62157,41.29527],[1.62952,41.31421],[1.63323,41.31349]]]]}},{"type":"Feature","properties":{"cp":"08730","municipio":"Santa Margarida i els Monjos"},"geometry":{"type":"MultiPolygon","coordinates":[[[[1.68277,41.3235],[1.68361,41.32213],[1.68281,41.32092],[1.68355,41.31641],[1.68617,41.31595],[1.69245,41.31044],[1.68683,41.30009],[1.684,41.28844],[1.67486,41.28737],[1.67125,41.2848],[1.66335,41.28768],[1.65913,41.29141],[1.65227,41.29339],[1.6492,41.29387],[1.64536,41.29531],[1.64503,41.29636],[1.64354,41.29674],[1.64499,41.29855],[1.64246,41.30049],[1.6406,41.30063],[1.63911,41.30365],[1.63806,41.30418],[1.63927,41.30574],[1.64035,41.30634],[1.64065,41.3089],[1.64249,41.31295],[1.64321,41.31316],[1.64271,41.31416],[1.64303,41.31511],[1.64258,41.316],[1.64281,41.31688],[1.64448,41.31715],[1.64455,41.31783],[1.64678,41.32005],[1.64635,41.32143],[1.6479,41.32208],[1.64738,41.32404],[1.64769,41.32636],[1.64666,41.32701],[1.64451,41.33003],[1.64423,41.33112],[1.64338,41.33165],[1.64387,41.33224],[1.64345,41.33357],[1.64023,41.3355],[1.63895,41.33585],[1.64176,41.3378],[1.6467,41.33962],[1.65317,41.3386],[1.65507,41.33611],[1.65626,41.3358],[1.65646,41.3345],[1.65753,41.33357],[1.65835,41.33466],[1.65815,41.33635],[1.66084,41.33723],[1.65922,41.33936],[1.6589,41.34418],[1.6617,41.34573],[1.66564,41.34594],[1.66516,41.34521],[1.66491,41.34149],[1.66385,41.34009],[1.66445,41.33828],[1.66389,41.3348],[1.6653,41.32944],[1.6735,41.32756],[1.68277,41.3235]]]]}},{"type":"Feature","properties":{"cp":"08731","municipio":"Sant Martí Sarroca"},"geometry":{"type":"MultiPolygon","coordinates":[[[[1.60387,41.36319],[1.59914,41.36302],[1.58746,41.35657],[1.58377,41.35614],[1.58269,41.35433],[1.58116,41.35473],[1.57944,41.35451],[1.57912,41.35484],[1.57951,41.35587],[1.57803,41.35736],[1.57861,41.35815],[1.57778,41.35845],[1.57776,41.36014],[1.57718,41.36081],[1.57825,41.36124],[1.57795,41.36245],[1.57409,41.36322],[1.57344,41.3624],[1.5711,41.36123],[1.57049,41.36141],[1.57028,41.36454],[1.56917,41.36491],[1.56902,41.36544],[1.5704,41.36652],[1.56945,41.36726],[1.56935,41.36837],[1.56818,41.36866],[1.56765,41.36929],[1.56326,41.36917],[1.56296,41.36974],[1.56393,41.37173],[1.56357,41.37427],[1.57091,41.37722],[1.57221,41.377],[1.57553,41.37814],[1.57674,41.37909],[1.58268,41.38167],[1.58472,41.38385],[1.58798,41.3855],[1.59445,41.39322],[1.5947,41.39587],[1.59582,41.39806],[1.60443,41.40074],[1.60818,41.40253],[1.61054,41.40277],[1.61255,41.40365],[1.61727,41.40479],[1.62791,41.41187],[1.63122,41.41216],[1.63922,41.41053],[1.64094,41.41051],[1.64518,41.40722],[1.64526,41.40653],[1.64218,41.40277],[1.63891,41.40284],[1.63889,41.40033],[1.63774,41.40013],[1.63869,41.39804],[1.64127,41.39646],[1.64315,41.39475],[1.64392,41.3926],[1.64683,41.38996],[1.6468,41.38951],[1.65278,41.381],[1.6621,41.37073],[1.6559,41.36969],[1.64709,41.36731],[1.64733,41.36664],[1.64629,41.36626],[1.64771,41.36353],[1.64712,41.36213],[1.64879,41.36111],[1.64789,41.35989],[1.64975,41.35913],[1.64855,41.35791],[1.65074,41.35764],[1.65056,41.35705],[1.65112,41.35665],[1.65324,41.3566],[1.65342,41.35544],[1.6541,41.35478],[1.65771,41.3527],[1.65971,41.34864],[1.66121,41.34755],[1.6617,41.34573],[1.6589,41.34418],[1.65922,41.33936],[1.66084,41.33723],[1.65815,41.33635],[1.65835,41.33466],[1.65753,41.33357],[1.65646,41.3345],[1.65626,41.3358],[1.65507,41.33611],[1.65317,41.3386],[1.6467,41.33962],[1.64176,41.3378],[1.63953,41.33614],[1.63645,41.34169],[1.61554,41.35497],[1.61438,41.35604],[1.61465,41.35644],[1.60958,41.36046],[1.60763,41.36269],[1.60658,41.36328],[1.60387,41.36319]]]]}},{"type":"Feature","properties":{"cp":"08732","municipio":"Castellví de la Marca"},"geometry":{"type":"MultiPolygon","coordinates":[[[[1.63953,41.33614],[1.63895,41.33585],[1.64023,41.3355],[1.64345,41.33357],[1.64387,41.33224],[1.64338,41.33165],[1.64423,41.33112],[1.64451,41.33003],[1.64666,41.32701],[1.64769,41.32636],[1.64738,41.32404],[1.6479,41.32208],[1.64635,41.32143],[1.64678,41.32005],[1.64455,41.31783],[1.64448,41.31715],[1.64276,41.31675],[1.64258,41.316],[1.64303,41.31511],[1.64271,41.31416],[1.64321,41.31316],[1.6409,41.31256],[1.62829,41.31445],[1.62555,41.31371],[1.62374,41.31225],[1.62258,41.31297],[1.62163,41.31272],[1.62001,41.31315],[1.61826,41.31272],[1.61479,41.31352],[1.60996,41.3128],[1.6009,41.31039],[1.59497,41.30934],[1.59415,41.30973],[1.59423,41.31056],[1.59237,41.31156],[1.58696,41.31224],[1.57824,41.3159],[1.57474,41.31515],[1.57336,41.31728],[1.57421,41.32237],[1.57371,41.32484],[1.57003,41.32807],[1.56854,41.33048],[1.56919,41.33253],[1.56578,41.33965],[1.56127,41.34246],[1.55865,41.34314],[1.55956,41.34482],[1.56651,41.35044],[1.57361,41.35535],[1.57878,41.35634],[1.57951,41.35587],[1.57919,41.3546],[1.58116,41.35473],[1.58269,41.35433],[1.58377,41.35614],[1.58746,41.35657],[1.59914,41.36302],[1.60658,41.36328],[1.61465,41.35644],[1.61438,41.35604],[1.61554,41.35497],[1.63645,41.34169],[1.63953,41.33614]]],[[[1.62952,41.31421],[1.62157,41.29527],[1.61636,41.29311],[1.61418,41.2905],[1.61403,41.28787],[1.61205,41.28516],[1.60892,41.28535],[1.60737,41.28724],[1.60669,41.28617],[1.60275,41.28673],[1.60242,41.28756],[1.60436,41.28824],[1.60415,41.28895],[1.59902,41.28928],[1.59585,41.29227],[1.59249,41.29215],[1.5903,41.29348],[1.58821,41.29356],[1.58814,41.29399],[1.59015,41.29575],[1.58994,41.29759],[1.59116,41.30088],[1.59563,41.30762],[1.5955,41.30885],[1.59497,41.30934],[1.6009,41.31039],[1.60996,41.3128],[1.61479,41.31352],[1.61826,41.31272],[1.62001,41.31315],[1.62163,41.31272],[1.62258,41.31297],[1.62374,41.31225],[1.62555,41.31371],[1.62829,41.31445],[1.62952,41.31421]]],[[[1.60596,41.25039],[1.60389,41.24745],[1.58981,41.24731],[1.57619,41.25219],[1.57541,41.25527],[1.57436,41.25711],[1.57015,41.26073],[1.5766,41.25894],[1.58502,41.25743],[1.5943,41.25897],[1.59348,41.25798],[1.5962,41.2567],[1.59492,41.2555],[1.59618,41.25508],[1.59919,41.25629],[1.59696,41.25341],[1.60249,41.25336],[1.60524,41.25187],[1.60596,41.25039]]]]}},{"type":"Feature","properties":{"cp":"08733","municipio":"Pla del Penedès, El"},"geometry":{"type":"MultiPolygon","coordinates":[[[[1.69695,41.40045],[1.70354,41.40321],[1.70064,41.40712],[1.70531,41.417],[1.70913,41.42081],[1.7099,41.42114],[1.71081,41.42098],[1.71301,41.42353],[1.72068,41.43412],[1.7211,41.43605],[1.72191,41.4357],[1.72338,41.43582],[1.72846,41.43409],[1.7337,41.43],[1.73394,41.42918],[1.73557,41.42762],[1.73636,41.42738],[1.73625,41.42694],[1.73779,41.42595],[1.73875,41.42458],[1.74831,41.41755],[1.74571,41.41538],[1.7377,41.41091],[1.73137,41.40812],[1.72769,41.40532],[1.71801,41.40088],[1.71528,41.3969],[1.71286,41.39686],[1.71153,41.39427],[1.70698,41.39535],[1.70623,41.39496],[1.70458,41.3964],[1.70246,41.39685],[1.70124,41.39783],[1.69929,41.39857],[1.69891,41.39931],[1.69757,41.39946],[1.69695,41.40045]]]]}},{"type":"Feature","properties":{"cp":"08734","municipio":"Olèrdola"},"geometry":{"type":"MultiPolygon","coordinates":[[[[1.72045,41.33758],[1.723,41.33749],[1.72701,41.33649],[1.73797,41.32899],[1.76328,41.33883],[1.76385,41.33823],[1.76334,41.33708],[1.76075,41.3353],[1.75945,41.3336],[1.75661,41.33223],[1.75667,41.33083],[1.75535,41.32582],[1.75806,41.32657],[1.75928,41.32614],[1.76312,41.32651],[1.76809,41.32419],[1.7631,41.32117],[1.76346,41.31966],[1.7629,41.31573],[1.76498,41.31372],[1.76506,41.3126],[1.76278,41.31045],[1.75805,41.30831],[1.75863,41.30712],[1.7569,41.30542],[1.75637,41.30431],[1.75815,41.30342],[1.75411,41.30109],[1.75302,41.30186],[1.74901,41.3008],[1.74788,41.30132],[1.74687,41.30109],[1.74359,41.29782],[1.74331,41.29657],[1.74148,41.29702],[1.7395,41.29674],[1.73832,41.29601],[1.73812,41.29474],[1.73446,41.29596],[1.72893,41.29924],[1.72145,41.30116],[1.71015,41.30134],[1.70375,41.29984],[1.70112,41.29677],[1.70081,41.29555],[1.70108,41.29406],[1.70337,41.29215],[1.70283,41.29029],[1.69574,41.28222],[1.69336,41.28041],[1.69308,41.28054],[1.684,41.28844],[1.68683,41.30009],[1.69245,41.31044],[1.68617,41.31595],[1.68355,41.31641],[1.68281,41.32092],[1.68361,41.32213],[1.68277,41.3235],[1.6834,41.33087],[1.68154,41.3331],[1.68478,41.33519],[1.69126,41.33364],[1.69427,41.33395],[1.69624,41.3328],[1.69799,41.33235],[1.69751,41.33026],[1.69896,41.33075],[1.69954,41.32612],[1.70251,41.32419],[1.70611,41.32508],[1.70946,41.32857],[1.71243,41.33027],[1.7167,41.33034],[1.71936,41.33216],[1.72006,41.33187],[1.72141,41.33231],[1.72218,41.33419],[1.72091,41.33346],[1.72097,41.33423],[1.71854,41.33344],[1.71803,41.33377],[1.7209,41.33538],[1.72035,41.3364],[1.72137,41.33687],[1.72045,41.33758]]],[[[1.79361,41.32343],[1.79072,41.32322],[1.78969,41.32279],[1.78757,41.32589],[1.7858,41.32603],[1.78489,41.32717],[1.77962,41.32789],[1.778,41.3292],[1.77744,41.32912],[1.77598,41.32771],[1.77296,41.32637],[1.77156,41.32504],[1.76853,41.32463],[1.76809,41.32419],[1.76312,41.32651],[1.75928,41.32614],[1.75806,41.32657],[1.75535,41.32582],[1.75667,41.33083],[1.75677,41.3325],[1.75945,41.3336],[1.76075,41.3353],[1.76334,41.33708],[1.76384,41.33799],[1.76325,41.33886],[1.76364,41.34026],[1.76793,41.34188],[1.77104,41.34365],[1.79228,41.33048],[1.79361,41.32343]]]]}},{"type":"Feature","properties":{"cp":"08735","municipio":"Vilobí del Penedès"},"geometry":{"type":"MultiPolygon","coordinates":[[[[1.6468,41.38951],[1.64651,41.39031],[1.64392,41.3926],[1.64315,41.39475],[1.64127,41.39646],[1.63869,41.39804],[1.63774,41.40013],[1.63889,41.40033],[1.63891,41.40284],[1.64218,41.40277],[1.64526,41.40653],[1.64518,41.40722],[1.65086,41.40534],[1.65335,41.40349],[1.65449,41.4019],[1.66496,41.39558],[1.66834,41.39209],[1.68312,41.38899],[1.68639,41.38514],[1.69076,41.38354],[1.69907,41.38348],[1.6993,41.38252],[1.69722,41.38013],[1.69782,41.37736],[1.69116,41.37917],[1.69083,41.37771],[1.68949,41.37606],[1.68546,41.37503],[1.68412,41.37509],[1.68465,41.37281],[1.68738,41.37138],[1.68573,41.37048],[1.67945,41.36868],[1.67278,41.37147],[1.6621,41.37073],[1.65278,41.381],[1.6468,41.38951]]]]}},{"type":"Feature","properties":{"cp":"08736","municipio":"Font-rubí"},"geometry":{"type":"MultiPolygon","coordinates":[[[[1.61337,41.45172],[1.61511,41.45128],[1.61629,41.45144],[1.6164,41.45189],[1.61969,41.45196],[1.62004,41.45123],[1.62167,41.45028],[1.62235,41.44866],[1.62556,41.44665],[1.62638,41.44556],[1.62768,41.44542],[1.63098,41.44686],[1.63483,41.44555],[1.63722,41.44403],[1.64195,41.43992],[1.64746,41.43807],[1.65025,41.43565],[1.65262,41.43543],[1.65306,41.4358],[1.65603,41.43602],[1.65851,41.43714],[1.67653,41.43126],[1.68068,41.42606],[1.68571,41.42164],[1.69136,41.41788],[1.6965,41.4172],[1.70112,41.41772],[1.70531,41.417],[1.70064,41.40712],[1.69317,41.40864],[1.69267,41.40487],[1.6956,41.40276],[1.69545,41.40178],[1.69757,41.39946],[1.69891,41.39931],[1.69929,41.39857],[1.70124,41.39783],[1.70246,41.39685],[1.70458,41.3964],[1.70623,41.39496],[1.70679,41.39537],[1.70782,41.39497],[1.70122,41.39294],[1.70085,41.39166],[1.70101,41.38964],[1.70227,41.38795],[1.70494,41.3865],[1.70274,41.3829],[1.70101,41.38318],[1.69922,41.38414],[1.6989,41.38389],[1.69907,41.38348],[1.69076,41.38354],[1.68639,41.38514],[1.68312,41.38899],[1.66834,41.39209],[1.66496,41.39558],[1.65449,41.4019],[1.65335,41.40349],[1.65086,41.40534],[1.64518,41.40722],[1.6394,41.41172],[1.62907,41.41493],[1.62998,41.416],[1.629,41.41651],[1.62395,41.41745],[1.62375,41.41693],[1.62133,41.41581],[1.6196,41.41656],[1.61639,41.41676],[1.6072,41.41863],[1.60709,41.41907],[1.60176,41.42138],[1.60005,41.42131],[1.59821,41.42048],[1.59486,41.42358],[1.59392,41.4251],[1.58866,41.42858],[1.58563,41.42856],[1.58145,41.43113],[1.57844,41.43163],[1.57873,41.43278],[1.57587,41.43481],[1.57609,41.43593],[1.57342,41.43947],[1.57211,41.44331],[1.58756,41.44811],[1.59421,41.45105],[1.59817,41.44893],[1.59935,41.44917],[1.59889,41.4507],[1.60025,41.45106],[1.60186,41.45026],[1.60472,41.45181],[1.60803,41.45238],[1.61046,41.45409],[1.61171,41.45447],[1.61337,41.45172]]]]}},{"type":"Feature","properties":{"cp":"08737","municipio":"Torrelles de Foix"},"geometry":{"type":"MultiPolygon","coordinates":[[[[1.54749,41.37583],[1.54577,41.37933],[1.54428,41.38017],[1.54177,41.38074],[1.54166,41.38133],[1.53681,41.38536],[1.53689,41.38632],[1.53605,41.38699],[1.53621,41.38882],[1.53763,41.39134],[1.53791,41.39564],[1.53878,41.39667],[1.5394,41.39896],[1.54205,41.40222],[1.54157,41.40292],[1.54146,41.40433],[1.54234,41.40733],[1.54061,41.40817],[1.53801,41.40726],[1.53754,41.40895],[1.53562,41.40918],[1.53307,41.41136],[1.53537,41.41263],[1.53749,41.41509],[1.54068,41.41787],[1.54163,41.42031],[1.54399,41.42438],[1.54363,41.42763],[1.54324,41.42788],[1.5434,41.4286],[1.54292,41.42957],[1.5431,41.43064],[1.5435,41.4317],[1.54508,41.43263],[1.54625,41.43394],[1.54486,41.43594],[1.54559,41.43725],[1.54527,41.43764],[1.54311,41.43846],[1.54253,41.43922],[1.54142,41.43972],[1.53838,41.44014],[1.53549,41.43997],[1.53296,41.44169],[1.53374,41.44326],[1.53419,41.4432],[1.53669,41.44533],[1.5371,41.44457],[1.53822,41.44413],[1.53926,41.44296],[1.54029,41.44279],[1.54214,41.44133],[1.54303,41.44346],[1.54327,41.44558],[1.54379,41.44619],[1.54725,41.44706],[1.55165,41.44658],[1.55386,41.45114],[1.56179,41.45109],[1.56415,41.45073],[1.56506,41.4503],[1.56689,41.44839],[1.57161,41.44578],[1.57243,41.44171],[1.57342,41.43947],[1.57609,41.43593],[1.57587,41.43481],[1.57873,41.43278],[1.57844,41.43163],[1.58145,41.43113],[1.58563,41.42856],[1.58866,41.42858],[1.59392,41.4251],[1.59486,41.42358],[1.59821,41.42048],[1.60005,41.42131],[1.60176,41.42138],[1.60709,41.41907],[1.6072,41.41863],[1.61639,41.41676],[1.6196,41.41656],[1.62133,41.41581],[1.62375,41.41693],[1.62395,41.41745],[1.62607,41.41684],[1.62782,41.41692],[1.62998,41.416],[1.62907,41.41493],[1.63733,41.41251],[1.6394,41.41172],[1.64094,41.41051],[1.63922,41.41053],[1.63122,41.41216],[1.62791,41.41187],[1.61727,41.40479],[1.61255,41.40365],[1.61054,41.40277],[1.60818,41.40253],[1.60443,41.40074],[1.59582,41.39806],[1.5947,41.39587],[1.59445,41.39322],[1.58798,41.3855],[1.58472,41.38385],[1.58268,41.38167],[1.57674,41.37909],[1.57553,41.37814],[1.57221,41.377],[1.57091,41.37722],[1.56357,41.37427],[1.56393,41.37173],[1.56339,41.37024],[1.56094,41.36834],[1.55978,41.36794],[1.55585,41.36858],[1.55402,41.368],[1.55215,41.36811],[1.54817,41.37186],[1.54662,41.37382],[1.54749,41.37583]]]]}},{"type":"Feature","properties":{"cp":"08738","municipio":"Pontons"},"geometry":{"type":"MultiPolygon","coordinates":[[[[1.54313,41.42983],[1.54399,41.42438],[1.54163,41.42031],[1.54068,41.41787],[1.53749,41.41509],[1.53537,41.41263],[1.53307,41.41136],[1.53562,41.40918],[1.53754,41.40895],[1.53801,41.40726],[1.54061,41.40817],[1.54234,41.40733],[1.54146,41.40433],[1.54157,41.40292],[1.54205,41.40222],[1.5394,41.39896],[1.53878,41.39667],[1.53791,41.39564],[1.53763,41.39134],[1.53621,41.38882],[1.53605,41.38699],[1.53689,41.38632],[1.53681,41.38536],[1.53528,41.38537],[1.53249,41.38706],[1.53097,41.38737],[1.53109,41.38765],[1.52273,41.38778],[1.51885,41.38879],[1.51519,41.39098],[1.51476,41.39185],[1.51186,41.39433],[1.50928,41.39444],[1.50812,41.39415],[1.50617,41.39279],[1.50519,41.39144],[1.50249,41.39189],[1.50016,41.39065],[1.49579,41.38933],[1.49484,41.38994],[1.49413,41.38965],[1.49241,41.38778],[1.49139,41.38795],[1.48797,41.38426],[1.48551,41.38382],[1.48469,41.38307],[1.48447,41.38227],[1.48221,41.38262],[1.47852,41.38184],[1.47749,41.38298],[1.47626,41.38213],[1.47445,41.38253],[1.47358,41.38089],[1.47303,41.38076],[1.4737,41.3828],[1.47622,41.38396],[1.47672,41.38551],[1.47955,41.38768],[1.4803,41.38784],[1.48065,41.38887],[1.48047,41.39119],[1.48074,41.3925],[1.48143,41.39353],[1.48113,41.3946],[1.48137,41.39685],[1.48217,41.39718],[1.48245,41.3986],[1.48861,41.40001],[1.49016,41.40148],[1.48972,41.40306],[1.48745,41.40713],[1.48691,41.40996],[1.48507,41.41262],[1.48475,41.41395],[1.48393,41.41508],[1.48175,41.41669],[1.48185,41.41846],[1.48304,41.41936],[1.48383,41.42057],[1.48337,41.42127],[1.48379,41.42219],[1.48036,41.42238],[1.47772,41.42315],[1.47673,41.42397],[1.47627,41.42698],[1.47509,41.42945],[1.47768,41.43314],[1.48122,41.43193],[1.48333,41.4303],[1.48473,41.43208],[1.48675,41.43307],[1.48992,41.43373],[1.49117,41.43532],[1.4952,41.43561],[1.50295,41.42808],[1.51071,41.43453],[1.51595,41.43578],[1.52243,41.43828],[1.53838,41.44014],[1.54142,41.43972],[1.54253,41.43922],[1.54311,41.43846],[1.54557,41.43741],[1.54486,41.43594],[1.54625,41.43394],[1.54508,41.43263],[1.5435,41.4317],[1.54313,41.42983]]]]}},{"type":"Feature","properties":{"cp":"08739","municipio":"Subirats"},"geometry":{"type":"MultiPolygon","coordinates":[[[[1.70782,41.39497],[1.71028,41.3945],[1.70782,41.39497],[1.70764,41.39511],[1.70698,41.39535],[1.70679,41.39537],[1.70679,41.39537],[1.70698,41.39535],[1.70764,41.39511],[1.70782,41.39497]]],[[[1.85419,41.40953],[1.85539,41.40729],[1.85837,41.40461],[1.85989,41.40468],[1.86186,41.40387],[1.86439,41.40624],[1.86597,41.41101],[1.87556,41.39889],[1.87472,41.39497],[1.87642,41.3895],[1.8694,41.38714],[1.86634,41.387],[1.86122,41.38798],[1.85975,41.3872],[1.85952,41.385],[1.85854,41.3839],[1.85818,41.38267],[1.85555,41.38082],[1.85438,41.38038],[1.8496,41.38012],[1.84752,41.37835],[1.84387,41.37844],[1.84285,41.37888],[1.83996,41.37687],[1.83805,41.37668],[1.83524,41.37391],[1.8346,41.37486],[1.83251,41.37473],[1.83157,41.37394],[1.83271,41.37204],[1.83186,41.37012],[1.83209,41.36945],[1.82966,41.3658],[1.82616,41.36307],[1.82391,41.36025],[1.82226,41.35946],[1.821,41.35825],[1.81783,41.35774],[1.80307,41.35131],[1.80203,41.35492],[1.80265,41.35542],[1.80444,41.35552],[1.80461,41.35667],[1.80543,41.35809],[1.80392,41.35883],[1.80386,41.35929],[1.80603,41.36008],[1.80614,41.36084],[1.80833,41.361],[1.80846,41.36143],[1.80813,41.36238],[1.8065,41.36211],[1.80623,41.36296],[1.80729,41.36354],[1.80727,41.36388],[1.80369,41.36543],[1.80221,41.36776],[1.80104,41.36854],[1.80052,41.37007],[1.79868,41.37174],[1.78877,41.37589],[1.78503,41.37698],[1.78211,41.3787],[1.77621,41.38017],[1.77514,41.38076],[1.77282,41.38072],[1.77036,41.3818],[1.76934,41.38124],[1.76808,41.38339],[1.76743,41.38386],[1.76614,41.3837],[1.76627,41.3848],[1.76464,41.38502],[1.7644,41.38595],[1.76154,41.38619],[1.76123,41.38734],[1.7608,41.38755],[1.75927,41.38659],[1.75811,41.38752],[1.75666,41.38782],[1.75614,41.38847],[1.75628,41.38939],[1.75462,41.38972],[1.75352,41.39079],[1.7515,41.39065],[1.75119,41.39087],[1.75163,41.39179],[1.75147,41.39259],[1.74929,41.39269],[1.74905,41.3932],[1.74972,41.39429],[1.7478,41.39418],[1.74774,41.39539],[1.74474,41.39603],[1.74351,41.39487],[1.74307,41.39514],[1.74322,41.3957],[1.74289,41.39603],[1.74232,41.39557],[1.74001,41.39558],[1.73867,41.39478],[1.73798,41.39495],[1.73722,41.39591],[1.73601,41.39606],[1.73565,41.39553],[1.73626,41.39399],[1.73589,41.39336],[1.73361,41.3924],[1.73216,41.39332],[1.7305,41.39244],[1.72942,41.39266],[1.72915,41.39347],[1.72874,41.39356],[1.72618,41.39188],[1.72529,41.39281],[1.72319,41.39332],[1.72223,41.39254],[1.71963,41.39243],[1.7178,41.39336],[1.71634,41.39326],[1.71541,41.39429],[1.71394,41.39353],[1.71289,41.39415],[1.71094,41.39437],[1.71153,41.39427],[1.71286,41.39686],[1.71528,41.3969],[1.71773,41.40047],[1.71849,41.3995],[1.72112,41.39939],[1.72312,41.40101],[1.72251,41.40294],[1.72769,41.40532],[1.73137,41.40812],[1.7377,41.41091],[1.74571,41.41538],[1.74831,41.41755],[1.75082,41.42356],[1.75724,41.42192],[1.75892,41.42233],[1.76111,41.42158],[1.76821,41.42158],[1.77371,41.41931],[1.77675,41.41879],[1.78037,41.4167],[1.78064,41.41493],[1.78114,41.41464],[1.78078,41.41367],[1.78231,41.41205],[1.78696,41.41064],[1.78953,41.41075],[1.79387,41.41008],[1.79428,41.40953],[1.80288,41.41647],[1.8008,41.42201],[1.80049,41.42592],[1.80525,41.43098],[1.80703,41.43592],[1.81342,41.43664],[1.81553,41.43894],[1.82285,41.43356],[1.83514,41.42968],[1.83927,41.4233],[1.85286,41.41008],[1.85419,41.40953]]]]}},{"type":"Feature","properties":{"cp":"08740","municipio":"Sant Andreu de la Barca"},"geometry":{"type":"MultiPolygon","coordinates":[[[[1.95244,41.45568],[1.95102,41.45558],[1.9503,41.45822],[1.94723,41.46103],[1.95404,41.46435],[1.9617,41.45971],[1.9696,41.46428],[1.97263,41.46429],[1.97597,41.45831],[1.9774,41.45274],[1.97686,41.45091],[1.97824,41.4484],[1.98589,41.44361],[1.98206,41.44288],[1.98144,41.4424],[1.97964,41.4426],[1.97898,41.44112],[1.97219,41.44258],[1.96871,41.44243],[1.96498,41.44288],[1.95947,41.4404],[1.9555,41.43924],[1.95358,41.43965],[1.9526,41.44079],[1.94944,41.44146],[1.94756,41.44311],[1.94604,41.44622],[1.9475,41.44684],[1.94826,41.44802],[1.94814,41.44901],[1.9496,41.45],[1.95105,41.45039],[1.951,41.45228],[1.95189,41.45356],[1.95244,41.45568]]]]}},{"type":"Feature","properties":{"cp":"08750","municipio":"Barcelona"},"geometry":{"type":"MultiPolygon","coordinates":[[[[2.05797,41.42912],[2.05725,41.43614],[2.05937,41.4362],[2.0596,41.43463],[2.06126,41.43372],[2.06311,41.4335],[2.06305,41.43303],[2.06352,41.43307],[2.06326,41.43232],[2.06437,41.42999],[2.06743,41.42956],[2.06651,41.42716],[2.06682,41.4263],[2.06959,41.42507],[2.07014,41.41942],[2.07083,41.41855],[2.06386,41.41785],[2.06457,41.41661],[2.06384,41.41408],[2.06183,41.41348],[2.06099,41.41266],[2.05852,41.41253],[2.05906,41.41217],[2.05877,41.4109],[2.05656,41.41059],[2.05521,41.41207],[2.0543,41.41398],[2.05653,41.41642],[2.05687,41.41838],[2.05601,41.42067],[2.05608,41.42137],[2.05414,41.4228],[2.05362,41.42272],[2.05209,41.42409],[2.05734,41.42622],[2.05797,41.42912]]],[[[2.05937,41.4362],[2.05725,41.43614],[2.05797,41.42912],[2.05744,41.42637],[2.05209,41.42409],[2.05362,41.42272],[2.05414,41.4228],[2.05608,41.42137],[2.05601,41.42067],[2.05687,41.41838],[2.05611,41.41585],[2.05457,41.41419],[2.053,41.41494],[2.0485,41.41355],[2.04782,41.41144],[2.04904,41.41174],[2.04941,41.41062],[2.04852,41.41064],[2.04541,41.40941],[2.04493,41.40877],[2.04423,41.40893],[2.04373,41.40833],[2.04121,41.40815],[2.03899,41.4043],[2.03321,41.39966],[2.03519,41.39697],[2.02179,41.38946],[2.01911,41.39613],[2.016,41.3992],[2.01223,41.40777],[2.00843,41.41214],[2.00716,41.41859],[2.00585,41.42138],[2.00782,41.42208],[2.00907,41.42186],[2.00822,41.42458],[2.01706,41.42794],[2.01824,41.42713],[2.01858,41.42844],[2.01979,41.42924],[2.01907,41.42984],[2.02052,41.43034],[2.02218,41.43014],[2.02225,41.43079],[2.02413,41.43141],[2.02535,41.43132],[2.02715,41.43269],[2.02975,41.4368],[2.03247,41.4392],[2.03275,41.44171],[2.03727,41.44224],[2.0405,41.44421],[2.04655,41.44491],[2.04873,41.44444],[2.05277,41.44486],[2.0548,41.44547],[2.05566,41.44484],[2.06116,41.445],[2.0632,41.44374],[2.06414,41.44222],[2.06348,41.44158],[2.06179,41.43754],[2.05971,41.43788],[2.05937,41.4362]]]]}},{"type":"Feature","properties":{"cp":"08753","municipio":"Pallejà"},"geometry":{"type":"MultiPolygon","coordinates":[[[[1.98285,41.41464],[1.97921,41.41354],[1.97729,41.41336],[1.97821,41.41443],[1.97562,41.41438],[1.97586,41.41581],[1.97314,41.41513],[1.97286,41.41552],[1.9734,41.41615],[1.97322,41.41776],[1.96981,41.41699],[1.97001,41.41778],[1.96901,41.417],[1.96824,41.41698],[1.96819,41.41636],[1.96633,41.41641],[1.96702,41.41741],[1.96566,41.4174],[1.96549,41.41779],[1.9629,41.41709],[1.96385,41.41863],[1.96065,41.41769],[1.96017,41.41789],[1.95965,41.41711],[1.95838,41.4168],[1.95782,41.41712],[1.9554,41.41645],[1.95452,41.41671],[1.95525,41.41754],[1.95272,41.41741],[1.9525,41.41784],[1.949,41.41744],[1.94722,41.4167],[1.94587,41.4167],[1.94464,41.41731],[1.94496,41.41757],[1.94528,41.42025],[1.95225,41.42047],[1.95551,41.4197],[1.96382,41.42232],[1.96553,41.42511],[1.96861,41.42778],[1.97139,41.42793],[1.9742,41.43215],[1.97826,41.42756],[1.98359,41.41622],[1.98285,41.41464]]]]}},{"type":"Feature","properties":{"cp":"08754","municipio":"Papiol, El"},"geometry":{"type":"MultiPolygon","coordinates":[[[[2.0256,41.44842],[2.02707,41.44682],[2.03087,41.44588],[2.031,41.44309],[2.03275,41.44171],[2.03247,41.4392],[2.02975,41.4368],[2.02715,41.43269],[2.02535,41.43132],[2.02413,41.43141],[2.02225,41.43079],[2.02218,41.43014],[2.02052,41.43034],[2.01907,41.42984],[2.01979,41.42924],[2.01858,41.42844],[2.01824,41.42713],[2.01706,41.42794],[2.00822,41.42458],[2.00907,41.42186],[2.00782,41.42208],[2.00585,41.42138],[2.00533,41.42174],[2.00466,41.42336],[2.00518,41.42488],[2.00209,41.42659],[1.9996,41.43043],[1.99722,41.43197],[1.99487,41.43582],[1.99579,41.43884],[1.99595,41.4519],[2.00094,41.45607],[2.00073,41.4572],[1.99912,41.45908],[1.99966,41.46004],[2.01032,41.45652],[2.0118,41.45801],[2.01424,41.45808],[2.01554,41.45882],[2.01847,41.45816],[2.01978,41.45857],[2.02114,41.45775],[2.02277,41.45771],[2.0236,41.45715],[2.02268,41.45598],[2.02334,41.45586],[2.02307,41.45464],[2.02431,41.45307],[2.02334,41.45087],[2.0256,41.44842]]]]}},{"type":"Feature","properties":{"cp":"08755","municipio":"Castellbisbal"},"geometry":{"type":"MultiPolygon","coordinates":[[[[1.97534,41.51976],[1.97848,41.52318],[1.9812,41.51563],[1.98508,41.51465],[1.98591,41.51256],[1.98592,41.50839],[1.98735,41.5005],[1.98709,41.49943],[1.9877,41.49926],[1.98804,41.49579],[1.98853,41.49542],[1.98797,41.49428],[1.98837,41.49387],[1.98833,41.49287],[1.98946,41.49147],[1.99097,41.48667],[1.99492,41.48578],[1.99599,41.48428],[1.99648,41.48197],[1.99608,41.48093],[1.99694,41.47807],[1.99667,41.47527],[1.99802,41.47285],[2.00275,41.4732],[2.00288,41.4722],[2.0035,41.47189],[2.00459,41.46938],[2.00578,41.46864],[2.00545,41.46302],[2.00337,41.46291],[2.00277,41.46167],[2.00214,41.46167],[1.99966,41.46004],[1.99912,41.45908],[2.00073,41.4572],[2.00094,41.45607],[1.99595,41.4519],[1.99579,41.43884],[1.99487,41.43582],[1.98779,41.44223],[1.97824,41.4484],[1.97686,41.45091],[1.9774,41.45274],[1.97597,41.45831],[1.97263,41.46429],[1.9696,41.46428],[1.9617,41.45971],[1.9523,41.46546],[1.95297,41.4657],[1.95133,41.46713],[1.95184,41.46746],[1.95129,41.46772],[1.95175,41.46859],[1.95076,41.47201],[1.94616,41.46713],[1.94515,41.46724],[1.93826,41.47382],[1.93808,41.47518],[1.93597,41.47578],[1.93424,41.47768],[1.93267,41.48558],[1.92459,41.48814],[1.92204,41.49019],[1.92111,41.494],[1.92232,41.49607],[1.92442,41.4972],[1.92396,41.49656],[1.92438,41.49566],[1.92614,41.49501],[1.92919,41.49545],[1.93105,41.49704],[1.93332,41.50075],[1.93285,41.50257],[1.93407,41.50487],[1.93537,41.5052],[1.9367,41.50943],[1.93717,41.50763],[1.94067,41.50694],[1.94557,41.50766],[1.95138,41.50931],[1.95819,41.51064],[1.96019,41.51149],[1.96097,41.51312],[1.96914,41.51188],[1.96983,41.51281],[1.96987,41.51433],[1.97093,41.51515],[1.97375,41.51947],[1.97534,41.51976]]]]}},{"type":"Feature","properties":{"cp":"08756","municipio":"Palma de Cervelló, La"},"geometry":{"type":"MultiPolygon","coordinates":[[[[1.94496,41.41757],[1.94464,41.41731],[1.94587,41.4167],[1.94722,41.4167],[1.949,41.41744],[1.9525,41.41784],[1.95272,41.41741],[1.95525,41.41754],[1.95452,41.41671],[1.9554,41.41645],[1.95782,41.41712],[1.95838,41.4168],[1.95965,41.41711],[1.96017,41.41789],[1.96065,41.41769],[1.96385,41.41863],[1.9629,41.41709],[1.96549,41.41779],[1.96566,41.4174],[1.96702,41.41741],[1.96633,41.41641],[1.96819,41.41636],[1.96824,41.41698],[1.96901,41.417],[1.97001,41.41778],[1.96981,41.41699],[1.97322,41.41776],[1.9734,41.41615],[1.97286,41.41552],[1.97314,41.41513],[1.97586,41.41581],[1.97562,41.41438],[1.97821,41.41443],[1.97729,41.41336],[1.97921,41.41354],[1.98285,41.41464],[1.9837,41.41359],[1.98156,41.41268],[1.98313,41.41115],[1.98461,41.41107],[1.98635,41.41175],[1.98755,41.41139],[1.98835,41.40865],[1.98898,41.4078],[1.98622,41.40479],[1.98515,41.40173],[1.98248,41.39988],[1.97947,41.39986],[1.97851,41.4009],[1.97559,41.40087],[1.97546,41.40053],[1.97405,41.40075],[1.97341,41.40124],[1.97237,41.40321],[1.96747,41.40482],[1.96657,41.40473],[1.96653,41.40663],[1.96543,41.40603],[1.96417,41.40612],[1.96374,41.40703],[1.96318,41.40722],[1.96389,41.40784],[1.9635,41.4086],[1.96149,41.40885],[1.95998,41.40882],[1.95507,41.40694],[1.95349,41.40591],[1.95218,41.40377],[1.94995,41.40293],[1.94565,41.40385],[1.94581,41.40499],[1.9449,41.40695],[1.9414,41.40716],[1.93829,41.40521],[1.93833,41.40664],[1.93959,41.40772],[1.94119,41.41051],[1.93987,41.41266],[1.93982,41.41439],[1.93785,41.41451],[1.93664,41.41511],[1.9352,41.41639],[1.93537,41.41715],[1.93739,41.41877],[1.93955,41.41901],[1.94107,41.41888],[1.94496,41.41757]]]]}},{"type":"Feature","properties":{"cp":"08757","municipio":"Gelida"},"geometry":{"type":"MultiPolygon","coordinates":[[[[1.88316,41.41494],[1.87148,41.42428],[1.87276,41.42995],[1.88086,41.43992],[1.88846,41.44377],[1.89203,41.43936],[1.89441,41.43778],[1.89702,41.43334],[1.89653,41.43202],[1.89474,41.43019],[1.89156,41.43034],[1.8907,41.42776],[1.8872,41.42393],[1.88723,41.42312],[1.8894,41.42247],[1.88778,41.41798],[1.88614,41.416],[1.88316,41.41494]]],[[[1.99015,41.43982],[1.98668,41.43606],[1.98714,41.43563],[1.98596,41.43442],[1.98265,41.43464],[1.9822,41.43406],[1.97416,41.43214],[1.97139,41.42793],[1.96861,41.42778],[1.96553,41.42511],[1.96382,41.42232],[1.95551,41.4197],[1.95225,41.42047],[1.94528,41.42025],[1.94496,41.41757],[1.94107,41.41888],[1.93739,41.41877],[1.93522,41.41671],[1.93664,41.41511],[1.93535,41.41453],[1.93319,41.4149],[1.92712,41.41155],[1.92604,41.40984],[1.92333,41.40787],[1.92192,41.40925],[1.92026,41.40683],[1.91805,41.40638],[1.91579,41.40656],[1.91531,41.40542],[1.91074,41.4054],[1.90864,41.40451],[1.90484,41.40457],[1.90006,41.40731],[1.89985,41.40838],[1.89736,41.40776],[1.89508,41.40774],[1.8923,41.40694],[1.89058,41.40788],[1.88659,41.40834],[1.88509,41.40812],[1.88235,41.40999],[1.88099,41.41179],[1.88247,41.4147],[1.88614,41.416],[1.88778,41.41798],[1.8894,41.42247],[1.88723,41.42312],[1.8872,41.42393],[1.8907,41.42776],[1.89156,41.43034],[1.89474,41.43019],[1.89747,41.42843],[1.89943,41.42935],[1.90188,41.43171],[1.90437,41.43081],[1.90541,41.4308],[1.90662,41.43097],[1.90922,41.43218],[1.91364,41.43306],[1.91815,41.43153],[1.92135,41.43186],[1.92295,41.43117],[1.92458,41.43215],[1.93274,41.43458],[1.93431,41.43443],[1.93722,41.43491],[1.93858,41.43426],[1.94124,41.43586],[1.9443,41.43646],[1.94456,41.43735],[1.94591,41.43798],[1.94712,41.43944],[1.9472,41.44018],[1.94821,41.44039],[1.94944,41.44146],[1.9526,41.44079],[1.95358,41.43965],[1.9555,41.43924],[1.95947,41.4404],[1.96498,41.44288],[1.96871,41.44243],[1.97219,41.44258],[1.97898,41.44112],[1.97964,41.4426],[1.98144,41.4424],[1.98206,41.44288],[1.98589,41.44361],[1.99015,41.43982]]]]}},{"type":"Feature","properties":{"cp":"08758","municipio":"Cervelló"},"geometry":{"type":"MultiPolygon","coordinates":[[[[1.93756,41.41462],[1.93982,41.41439],[1.93987,41.41266],[1.94119,41.41051],[1.93959,41.40772],[1.93833,41.40664],[1.93829,41.40521],[1.9414,41.40716],[1.9449,41.40695],[1.94581,41.40499],[1.94565,41.40385],[1.94995,41.40293],[1.95218,41.40377],[1.95349,41.40591],[1.95507,41.40694],[1.95998,41.40882],[1.96149,41.40885],[1.9635,41.4086],[1.96389,41.40784],[1.96318,41.40722],[1.96374,41.40703],[1.96417,41.40612],[1.96543,41.40603],[1.96653,41.40663],[1.96657,41.40473],[1.96747,41.40482],[1.97237,41.40321],[1.97341,41.40124],[1.97405,41.40075],[1.97546,41.40053],[1.97559,41.40087],[1.97851,41.4009],[1.97947,41.39986],[1.98248,41.39988],[1.98515,41.40173],[1.98622,41.40479],[1.98898,41.4078],[1.99118,41.40454],[1.99239,41.40381],[1.99342,41.4038],[1.99536,41.40174],[1.9947,41.39588],[1.99193,41.3944],[1.98923,41.3941],[1.98568,41.3901],[1.98593,41.38903],[1.98316,41.38683],[1.98091,41.38149],[1.98182,41.38058],[1.97878,41.38023],[1.97977,41.37778],[1.98434,41.37661],[1.98581,41.3756],[1.98891,41.37679],[1.99041,41.37599],[1.9868,41.37285],[1.98198,41.37244],[1.98253,41.37174],[1.98109,41.36962],[1.98158,41.36931],[1.9805,41.36858],[1.97924,41.36856],[1.97726,41.36755],[1.97338,41.36729],[1.9647,41.36467],[1.96398,41.36534],[1.95461,41.36738],[1.9504,41.36974],[1.94997,41.37278],[1.95043,41.37487],[1.94922,41.37557],[1.94844,41.37809],[1.94918,41.37848],[1.94857,41.38506],[1.94552,41.38936],[1.94484,41.38945],[1.94076,41.39629],[1.9375,41.39787],[1.93307,41.39868],[1.93176,41.39753],[1.93103,41.39797],[1.92831,41.39635],[1.92735,41.39638],[1.9279,41.39425],[1.92725,41.3936],[1.92432,41.39267],[1.92229,41.39099],[1.92211,41.38989],[1.91718,41.38825],[1.91587,41.38933],[1.91048,41.38978],[1.90828,41.38958],[1.90021,41.39077],[1.89645,41.38986],[1.87831,41.38886],[1.87642,41.3895],[1.87472,41.39497],[1.87556,41.39889],[1.87621,41.39956],[1.87761,41.4041],[1.87922,41.40509],[1.88251,41.40552],[1.8829,41.40678],[1.88509,41.40812],[1.88659,41.40834],[1.89058,41.40788],[1.8923,41.40694],[1.89508,41.40774],[1.89736,41.40776],[1.89985,41.40838],[1.90006,41.40731],[1.90484,41.40457],[1.90864,41.40451],[1.91074,41.4054],[1.91531,41.40542],[1.91579,41.40656],[1.91805,41.40638],[1.92026,41.40683],[1.92192,41.40925],[1.92333,41.40787],[1.92604,41.40984],[1.92712,41.41155],[1.93319,41.4149],[1.93535,41.41453],[1.93664,41.41511],[1.93756,41.41462]]]]}},{"type":"Feature","properties":{"cp":"08759","municipio":"Vallirana"},"geometry":{"type":"MultiPolygon","coordinates":[[[[1.9375,41.39787],[1.94076,41.39629],[1.94484,41.38945],[1.94552,41.38936],[1.94857,41.38506],[1.94918,41.37848],[1.94844,41.37809],[1.94922,41.37557],[1.95043,41.37487],[1.94997,41.37278],[1.9504,41.36974],[1.95387,41.36778],[1.95196,41.36578],[1.9511,41.36344],[1.94868,41.36225],[1.94521,41.35424],[1.94728,41.35221],[1.9454,41.35008],[1.94123,41.35036],[1.93757,41.35143],[1.93193,41.35043],[1.92793,41.35073],[1.92534,41.35153],[1.91903,41.35234],[1.91209,41.35434],[1.91119,41.35581],[1.91075,41.35329],[1.90988,41.35244],[1.90633,41.35279],[1.9039,41.3548],[1.90133,41.35489],[1.89998,41.35563],[1.89789,41.35482],[1.89091,41.36292],[1.89033,41.36745],[1.88843,41.3704],[1.88159,41.37316],[1.87731,41.37585],[1.87369,41.37905],[1.87057,41.38064],[1.86985,41.38665],[1.8694,41.38714],[1.87642,41.3895],[1.87831,41.38886],[1.89645,41.38986],[1.90021,41.39077],[1.90828,41.38958],[1.91048,41.38978],[1.91587,41.38933],[1.91718,41.38825],[1.92211,41.38989],[1.92229,41.39099],[1.92432,41.39267],[1.92725,41.3936],[1.9279,41.39425],[1.92735,41.39638],[1.92831,41.39635],[1.93103,41.39797],[1.93176,41.39753],[1.93307,41.39868],[1.9375,41.39787]]]]}},{"type":"Feature","properties":{"cp":"08760","municipio":"Martorell"},"geometry":{"type":"MultiPolygon","coordinates":[[[[1.89919,41.50295],[1.90222,41.50113],[1.90429,41.50123],[1.90495,41.50187],[1.90793,41.50158],[1.90842,41.50196],[1.91045,41.50153],[1.91083,41.50091],[1.91947,41.49785],[1.9202,41.49886],[1.92279,41.49855],[1.92445,41.49745],[1.92232,41.49607],[1.92111,41.494],[1.92204,41.49019],[1.92459,41.48814],[1.93267,41.48558],[1.93424,41.47768],[1.93597,41.47578],[1.93808,41.47518],[1.93826,41.47382],[1.94515,41.46724],[1.94616,41.46713],[1.95076,41.47201],[1.95175,41.46859],[1.95129,41.46772],[1.95184,41.46746],[1.95133,41.46713],[1.95297,41.4657],[1.9523,41.46546],[1.95404,41.46435],[1.9487,41.4615],[1.94442,41.46028],[1.93767,41.46331],[1.93565,41.4657],[1.93343,41.46619],[1.93136,41.46588],[1.93003,41.46524],[1.92877,41.464],[1.92604,41.46313],[1.92417,41.4616],[1.9225,41.46116],[1.92181,41.46036],[1.91906,41.45915],[1.92013,41.45807],[1.91867,41.45731],[1.91857,41.45593],[1.91539,41.45525],[1.91329,41.45595],[1.91132,41.45427],[1.90938,41.45439],[1.90714,41.45892],[1.9068,41.46082],[1.90709,41.4629],[1.90636,41.46476],[1.90642,41.46513],[1.90761,41.46549],[1.90929,41.4655],[1.91123,41.46823],[1.90662,41.46954],[1.90532,41.47164],[1.90582,41.47533],[1.90189,41.47555],[1.89731,41.47792],[1.8975,41.47931],[1.89947,41.48278],[1.89921,41.48618],[1.89716,41.48561],[1.895,41.48616],[1.89234,41.4897],[1.8948,41.49098],[1.89334,41.49291],[1.89548,41.49348],[1.89803,41.49293],[1.89822,41.4958],[1.89145,41.49996],[1.89263,41.50005],[1.88969,41.50115],[1.89109,41.50235],[1.89426,41.50341],[1.89919,41.50295]]]]}},{"type":"Feature","properties":{"cp":"08769","municipio":"Castellví de Rosanes"},"geometry":{"type":"MultiPolygon","coordinates":[[[[1.94442,41.46028],[1.94723,41.46103],[1.9503,41.45822],[1.95102,41.45558],[1.95246,41.45581],[1.95189,41.45356],[1.951,41.45228],[1.95105,41.45039],[1.9496,41.45],[1.94814,41.44901],[1.94826,41.44802],[1.9475,41.44684],[1.94604,41.44622],[1.94756,41.44311],[1.94944,41.44146],[1.94821,41.44039],[1.9472,41.44018],[1.94712,41.43944],[1.94591,41.43798],[1.94456,41.43735],[1.9443,41.43646],[1.94124,41.43586],[1.93858,41.43426],[1.93722,41.43491],[1.93431,41.43443],[1.93274,41.43458],[1.92458,41.43215],[1.92295,41.43117],[1.92135,41.43186],[1.91815,41.43153],[1.91364,41.43306],[1.90922,41.43218],[1.90662,41.43097],[1.90541,41.4308],[1.90437,41.43081],[1.90188,41.43171],[1.89943,41.42935],[1.89747,41.42843],[1.89474,41.43019],[1.89653,41.43202],[1.89702,41.43334],[1.89441,41.43778],[1.89203,41.43936],[1.88833,41.44391],[1.88504,41.44652],[1.87701,41.45518],[1.88057,41.45493],[1.88172,41.45525],[1.88381,41.45892],[1.8856,41.45929],[1.88736,41.46037],[1.8933,41.46265],[1.89863,41.46345],[1.90217,41.46461],[1.90557,41.46512],[1.90642,41.46513],[1.90638,41.46431],[1.90709,41.4629],[1.9068,41.46082],[1.90738,41.45828],[1.90805,41.45758],[1.90809,41.45648],[1.9092,41.45458],[1.90997,41.45417],[1.91132,41.45427],[1.91329,41.45595],[1.91539,41.45525],[1.91857,41.45593],[1.91867,41.45731],[1.92013,41.45807],[1.91906,41.45915],[1.92181,41.46036],[1.9225,41.46116],[1.92417,41.4616],[1.92604,41.46313],[1.92877,41.464],[1.93003,41.46524],[1.93136,41.46588],[1.93343,41.46619],[1.93565,41.4657],[1.93767,41.46331],[1.94442,41.46028]]]]}},{"type":"Feature","properties":{"cp":"08770","municipio":"Sant Sadurní d'Anoia"},"geometry":{"type":"MultiPolygon","coordinates":[[[[1.79811,41.4671],[1.80129,41.46606],[1.80144,41.46553],[1.80498,41.46239],[1.80802,41.45693],[1.80791,41.45546],[1.81048,41.45301],[1.81008,41.44872],[1.81032,41.44693],[1.81256,41.44587],[1.81518,41.44326],[1.81553,41.43894],[1.81342,41.43664],[1.80703,41.43592],[1.80525,41.43098],[1.80049,41.42592],[1.8008,41.42201],[1.80288,41.41647],[1.79428,41.40953],[1.79387,41.41008],[1.78953,41.41075],[1.78696,41.41064],[1.78231,41.41205],[1.78078,41.41367],[1.78114,41.41464],[1.78064,41.41493],[1.78037,41.4167],[1.77675,41.41879],[1.77371,41.41931],[1.76821,41.42158],[1.76111,41.42158],[1.75892,41.42233],[1.75724,41.42192],[1.75082,41.42356],[1.75596,41.43106],[1.7582,41.43332],[1.76043,41.43296],[1.76096,41.43456],[1.76346,41.43439],[1.7641,41.43578],[1.76886,41.43781],[1.76838,41.43999],[1.76885,41.44571],[1.77614,41.45078],[1.77569,41.45285],[1.77486,41.45406],[1.77517,41.45603],[1.77471,41.45637],[1.77428,41.46305],[1.7774,41.46475],[1.77883,41.4633],[1.7799,41.46343],[1.78249,41.46537],[1.78546,41.46515],[1.78598,41.46637],[1.78737,41.46709],[1.78806,41.46683],[1.78983,41.46735],[1.79811,41.4671]]]]}},{"type":"Feature","properties":{"cp":"08773","municipio":"Mediona"},"geometry":{"type":"MultiPolygon","coordinates":[[[[1.69478,41.48284],[1.69109,41.47984],[1.69115,41.47811],[1.69257,41.47738],[1.69503,41.47747],[1.69727,41.48001],[1.70237,41.47422],[1.70097,41.47399],[1.70031,41.4734],[1.69867,41.47349],[1.69552,41.47237],[1.6878,41.47102],[1.68476,41.4714],[1.68186,41.4708],[1.67766,41.47132],[1.6645,41.47052],[1.66223,41.47281],[1.65989,41.47394],[1.66034,41.47101],[1.66133,41.46852],[1.66091,41.46635],[1.65844,41.46555],[1.65729,41.46598],[1.65491,41.466],[1.6541,41.4666],[1.65057,41.46458],[1.64838,41.46441],[1.64562,41.4631],[1.64526,41.4639],[1.64343,41.46414],[1.63766,41.45934],[1.63965,41.45954],[1.64162,41.45421],[1.64547,41.45356],[1.63748,41.44375],[1.63483,41.44555],[1.63098,41.44686],[1.62768,41.44542],[1.62638,41.44556],[1.62556,41.44665],[1.62235,41.44866],[1.62167,41.45028],[1.62004,41.45123],[1.61969,41.45196],[1.6164,41.45189],[1.61629,41.45144],[1.61511,41.45128],[1.61337,41.45172],[1.61171,41.45447],[1.61046,41.45409],[1.60803,41.45238],[1.60472,41.45181],[1.60186,41.45026],[1.60025,41.45106],[1.59889,41.4507],[1.59935,41.44917],[1.59817,41.44893],[1.59421,41.45105],[1.59134,41.46133],[1.58786,41.46127],[1.58592,41.46164],[1.58439,41.46131],[1.58321,41.46186],[1.58101,41.46421],[1.5794,41.46481],[1.5787,41.46579],[1.57783,41.46594],[1.57032,41.47227],[1.57069,41.48085],[1.57527,41.48397],[1.57852,41.48507],[1.58033,41.48663],[1.58093,41.48812],[1.58268,41.49022],[1.58637,41.49186],[1.58888,41.49206],[1.59258,41.49337],[1.60026,41.49385],[1.60012,41.49417],[1.60223,41.49512],[1.60093,41.49598],[1.60085,41.49651],[1.59987,41.4969],[1.60081,41.49717],[1.60045,41.49805],[1.60105,41.49924],[1.59949,41.50005],[1.59954,41.5005],[1.60114,41.50392],[1.60211,41.50477],[1.60741,41.50432],[1.61053,41.50477],[1.61044,41.50787],[1.60971,41.51012],[1.60889,41.51067],[1.60775,41.51246],[1.60584,41.51299],[1.61636,41.51314],[1.62007,41.51102],[1.62837,41.50843],[1.63252,41.50802],[1.63502,41.50718],[1.63583,41.50783],[1.63742,41.5079],[1.6418,41.5066],[1.66556,41.5068],[1.66818,41.50874],[1.67986,41.50717],[1.69023,41.48802],[1.69478,41.48284]]]]}},{"type":"Feature","properties":{"cp":"08775","municipio":"Torrelavit"},"geometry":{"type":"MultiPolygon","coordinates":[[[[1.71607,41.46602],[1.71848,41.46623],[1.72213,41.46558],[1.7255,41.46344],[1.72976,41.46415],[1.73473,41.46191],[1.7359,41.46183],[1.73733,41.46075],[1.7415,41.46136],[1.74553,41.45903],[1.75155,41.45767],[1.74927,41.4533],[1.75251,41.45131],[1.76885,41.44571],[1.76838,41.43999],[1.76886,41.43781],[1.7641,41.43578],[1.76346,41.43439],[1.76096,41.43456],[1.76043,41.43296],[1.7582,41.43332],[1.75596,41.43106],[1.75082,41.42356],[1.74831,41.41755],[1.73875,41.42458],[1.73779,41.42595],[1.73625,41.42694],[1.73636,41.42738],[1.73557,41.42762],[1.73394,41.42918],[1.7337,41.43],[1.72846,41.43409],[1.72338,41.43582],[1.72191,41.4357],[1.7211,41.43605],[1.72068,41.43412],[1.71301,41.42353],[1.71081,41.42098],[1.7099,41.42114],[1.70913,41.42081],[1.70531,41.417],[1.70112,41.41772],[1.6965,41.4172],[1.69376,41.41737],[1.69136,41.41788],[1.68991,41.41865],[1.68571,41.42164],[1.68068,41.42606],[1.67653,41.43126],[1.6796,41.43054],[1.68033,41.43188],[1.67998,41.43313],[1.68037,41.43432],[1.68199,41.43595],[1.68439,41.43716],[1.68446,41.4398],[1.68529,41.44219],[1.68288,41.44658],[1.68502,41.44637],[1.68497,41.44722],[1.687,41.44669],[1.68867,41.44824],[1.69064,41.44895],[1.69159,41.44558],[1.69291,41.44488],[1.69454,41.4457],[1.6945,41.44674],[1.69582,41.44766],[1.69669,41.44745],[1.69811,41.44789],[1.69829,41.44841],[1.69965,41.449],[1.70061,41.44777],[1.70064,41.44648],[1.70236,41.4472],[1.70207,41.44626],[1.70373,41.4444],[1.7062,41.44433],[1.70689,41.44645],[1.70723,41.44637],[1.70784,41.44763],[1.70762,41.44797],[1.70866,41.44895],[1.7063,41.4502],[1.70708,41.45195],[1.70676,41.45233],[1.70717,41.4526],[1.7069,41.45342],[1.70756,41.45402],[1.70711,41.45452],[1.70816,41.45491],[1.70777,41.45542],[1.70821,41.45583],[1.70805,41.45654],[1.70706,41.45775],[1.7115,41.46394],[1.71119,41.46562],[1.71225,41.46647],[1.71197,41.46766],[1.71323,41.46745],[1.71607,41.46602]]]]}},{"type":"Feature","properties":{"cp":"08776","municipio":"Sant Pere de Riudebitlles"},"geometry":{"type":"MultiPolygon","coordinates":[[[[1.70064,41.44648],[1.70061,41.44777],[1.69965,41.449],[1.69829,41.44841],[1.69811,41.44789],[1.69669,41.44745],[1.69582,41.44766],[1.6945,41.44674],[1.69454,41.4457],[1.69291,41.44488],[1.69159,41.44558],[1.69064,41.44895],[1.68867,41.44824],[1.687,41.44669],[1.68497,41.44722],[1.68502,41.44637],[1.68474,41.44634],[1.68234,41.4466],[1.67911,41.44842],[1.67797,41.44975],[1.67711,41.44949],[1.6767,41.45],[1.67852,41.45115],[1.6796,41.45109],[1.68033,41.45262],[1.68211,41.45434],[1.68174,41.45458],[1.68171,41.45659],[1.68245,41.45764],[1.68331,41.45755],[1.68568,41.45858],[1.68703,41.45707],[1.68843,41.45642],[1.69261,41.45558],[1.69278,41.457],[1.68995,41.45864],[1.68963,41.46122],[1.6907,41.46143],[1.69082,41.46194],[1.6894,41.46445],[1.69091,41.46716],[1.69592,41.47273],[1.69867,41.47349],[1.69995,41.47327],[1.70097,41.47399],[1.70237,41.47422],[1.7027,41.47363],[1.70679,41.47273],[1.70792,41.47196],[1.71001,41.46993],[1.71033,41.46854],[1.71197,41.46766],[1.71225,41.46647],[1.71123,41.46585],[1.7115,41.46394],[1.70706,41.45775],[1.70805,41.45654],[1.70821,41.45583],[1.70777,41.45542],[1.70816,41.45491],[1.70711,41.45452],[1.70756,41.45402],[1.7069,41.45342],[1.70717,41.4526],[1.70676,41.45233],[1.70708,41.45195],[1.7063,41.4502],[1.70866,41.44895],[1.70762,41.44797],[1.70784,41.44763],[1.70723,41.44637],[1.70689,41.44645],[1.7062,41.44433],[1.70373,41.4444],[1.70207,41.44626],[1.70236,41.4472],[1.70064,41.44648]]]]}},{"type":"Feature","properties":{"cp":"08777","municipio":"Sant Quintí de Mediona"},"geometry":{"type":"MultiPolygon","coordinates":[[[[1.63965,41.45954],[1.63766,41.45934],[1.64343,41.46414],[1.64526,41.4639],[1.64562,41.4631],[1.64838,41.46441],[1.65057,41.46458],[1.6541,41.4666],[1.65491,41.466],[1.65729,41.46598],[1.65844,41.46555],[1.66091,41.46635],[1.66133,41.46852],[1.66034,41.47101],[1.65989,41.47394],[1.66223,41.47281],[1.6645,41.47052],[1.67766,41.47132],[1.68186,41.4708],[1.68476,41.4714],[1.6878,41.47102],[1.69552,41.47237],[1.69091,41.46716],[1.6894,41.46445],[1.69082,41.46194],[1.6907,41.46143],[1.68963,41.46122],[1.68995,41.45864],[1.69278,41.457],[1.69261,41.45558],[1.68843,41.45642],[1.68703,41.45707],[1.68568,41.45858],[1.68331,41.45755],[1.68245,41.45764],[1.68171,41.45659],[1.68174,41.45458],[1.68211,41.45434],[1.68033,41.45262],[1.6796,41.45109],[1.67852,41.45115],[1.6767,41.45],[1.67711,41.44949],[1.67797,41.44975],[1.67911,41.44842],[1.68288,41.44658],[1.68529,41.44219],[1.68446,41.4398],[1.68439,41.43716],[1.68199,41.43595],[1.68037,41.43432],[1.67998,41.43313],[1.68033,41.43188],[1.6796,41.43054],[1.65851,41.43714],[1.65603,41.43602],[1.65306,41.4358],[1.65262,41.43543],[1.65025,41.43565],[1.64746,41.43807],[1.64195,41.43992],[1.63748,41.44375],[1.64547,41.45356],[1.64162,41.45421],[1.63965,41.45954]]]]}},{"type":"Feature","properties":{"cp":"08779","municipio":"Llacuna, La"},"geometry":{"type":"MultiPolygon","coordinates":[[[[1.60584,41.51299],[1.60775,41.51246],[1.60889,41.51067],[1.60971,41.51012],[1.61044,41.50787],[1.61053,41.50477],[1.60741,41.50432],[1.60211,41.50477],[1.60114,41.50392],[1.59954,41.5005],[1.59949,41.50005],[1.60105,41.49924],[1.60045,41.49805],[1.60081,41.49717],[1.59987,41.4969],[1.60085,41.49651],[1.60093,41.49598],[1.60223,41.49512],[1.60012,41.49417],[1.60026,41.49385],[1.59258,41.49337],[1.58888,41.49206],[1.58637,41.49186],[1.58418,41.49109],[1.58268,41.49022],[1.58093,41.48812],[1.58033,41.48663],[1.57852,41.48507],[1.57527,41.48397],[1.57053,41.48057],[1.57032,41.47227],[1.57783,41.46594],[1.5787,41.46579],[1.5794,41.46481],[1.58101,41.46421],[1.58321,41.46186],[1.58439,41.46131],[1.58592,41.46164],[1.58786,41.46127],[1.59134,41.46133],[1.59421,41.45105],[1.58756,41.44811],[1.57211,41.44331],[1.57184,41.44508],[1.57118,41.44626],[1.56689,41.44839],[1.56506,41.4503],[1.56415,41.45073],[1.56179,41.45109],[1.55386,41.45114],[1.55165,41.44658],[1.54725,41.44706],[1.54379,41.44619],[1.54327,41.44558],[1.54303,41.44346],[1.54214,41.44133],[1.54029,41.44279],[1.53926,41.44296],[1.53822,41.44413],[1.5371,41.44457],[1.53669,41.44533],[1.53419,41.4432],[1.53374,41.44326],[1.53303,41.44209],[1.53296,41.44169],[1.53549,41.43997],[1.52243,41.43828],[1.51595,41.43578],[1.51071,41.43453],[1.50295,41.42808],[1.4952,41.43561],[1.47922,41.43552],[1.47565,41.43609],[1.47355,41.43888],[1.46848,41.44396],[1.4718,41.44717],[1.47923,41.45287],[1.48317,41.45783],[1.48674,41.46475],[1.48627,41.46557],[1.48717,41.46627],[1.48704,41.46912],[1.48653,41.46983],[1.48564,41.47002],[1.4862,41.47062],[1.4856,41.47149],[1.486,41.47208],[1.48678,41.47234],[1.48824,41.47396],[1.49063,41.47572],[1.49217,41.47609],[1.4921,41.47729],[1.49296,41.47799],[1.49462,41.47844],[1.49505,41.47915],[1.49702,41.47948],[1.49714,41.48059],[1.49997,41.48127],[1.50034,41.48186],[1.50261,41.48298],[1.50475,41.48332],[1.50495,41.48522],[1.50861,41.48613],[1.51017,41.48597],[1.51103,41.48636],[1.51177,41.48814],[1.51395,41.48875],[1.51881,41.48246],[1.5197,41.4826],[1.5209,41.48384],[1.5227,41.4849],[1.52627,41.48412],[1.53117,41.48478],[1.53748,41.49327],[1.54731,41.49671],[1.54641,41.49841],[1.55232,41.50192],[1.55387,41.50916],[1.5562,41.51025],[1.56287,41.51078],[1.566,41.51006],[1.56743,41.50934],[1.57683,41.51151],[1.58004,41.50726],[1.58804,41.50993],[1.59054,41.51191],[1.59566,41.51208],[1.59939,41.51291],[1.60418,41.51012],[1.60481,41.51325],[1.60584,41.51299]]]]}},{"type":"Feature","properties":{"cp":"08780","municipio":"Pallejà"},"geometry":{"type":"MultiPolygon","coordinates":[[[[1.99487,41.43582],[1.99722,41.43197],[1.9996,41.43043],[2.00209,41.42659],[2.00518,41.42488],[2.00466,41.42336],[2.00716,41.41859],[2.00843,41.41214],[2.00938,41.41095],[2.00242,41.40875],[1.99803,41.4058],[1.99252,41.4089],[1.9907,41.40937],[1.98861,41.40835],[1.98737,41.41151],[1.98635,41.41175],[1.98461,41.41107],[1.98313,41.41115],[1.98156,41.41268],[1.9837,41.41359],[1.98285,41.41464],[1.98359,41.41622],[1.97826,41.42756],[1.9742,41.43215],[1.9822,41.43406],[1.98265,41.43464],[1.98596,41.43442],[1.98714,41.43563],[1.98668,41.43606],[1.99015,41.43982],[1.99487,41.43582]]]]}},{"type":"Feature","properties":{"cp":"08781","municipio":"Hostalets de Pierola, Els"},"geometry":{"type":"MultiPolygon","coordinates":[[[[1.75703,41.5762],[1.76495,41.57648],[1.77152,41.57492],[1.7728,41.57289],[1.77361,41.57264],[1.77586,41.57296],[1.77686,41.57482],[1.77807,41.57483],[1.77901,41.56685],[1.78401,41.5617],[1.79041,41.5631],[1.79711,41.56752],[1.7974,41.56415],[1.7963,41.56285],[1.79444,41.56184],[1.79603,41.56111],[1.79166,41.55937],[1.79146,41.55831],[1.79254,41.55151],[1.79242,41.54773],[1.80693,41.53894],[1.81698,41.53451],[1.82607,41.53217],[1.82911,41.53497],[1.83127,41.53207],[1.83404,41.53082],[1.83384,41.53054],[1.83457,41.52977],[1.83747,41.52888],[1.83887,41.52633],[1.83992,41.52592],[1.83996,41.52496],[1.84132,41.52524],[1.84193,41.52357],[1.84558,41.52314],[1.84677,41.52191],[1.84867,41.5215],[1.84932,41.52096],[1.8503,41.52151],[1.85121,41.52068],[1.85245,41.5208],[1.85322,41.52009],[1.85389,41.52007],[1.85492,41.51624],[1.85432,41.516],[1.85369,41.51392],[1.85541,41.51249],[1.85586,41.5103],[1.85556,41.50862],[1.85456,41.5083],[1.85455,41.50707],[1.85167,41.50655],[1.85019,41.50712],[1.84543,41.50666],[1.8437,41.50779],[1.84158,41.50846],[1.83855,41.511],[1.83656,41.5108],[1.83544,41.51121],[1.83508,41.51198],[1.83518,41.51328],[1.83463,41.51362],[1.83339,41.51325],[1.83345,41.51233],[1.83304,41.51198],[1.83089,41.51226],[1.83014,41.51063],[1.82959,41.51038],[1.8289,41.51029],[1.82849,41.51083],[1.82741,41.51109],[1.82647,41.50991],[1.82543,41.50997],[1.82421,41.5106],[1.82343,41.5104],[1.82185,41.51143],[1.82137,41.51138],[1.82084,41.5098],[1.81954,41.51145],[1.8182,41.51123],[1.81611,41.51251],[1.81463,41.51224],[1.81154,41.51299],[1.81106,41.51448],[1.81048,41.51452],[1.80983,41.51393],[1.80901,41.514],[1.80732,41.51608],[1.80537,41.5161],[1.80575,41.51731],[1.80541,41.51837],[1.80251,41.5175],[1.802,41.51824],[1.80253,41.52025],[1.80061,41.52138],[1.79795,41.52163],[1.79539,41.5229],[1.79239,41.5235],[1.7871,41.52587],[1.78343,41.52668],[1.78201,41.52788],[1.78001,41.52844],[1.77898,41.52741],[1.77955,41.52526],[1.77869,41.52476],[1.77838,41.52365],[1.77517,41.52546],[1.77248,41.52919],[1.76784,41.53212],[1.76579,41.53409],[1.76405,41.53407],[1.76367,41.53491],[1.76101,41.53587],[1.76039,41.53654],[1.76068,41.54123],[1.76016,41.54351],[1.75974,41.54446],[1.75829,41.5457],[1.75842,41.54828],[1.7558,41.55103],[1.75455,41.55534],[1.75604,41.55661],[1.75609,41.55873],[1.7531,41.56131],[1.74986,41.56114],[1.74823,41.56226],[1.74561,41.56481],[1.74595,41.5655],[1.74289,41.5686],[1.74541,41.57183],[1.74371,41.57377],[1.74261,41.57445],[1.74342,41.57517],[1.74737,41.5756],[1.74924,41.5754],[1.7533,41.57678],[1.75651,41.57662],[1.75703,41.5762]]],[[[1.76814,41.53193],[1.7646,41.53122],[1.76125,41.53354],[1.76101,41.53587],[1.76367,41.53491],[1.76405,41.53407],[1.76579,41.53409],[1.76814,41.53193]]]]}},{"type":"Feature","properties":{"cp":"08782","municipio":"Masquefa"},"geometry":{"type":"MultiPolygon","coordinates":[[[[1.83849,41.49914],[1.83823,41.4984],[1.83493,41.49903],[1.83327,41.49737],[1.8321,41.4953],[1.83163,41.4979],[1.83352,41.50124],[1.83621,41.50229],[1.8402,41.50967],[1.84158,41.50846],[1.84504,41.50696],[1.84309,41.50681],[1.84105,41.50466],[1.84049,41.50186],[1.83853,41.50003],[1.83849,41.49914]]]]}},{"type":"Feature","properties":{"cp":"08783","municipio":"Masquefa"},"geometry":{"type":"MultiPolygon","coordinates":[[[[1.8402,41.50967],[1.83621,41.50229],[1.83352,41.50124],[1.83163,41.4979],[1.8321,41.4953],[1.83185,41.49476],[1.83034,41.49376],[1.82639,41.48741],[1.82573,41.48572],[1.82479,41.48527],[1.8245,41.4846],[1.82504,41.4841],[1.82419,41.48332],[1.82448,41.48258],[1.82394,41.48152],[1.82217,41.48154],[1.82045,41.48232],[1.81493,41.48068],[1.81029,41.48106],[1.80951,41.48076],[1.80726,41.47658],[1.80848,41.47556],[1.80648,41.47398],[1.8067,41.47344],[1.803,41.47287],[1.80234,41.47374],[1.79894,41.47521],[1.79657,41.47613],[1.79532,41.47606],[1.79353,41.47657],[1.79291,41.47632],[1.79338,41.47573],[1.79261,41.4738],[1.79228,41.47387],[1.79046,41.48119],[1.79023,41.48584],[1.78908,41.48715],[1.78696,41.49472],[1.78569,41.49604],[1.78417,41.5021],[1.78346,41.50368],[1.78015,41.50518],[1.78098,41.50732],[1.78076,41.50776],[1.78219,41.50851],[1.78271,41.51019],[1.78628,41.5125],[1.78302,41.51671],[1.78193,41.51733],[1.78219,41.51889],[1.78301,41.51955],[1.78143,41.51995],[1.78212,41.52149],[1.77838,41.52365],[1.77869,41.52476],[1.77955,41.52526],[1.77898,41.52741],[1.78001,41.52844],[1.78201,41.52788],[1.78343,41.52668],[1.7871,41.52587],[1.79239,41.5235],[1.79539,41.5229],[1.79795,41.52163],[1.80061,41.52138],[1.80253,41.52025],[1.802,41.51824],[1.80251,41.5175],[1.80541,41.51837],[1.80575,41.51731],[1.80537,41.5161],[1.80732,41.51608],[1.80901,41.514],[1.80983,41.51393],[1.81048,41.51452],[1.81106,41.51448],[1.81154,41.51299],[1.81463,41.51224],[1.81611,41.51251],[1.8182,41.51123],[1.81954,41.51145],[1.82084,41.5098],[1.82137,41.51138],[1.82185,41.51143],[1.82343,41.5104],[1.82421,41.5106],[1.82543,41.50997],[1.82647,41.50991],[1.82741,41.51109],[1.82849,41.51083],[1.8289,41.51029],[1.82959,41.51038],[1.83014,41.51063],[1.83089,41.51226],[1.83304,41.51198],[1.83345,41.51233],[1.83339,41.51325],[1.83463,41.51362],[1.83518,41.51328],[1.83508,41.51198],[1.83544,41.51121],[1.83656,41.5108],[1.83855,41.511],[1.8402,41.50967]]]]}},{"type":"Feature","properties":{"cp":"08784","municipio":"Piera"},"geometry":{"type":"MultiPolygon","coordinates":[[[[1.73315,41.58163],[1.73355,41.58064],[1.73643,41.57973],[1.73787,41.5773],[1.73804,41.57584],[1.74071,41.57532],[1.74261,41.57445],[1.74371,41.57377],[1.74541,41.57183],[1.74289,41.5686],[1.74595,41.5655],[1.74561,41.56481],[1.74986,41.56114],[1.7531,41.56131],[1.75609,41.55873],[1.75604,41.55661],[1.75455,41.55534],[1.7558,41.55103],[1.75842,41.54828],[1.75829,41.5457],[1.75974,41.54446],[1.76016,41.54351],[1.76068,41.54123],[1.76039,41.53654],[1.76101,41.53587],[1.76125,41.53354],[1.7646,41.53122],[1.76814,41.53193],[1.77082,41.53043],[1.77248,41.52919],[1.77517,41.52546],[1.78212,41.52149],[1.78143,41.51995],[1.78301,41.51955],[1.78219,41.51889],[1.78193,41.51733],[1.78302,41.51671],[1.78628,41.5125],[1.78271,41.51019],[1.78219,41.50851],[1.78076,41.50776],[1.78098,41.50732],[1.78015,41.50518],[1.78346,41.50368],[1.78417,41.5021],[1.78569,41.49604],[1.78696,41.49472],[1.78908,41.48715],[1.79023,41.48584],[1.79046,41.48119],[1.79273,41.4729],[1.79534,41.47171],[1.79691,41.47031],[1.7982,41.46832],[1.79788,41.46718],[1.78983,41.46735],[1.78806,41.46683],[1.78737,41.46709],[1.78598,41.46637],[1.78546,41.46515],[1.78249,41.46537],[1.7799,41.46343],[1.77883,41.4633],[1.7774,41.46475],[1.77428,41.46305],[1.77471,41.45637],[1.77517,41.45603],[1.77486,41.45406],[1.77569,41.45285],[1.77614,41.45078],[1.76885,41.44571],[1.75251,41.45131],[1.74927,41.4533],[1.75155,41.45767],[1.74727,41.45867],[1.74657,41.46024],[1.74822,41.46171],[1.74923,41.4619],[1.75301,41.46533],[1.74793,41.46624],[1.74267,41.46937],[1.7424,41.46994],[1.74284,41.47052],[1.74498,41.47209],[1.7447,41.47288],[1.74124,41.47263],[1.7401,41.47196],[1.73708,41.47326],[1.74015,41.47585],[1.7438,41.47636],[1.74419,41.47663],[1.74403,41.47708],[1.74251,41.47716],[1.74032,41.47978],[1.73919,41.48037],[1.73714,41.48016],[1.73465,41.48231],[1.73347,41.48283],[1.73294,41.48358],[1.73361,41.48504],[1.7334,41.48554],[1.72865,41.48742],[1.72675,41.48956],[1.7262,41.49086],[1.72624,41.4921],[1.71736,41.49735],[1.71705,41.49832],[1.71791,41.50081],[1.71761,41.50118],[1.71628,41.50146],[1.7149,41.49921],[1.71275,41.49912],[1.71106,41.50071],[1.70828,41.50152],[1.70597,41.50399],[1.70553,41.50539],[1.70353,41.50606],[1.70282,41.50684],[1.70294,41.50761],[1.70353,41.50816],[1.7051,41.50809],[1.7067,41.50874],[1.70723,41.50929],[1.7073,41.51015],[1.7119,41.50898],[1.71331,41.51028],[1.71449,41.51016],[1.71478,41.51121],[1.71663,41.51204],[1.71767,41.51201],[1.71895,41.5135],[1.72093,41.51404],[1.71831,41.51971],[1.72075,41.52141],[1.71625,41.52837],[1.71754,41.52984],[1.71713,41.5328],[1.71794,41.53338],[1.7184,41.53551],[1.71708,41.53703],[1.71671,41.54089],[1.71721,41.54165],[1.71695,41.54284],[1.71755,41.54365],[1.71593,41.54839],[1.71618,41.54918],[1.71746,41.5504],[1.71665,41.55217],[1.71575,41.55245],[1.71776,41.55289],[1.71915,41.55476],[1.71933,41.55616],[1.72053,41.55793],[1.72186,41.55908],[1.72127,41.56117],[1.72188,41.56207],[1.72028,41.56383],[1.71717,41.56573],[1.71807,41.56782],[1.71762,41.57006],[1.71635,41.57159],[1.71975,41.57365],[1.71902,41.57546],[1.7194,41.57647],[1.71855,41.57738],[1.71853,41.57791],[1.71972,41.58009],[1.72314,41.57995],[1.7256,41.58167],[1.73315,41.58163]]]]}},{"type":"Feature","properties":{"cp":"08785","municipio":"Vallbona d'Anoia"},"geometry":{"type":"MultiPolygon","coordinates":[[[[1.70886,41.5464],[1.70928,41.5483],[1.71204,41.55049],[1.71247,41.55125],[1.71351,41.55136],[1.71474,41.55267],[1.71665,41.55217],[1.71746,41.5504],[1.71618,41.54918],[1.71593,41.54839],[1.71755,41.54365],[1.71695,41.54284],[1.71721,41.54165],[1.71671,41.54089],[1.71681,41.53895],[1.71708,41.53703],[1.7184,41.53551],[1.71794,41.53338],[1.71713,41.5328],[1.71754,41.52984],[1.71625,41.52837],[1.72075,41.52141],[1.71831,41.51971],[1.72093,41.51404],[1.71895,41.5135],[1.71767,41.51201],[1.71663,41.51204],[1.71478,41.51121],[1.71449,41.51016],[1.71331,41.51028],[1.7119,41.50898],[1.7073,41.51015],[1.70662,41.51065],[1.70388,41.51084],[1.70339,41.51153],[1.70356,41.51259],[1.70014,41.51151],[1.69862,41.51165],[1.69801,41.51266],[1.69697,41.51335],[1.69662,41.51541],[1.70139,41.51795],[1.70363,41.51853],[1.70409,41.51932],[1.70394,41.51981],[1.70211,41.52047],[1.69355,41.52054],[1.69238,41.52141],[1.69213,41.52244],[1.69401,41.52345],[1.69538,41.52574],[1.69734,41.52791],[1.6974,41.52952],[1.6967,41.53068],[1.69786,41.53208],[1.69804,41.53338],[1.70029,41.53599],[1.70179,41.53617],[1.70239,41.53705],[1.70325,41.53747],[1.70302,41.54027],[1.7019,41.54166],[1.70216,41.54217],[1.70455,41.54283],[1.70556,41.5439],[1.70767,41.545],[1.70886,41.5464]]]]}},{"type":"Feature","properties":{"cp":"08786","municipio":"Capellades"},"geometry":{"type":"MultiPolygon","coordinates":[[[[1.67729,41.52966],[1.67635,41.53106],[1.68261,41.53483],[1.68565,41.53762],[1.68914,41.53765],[1.68993,41.53581],[1.70186,41.5413],[1.7019,41.54166],[1.70287,41.54063],[1.70325,41.53747],[1.70239,41.53705],[1.70179,41.53617],[1.70029,41.53599],[1.69804,41.53338],[1.69786,41.53208],[1.6967,41.53068],[1.6974,41.52952],[1.69734,41.52791],[1.69538,41.52574],[1.69401,41.52345],[1.69213,41.52266],[1.68807,41.52302],[1.6863,41.52175],[1.68481,41.52192],[1.68166,41.52093],[1.68094,41.51981],[1.68026,41.51741],[1.68007,41.51341],[1.67413,41.51736],[1.67529,41.51817],[1.6805,41.52493],[1.67729,41.52966]]]]}},{"type":"Feature","properties":{"cp":"08787","municipio":"Carme"},"geometry":{"type":"MultiPolygon","coordinates":[[[[1.62428,41.51872],[1.62294,41.52023],[1.62162,41.5205],[1.61904,41.51932],[1.61615,41.51965],[1.61712,41.51699],[1.61506,41.51328],[1.60584,41.51299],[1.60481,41.51325],[1.60921,41.51459],[1.60702,41.52207],[1.60385,41.52232],[1.60409,41.52352],[1.60569,41.52488],[1.61132,41.52678],[1.60982,41.52977],[1.61175,41.5308],[1.61324,41.52952],[1.61502,41.53184],[1.61329,41.53292],[1.6099,41.53315],[1.60715,41.53289],[1.60573,41.53365],[1.60297,41.53389],[1.60164,41.53484],[1.59956,41.53536],[1.59921,41.53562],[1.59999,41.53658],[1.5996,41.5378],[1.5999,41.53877],[1.5966,41.54124],[1.59522,41.54164],[1.58723,41.53991],[1.58546,41.54031],[1.58659,41.54083],[1.58977,41.5406],[1.59164,41.54201],[1.59327,41.54229],[1.59535,41.54354],[1.59934,41.54473],[1.60091,41.54476],[1.60234,41.54547],[1.60405,41.54565],[1.60557,41.54519],[1.61005,41.54572],[1.61227,41.54686],[1.61487,41.54684],[1.61649,41.54798],[1.62108,41.5489],[1.62168,41.54942],[1.62398,41.5488],[1.62389,41.54753],[1.62487,41.54756],[1.62672,41.54808],[1.63041,41.54827],[1.63232,41.54919],[1.63296,41.54996],[1.63393,41.54942],[1.63615,41.5497],[1.63808,41.54902],[1.6393,41.54656],[1.64058,41.54652],[1.64042,41.54548],[1.64093,41.54438],[1.64304,41.54439],[1.64589,41.54364],[1.64977,41.54381],[1.65153,41.54311],[1.65195,41.54204],[1.65163,41.54061],[1.65216,41.53943],[1.65145,41.53894],[1.65255,41.5379],[1.65069,41.53527],[1.64719,41.53237],[1.6472,41.53123],[1.64651,41.53107],[1.6453,41.53181],[1.63939,41.51995],[1.62428,41.51872]]],[[[1.59543,41.5414],[1.5966,41.54124],[1.5999,41.53877],[1.5996,41.5378],[1.59999,41.53658],[1.59921,41.53562],[1.59956,41.53536],[1.60164,41.53484],[1.60297,41.53389],[1.60573,41.53365],[1.60715,41.53289],[1.6099,41.53315],[1.61329,41.53292],[1.61508,41.53168],[1.61324,41.52952],[1.61175,41.5308],[1.60982,41.52977],[1.61132,41.52678],[1.60569,41.52488],[1.60409,41.52352],[1.60385,41.52232],[1.60702,41.52207],[1.60921,41.51459],[1.60481,41.51325],[1.60418,41.51012],[1.59939,41.51291],[1.59566,41.51208],[1.59054,41.51191],[1.58804,41.50993],[1.58004,41.50726],[1.57683,41.51151],[1.56714,41.50933],[1.56382,41.51068],[1.5594,41.51073],[1.55802,41.51312],[1.55046,41.51222],[1.54719,41.51443],[1.5452,41.5175],[1.5433,41.51805],[1.54383,41.51976],[1.54294,41.52241],[1.54241,41.52334],[1.53885,41.52613],[1.53908,41.52712],[1.53849,41.52894],[1.5443,41.52985],[1.54731,41.53139],[1.55108,41.53148],[1.55299,41.53229],[1.55574,41.5323],[1.56355,41.5341],[1.56593,41.53518],[1.57006,41.53608],[1.57077,41.53702],[1.57294,41.53829],[1.57784,41.53953],[1.5786,41.54005],[1.58522,41.54138],[1.58546,41.54031],[1.58723,41.53991],[1.59522,41.54164],[1.59543,41.5414]]],[[[1.64042,41.54548],[1.64058,41.54652],[1.6393,41.54656],[1.63873,41.54813],[1.63743,41.54939],[1.63604,41.55217],[1.63694,41.55285],[1.6414,41.55304],[1.64462,41.55455],[1.64707,41.55385],[1.65071,41.55406],[1.6529,41.55708],[1.65471,41.55719],[1.65605,41.55672],[1.66064,41.56348],[1.66031,41.56416],[1.6604,41.56587],[1.66147,41.56756],[1.66149,41.56868],[1.66065,41.56996],[1.65902,41.57109],[1.65918,41.572],[1.6614,41.57234],[1.66417,41.57528],[1.66627,41.57594],[1.66787,41.57593],[1.66752,41.57799],[1.66839,41.5789],[1.67039,41.57952],[1.6718,41.58057],[1.67116,41.5817],[1.67173,41.58259],[1.67083,41.58377],[1.67291,41.58482],[1.67318,41.58544],[1.68892,41.57448],[1.68966,41.57176],[1.69505,41.57321],[1.69751,41.57237],[1.69842,41.5712],[1.70262,41.57116],[1.71432,41.56558],[1.71717,41.56573],[1.71937,41.56452],[1.72184,41.56231],[1.72127,41.56117],[1.72186,41.55908],[1.72053,41.55793],[1.71933,41.55616],[1.71915,41.55476],[1.71776,41.55289],[1.71671,41.55251],[1.71474,41.55267],[1.71351,41.55136],[1.71247,41.55125],[1.71204,41.55049],[1.70928,41.5483],[1.70886,41.5464],[1.70767,41.545],[1.70556,41.5439],[1.70455,41.54283],[1.70241,41.54239],[1.7019,41.54166],[1.70049,41.54224],[1.69784,41.54473],[1.68766,41.54446],[1.6877,41.54502],[1.67774,41.54325],[1.66568,41.54331],[1.6638,41.54419],[1.6623,41.54378],[1.66212,41.54296],[1.6626,41.5409],[1.66023,41.54071],[1.65855,41.53965],[1.65614,41.54069],[1.65472,41.5391],[1.65216,41.53943],[1.65163,41.54061],[1.65195,41.54204],[1.65153,41.54311],[1.64977,41.54381],[1.64589,41.54364],[1.64304,41.54439],[1.64093,41.54438],[1.64042,41.54548]]],[[[1.47546,41.47881],[1.47467,41.47947],[1.47617,41.4826],[1.47393,41.48626],[1.47864,41.48822],[1.48065,41.48846],[1.48417,41.49137],[1.48641,41.49253],[1.48994,41.4935],[1.49104,41.49457],[1.4939,41.49614],[1.49401,41.49766],[1.49339,41.4991],[1.49162,41.5008],[1.49102,41.50251],[1.48995,41.50318],[1.4885,41.50508],[1.48706,41.50518],[1.48624,41.50581],[1.48521,41.50859],[1.48691,41.5093],[1.48696,41.51001],[1.48601,41.51108],[1.48688,41.51181],[1.48579,41.51274],[1.48509,41.51418],[1.48831,41.51464],[1.48937,41.51938],[1.49171,41.51931],[1.49219,41.51989],[1.49583,41.52001],[1.4989,41.52105],[1.50412,41.52201],[1.50518,41.52244],[1.50605,41.52375],[1.50747,41.52447],[1.51031,41.52453],[1.51144,41.52497],[1.51173,41.52542],[1.51146,41.52596],[1.51526,41.5289],[1.51665,41.5307],[1.51754,41.53421],[1.51995,41.53619],[1.52104,41.5378],[1.52185,41.54059],[1.5248,41.54075],[1.52623,41.54187],[1.52651,41.54064],[1.53114,41.53772],[1.53228,41.53562],[1.5357,41.53408],[1.53581,41.53332],[1.53519,41.5328],[1.53702,41.52883],[1.53849,41.52894],[1.53908,41.52712],[1.53885,41.52613],[1.54241,41.52334],[1.54294,41.52241],[1.54383,41.51976],[1.5433,41.51805],[1.5452,41.5175],[1.54719,41.51443],[1.55046,41.51222],[1.55802,41.51312],[1.5594,41.51073],[1.5562,41.51025],[1.55407,41.50942],[1.55232,41.50192],[1.54641,41.49841],[1.54731,41.49671],[1.53748,41.49327],[1.53117,41.48478],[1.52627,41.48412],[1.5227,41.4849],[1.5209,41.48384],[1.5197,41.4826],[1.51881,41.48246],[1.51412,41.4887],[1.51309,41.48861],[1.51177,41.48814],[1.51103,41.48636],[1.50495,41.48522],[1.50475,41.48332],[1.50261,41.48298],[1.50034,41.48186],[1.49997,41.48127],[1.49714,41.48059],[1.49702,41.47948],[1.49505,41.47915],[1.49462,41.47844],[1.49296,41.47799],[1.4921,41.47729],[1.49217,41.47609],[1.48964,41.47507],[1.48678,41.47234],[1.48583,41.47189],[1.48464,41.4721],[1.48456,41.47492],[1.47958,41.47607],[1.47546,41.47881]]]]}},{"type":"Feature","properties":{"cp":"08788","municipio":"Vilanova del Camí"},"geometry":{"type":"MultiPolygon","coordinates":[[[[1.63472,41.57604],[1.63456,41.57637],[1.63562,41.57737],[1.63769,41.57851],[1.65019,41.5758],[1.65246,41.57408],[1.65946,41.57253],[1.66161,41.57332],[1.66355,41.57551],[1.66305,41.57838],[1.6633,41.57911],[1.66282,41.57968],[1.66385,41.58247],[1.66603,41.5817],[1.66805,41.58281],[1.66901,41.58208],[1.66938,41.58368],[1.6709,41.58359],[1.67173,41.58259],[1.67116,41.5817],[1.6718,41.58057],[1.67039,41.57952],[1.6678,41.57839],[1.66752,41.57762],[1.66804,41.57635],[1.66787,41.57593],[1.66627,41.57594],[1.66417,41.57528],[1.6614,41.57234],[1.65918,41.572],[1.65902,41.57109],[1.66065,41.56996],[1.66149,41.56868],[1.66147,41.56756],[1.6604,41.56587],[1.66031,41.56416],[1.66064,41.56348],[1.65605,41.55672],[1.65471,41.55719],[1.6529,41.55708],[1.65071,41.55406],[1.64707,41.55385],[1.64462,41.55455],[1.6414,41.55304],[1.63674,41.55281],[1.63604,41.55217],[1.63743,41.54939],[1.63716,41.54931],[1.6351,41.54974],[1.63393,41.54942],[1.63296,41.54996],[1.63232,41.54919],[1.63041,41.54827],[1.62389,41.54753],[1.62398,41.5488],[1.62168,41.54942],[1.62108,41.5489],[1.61649,41.54798],[1.61487,41.54684],[1.61227,41.54686],[1.61005,41.54572],[1.60557,41.54519],[1.60405,41.54565],[1.60234,41.54547],[1.60091,41.54476],[1.59934,41.54473],[1.59535,41.54354],[1.59327,41.54229],[1.59164,41.54201],[1.58977,41.5406],[1.58659,41.54083],[1.58546,41.54031],[1.58522,41.54138],[1.5897,41.54346],[1.59292,41.54609],[1.60337,41.55045],[1.61234,41.55287],[1.61239,41.55334],[1.61065,41.5556],[1.61315,41.55735],[1.6196,41.55987],[1.62034,41.5615],[1.61663,41.56607],[1.61583,41.56933],[1.62284,41.57048],[1.62486,41.56985],[1.62687,41.57045],[1.62675,41.57141],[1.62877,41.57145],[1.63151,41.57087],[1.63286,41.57139],[1.63342,41.57276],[1.63528,41.57488],[1.63472,41.57604]]]]}},{"type":"Feature","properties":{"cp":"08789","municipio":"Torre de Claramunt, La"},"geometry":{"type":"MultiPolygon","coordinates":[[[[1.7019,41.54166],[1.70186,41.5413],[1.68993,41.53581],[1.68914,41.53765],[1.68565,41.53762],[1.68261,41.53483],[1.67635,41.53106],[1.6805,41.52493],[1.67529,41.51817],[1.67413,41.51736],[1.68007,41.51341],[1.67951,41.51123],[1.68029,41.51019],[1.6806,41.5085],[1.67986,41.50717],[1.66818,41.50874],[1.66556,41.5068],[1.6418,41.5066],[1.63742,41.5079],[1.63583,41.50783],[1.63502,41.50718],[1.63252,41.50802],[1.62837,41.50843],[1.62007,41.51102],[1.61636,41.51314],[1.61506,41.51328],[1.61712,41.51699],[1.61615,41.51965],[1.62479,41.51866],[1.63939,41.51995],[1.6453,41.53181],[1.64651,41.53107],[1.6472,41.53123],[1.64719,41.53237],[1.65069,41.53527],[1.65255,41.5379],[1.65145,41.53894],[1.65162,41.53927],[1.65261,41.53947],[1.65472,41.5391],[1.65614,41.54069],[1.65855,41.53965],[1.66023,41.54071],[1.6622,41.54069],[1.6626,41.5409],[1.66262,41.54157],[1.66212,41.5433],[1.66296,41.54413],[1.6638,41.54419],[1.66568,41.54331],[1.67774,41.54325],[1.6877,41.54502],[1.68766,41.54446],[1.69784,41.54473],[1.70049,41.54224],[1.7019,41.54166]]],[[[1.62428,41.51872],[1.61904,41.51932],[1.62162,41.5205],[1.62294,41.52023],[1.62428,41.51872]]]]}},{"type":"Feature","properties":{"cp":"08790","municipio":"Gelida"},"geometry":{"type":"MultiPolygon","coordinates":[[[[1.84822,41.46505],[1.8473,41.4637],[1.84748,41.46315],[1.84996,41.46171],[1.85209,41.46201],[1.85237,41.46164],[1.85173,41.46067],[1.85199,41.46021],[1.85395,41.46001],[1.85446,41.4614],[1.85549,41.46157],[1.85628,41.46021],[1.85707,41.45978],[1.86106,41.45958],[1.86123,41.45892],[1.86052,41.45794],[1.86069,41.45764],[1.86231,41.45751],[1.86335,41.45829],[1.86586,41.45764],[1.8691,41.45796],[1.87305,41.45731],[1.87481,41.458],[1.87599,41.4557],[1.87701,41.45518],[1.88504,41.44652],[1.88846,41.44377],[1.88086,41.43992],[1.87276,41.42995],[1.87148,41.42428],[1.88316,41.41494],[1.88247,41.4147],[1.88099,41.41179],[1.88235,41.40999],[1.88509,41.40812],[1.8829,41.40678],[1.88251,41.40552],[1.87922,41.40509],[1.87761,41.4041],[1.87621,41.39956],[1.87556,41.39889],[1.86597,41.41101],[1.86439,41.40624],[1.86186,41.40387],[1.85989,41.40468],[1.85837,41.40461],[1.85539,41.40729],[1.85419,41.40953],[1.85286,41.41008],[1.83927,41.4233],[1.83514,41.42968],[1.82285,41.43356],[1.81553,41.43894],[1.81518,41.44326],[1.81995,41.44523],[1.82123,41.4472],[1.82405,41.44664],[1.82481,41.44798],[1.82595,41.44772],[1.82697,41.45056],[1.83076,41.45018],[1.83251,41.45085],[1.83305,41.45146],[1.83304,41.4539],[1.83412,41.45499],[1.83485,41.45691],[1.83624,41.45689],[1.83653,41.45751],[1.83572,41.46106],[1.8362,41.46227],[1.83722,41.46314],[1.83856,41.46389],[1.8415,41.46332],[1.84394,41.46462],[1.84649,41.4648],[1.8475,41.46534],[1.84822,41.46505]]]]}},{"type":"Feature","properties":{"cp":"08791","municipio":"Sant Llorenç d'Hortons"},"geometry":{"type":"MultiPolygon","coordinates":[[[[1.86113,41.48246],[1.86495,41.48013],[1.87139,41.47731],[1.87219,41.47538],[1.872,41.47456],[1.87368,41.47236],[1.87248,41.4703],[1.87265,41.46739],[1.872,41.46564],[1.87281,41.46451],[1.87314,41.46198],[1.87265,41.46056],[1.87481,41.458],[1.87305,41.45731],[1.8691,41.45796],[1.86586,41.45764],[1.86335,41.45829],[1.86231,41.45751],[1.86069,41.45764],[1.86052,41.45794],[1.86123,41.45892],[1.86106,41.45958],[1.85707,41.45978],[1.85628,41.46021],[1.85549,41.46157],[1.85446,41.4614],[1.85395,41.46001],[1.85199,41.46021],[1.85173,41.46067],[1.85237,41.46164],[1.85209,41.46201],[1.84996,41.46171],[1.84748,41.46315],[1.8473,41.4637],[1.84822,41.46505],[1.84779,41.46534],[1.84649,41.4648],[1.84339,41.46445],[1.8415,41.46332],[1.83856,41.46389],[1.83593,41.46183],[1.83572,41.46106],[1.83653,41.45751],[1.83624,41.45689],[1.83485,41.45691],[1.83412,41.45499],[1.83304,41.4539],[1.83305,41.45146],[1.83251,41.45085],[1.83076,41.45018],[1.82697,41.45056],[1.82595,41.44772],[1.82481,41.44798],[1.82405,41.44664],[1.82123,41.4472],[1.81995,41.44523],[1.81518,41.44326],[1.81256,41.44587],[1.81032,41.44693],[1.81008,41.44872],[1.81048,41.45301],[1.80791,41.45546],[1.80802,41.45693],[1.80498,41.46239],[1.80144,41.46553],[1.80129,41.46606],[1.79788,41.46718],[1.7982,41.46832],[1.79691,41.47031],[1.79534,41.47171],[1.79273,41.4729],[1.79261,41.4738],[1.79338,41.47573],[1.79291,41.47632],[1.79353,41.47657],[1.79532,41.47606],[1.79657,41.47613],[1.79894,41.47521],[1.80234,41.47374],[1.803,41.47287],[1.8067,41.47344],[1.80648,41.47398],[1.80848,41.47556],[1.80726,41.47658],[1.80951,41.48076],[1.81029,41.48106],[1.81493,41.48068],[1.82045,41.48232],[1.82217,41.48154],[1.82394,41.48152],[1.82448,41.48258],[1.82419,41.48332],[1.82504,41.4841],[1.8245,41.4846],[1.82479,41.48527],[1.82573,41.48572],[1.82639,41.48741],[1.83034,41.49376],[1.83185,41.49476],[1.83327,41.49737],[1.83493,41.49903],[1.83823,41.4984],[1.84128,41.49723],[1.84223,41.49647],[1.84305,41.49324],[1.84492,41.49097],[1.84778,41.48951],[1.85025,41.48762],[1.85208,41.48711],[1.85368,41.48563],[1.8569,41.48385],[1.86113,41.48246]]]]}},{"type":"Feature","properties":{"cp":"08792","municipio":"Granada, La"},"geometry":{"type":"MultiPolygon","coordinates":[[[[1.69569,41.37],[1.69409,41.37209],[1.69589,41.37318],[1.69797,41.37761],[1.69722,41.38013],[1.69793,41.38128],[1.69872,41.38147],[1.69874,41.38205],[1.69923,41.3823],[1.6989,41.38389],[1.69922,41.38414],[1.70101,41.38318],[1.70274,41.3829],[1.70494,41.3865],[1.7075,41.38435],[1.70961,41.38493],[1.71596,41.38187],[1.72094,41.38001],[1.72338,41.38034],[1.72562,41.38184],[1.7289,41.38302],[1.72927,41.38616],[1.7327,41.38476],[1.73318,41.38388],[1.73267,41.38276],[1.73191,41.38269],[1.7304,41.38165],[1.73204,41.37986],[1.7296,41.37631],[1.73704,41.37431],[1.74177,41.37179],[1.74342,41.37129],[1.74044,41.36783],[1.73811,41.36783],[1.73614,41.36563],[1.73355,41.364],[1.72548,41.36909],[1.72581,41.36942],[1.72326,41.37196],[1.71545,41.36554],[1.71051,41.3671],[1.70876,41.36811],[1.70669,41.36851],[1.70433,41.37015],[1.70079,41.37157],[1.69596,41.36979],[1.69569,41.37]]],[[[1.74774,41.39539],[1.7478,41.39418],[1.74972,41.39429],[1.74905,41.3932],[1.74927,41.3925],[1.7465,41.39162],[1.74295,41.38963],[1.74041,41.387],[1.73927,41.38851],[1.73815,41.38886],[1.73801,41.38976],[1.74276,41.39382],[1.74013,41.3948],[1.74001,41.39558],[1.74232,41.39557],[1.74289,41.39603],[1.74322,41.3957],[1.74307,41.39514],[1.74351,41.39487],[1.74474,41.39603],[1.74774,41.39539]]],[[[1.74971,41.3927],[1.75147,41.39259],[1.75163,41.39179],[1.75119,41.39087],[1.7515,41.39065],[1.75352,41.39079],[1.75462,41.38972],[1.75628,41.38939],[1.75622,41.38824],[1.75336,41.38483],[1.75074,41.38404],[1.74834,41.38265],[1.74363,41.382],[1.7418,41.38247],[1.74097,41.3838],[1.73916,41.38476],[1.73779,41.38459],[1.74295,41.38963],[1.7465,41.39162],[1.74971,41.3927]]],[[[1.73867,41.39478],[1.74001,41.39558],[1.74013,41.3948],[1.74276,41.39382],[1.74214,41.39317],[1.73695,41.38911],[1.73475,41.38669],[1.73237,41.38483],[1.72927,41.38616],[1.72914,41.3832],[1.72562,41.38184],[1.72338,41.38034],[1.72094,41.38001],[1.71596,41.38187],[1.70961,41.38493],[1.7075,41.38435],[1.70494,41.3865],[1.70227,41.38795],[1.70101,41.38964],[1.70085,41.39166],[1.70122,41.39294],[1.70782,41.39497],[1.71245,41.39426],[1.71378,41.39353],[1.71541,41.39429],[1.71634,41.39326],[1.7178,41.39336],[1.71963,41.39243],[1.72223,41.39254],[1.72319,41.39332],[1.72529,41.39281],[1.72618,41.39188],[1.72874,41.39356],[1.72915,41.39347],[1.72942,41.39266],[1.7305,41.39244],[1.73216,41.39332],[1.73361,41.3924],[1.73589,41.39336],[1.73626,41.39399],[1.73565,41.39553],[1.73601,41.39606],[1.73722,41.39591],[1.73798,41.39495],[1.73867,41.39478]]]]}},{"type":"Feature","properties":{"cp":"08793","municipio":"Avinyonet del Penedès"},"geometry":{"type":"MultiPolygon","coordinates":[[[[1.74041,41.387],[1.73779,41.38459],[1.73916,41.38476],[1.74097,41.3838],[1.7418,41.38247],[1.74363,41.382],[1.74834,41.38265],[1.75074,41.38404],[1.75336,41.38483],[1.75622,41.38824],[1.75871,41.3872],[1.75927,41.38659],[1.7608,41.38755],[1.76123,41.38734],[1.76154,41.38619],[1.7624,41.38605],[1.76126,41.37744],[1.77106,41.3744],[1.77515,41.38076],[1.77621,41.38017],[1.78211,41.3787],[1.78503,41.37698],[1.78877,41.37589],[1.79868,41.37174],[1.80052,41.37007],[1.80104,41.36854],[1.80221,41.36776],[1.80369,41.36543],[1.80727,41.36388],[1.80729,41.36354],[1.80623,41.36296],[1.8065,41.36211],[1.80813,41.36238],[1.80846,41.36143],[1.80833,41.361],[1.80614,41.36084],[1.80603,41.36008],[1.80386,41.35929],[1.80392,41.35883],[1.80543,41.35809],[1.80461,41.35667],[1.80444,41.35552],[1.80265,41.35542],[1.80203,41.35492],[1.80339,41.34983],[1.80461,41.34933],[1.80614,41.35001],[1.81024,41.34992],[1.81191,41.3479],[1.81867,41.34397],[1.81826,41.34284],[1.81874,41.34237],[1.81805,41.34117],[1.81681,41.33997],[1.81532,41.33944],[1.81615,41.33821],[1.81384,41.33829],[1.81808,41.3368],[1.82222,41.33467],[1.82413,41.33493],[1.82506,41.33446],[1.82468,41.32767],[1.82764,41.32673],[1.82956,41.3254],[1.83212,41.32522],[1.83315,41.32476],[1.83622,41.32253],[1.83869,41.31959],[1.84018,41.31909],[1.84773,41.31935],[1.84059,41.31584],[1.83794,41.31789],[1.83445,41.3193],[1.8335,41.32039],[1.83049,41.3208],[1.82909,41.3214],[1.82614,41.32014],[1.82504,41.3192],[1.81949,41.32131],[1.8155,41.32134],[1.81389,41.32062],[1.81256,41.32112],[1.81123,41.32237],[1.80946,41.32232],[1.80824,41.32348],[1.80143,41.32368],[1.80021,41.32315],[1.79658,41.32283],[1.79361,41.32343],[1.79228,41.33048],[1.77104,41.34365],[1.77219,41.3443],[1.76936,41.34689],[1.76737,41.3502],[1.76493,41.35043],[1.76373,41.35122],[1.76289,41.35089],[1.76167,41.35138],[1.76312,41.35443],[1.75959,41.35546],[1.76089,41.35661],[1.76226,41.35689],[1.76344,41.35767],[1.76707,41.35745],[1.76718,41.35799],[1.76925,41.35929],[1.76855,41.36047],[1.76723,41.3606],[1.76775,41.36158],[1.76703,41.3617],[1.76746,41.36392],[1.76556,41.3647],[1.76421,41.36575],[1.75639,41.36746],[1.75059,41.36973],[1.74177,41.37179],[1.73704,41.37431],[1.7296,41.37631],[1.73204,41.37986],[1.7304,41.38165],[1.73191,41.38269],[1.73267,41.38276],[1.73318,41.38388],[1.73237,41.38483],[1.73315,41.38561],[1.73801,41.38976],[1.73815,41.38886],[1.73927,41.38851],[1.74041,41.387]]]]}},{"type":"Feature","properties":{"cp":"08794","municipio":"Cabanyes, Les"},"geometry":{"type":"MultiPolygon","coordinates":[[[[1.68412,41.37412],[1.68412,41.37509],[1.68546,41.37503],[1.68949,41.37606],[1.69083,41.37771],[1.69116,41.37917],[1.69782,41.37736],[1.69589,41.37318],[1.69409,41.37209],[1.69596,41.36979],[1.68779,41.36432],[1.67945,41.36868],[1.68741,41.37118],[1.68599,41.37239],[1.68465,41.37281],[1.68412,41.37412]]]]}},{"type":"Feature","properties":{"cp":"08795","municipio":"Olesa de Bonesvalls"},"geometry":{"type":"MultiPolygon","coordinates":[[[[1.86377,41.38747],[1.86634,41.387],[1.8694,41.38714],[1.86985,41.38665],[1.87057,41.38064],[1.87369,41.37905],[1.87731,41.37585],[1.88159,41.37316],[1.88843,41.3704],[1.89033,41.36745],[1.89091,41.36292],[1.89789,41.35482],[1.89586,41.35148],[1.89403,41.35075],[1.89192,41.35052],[1.88938,41.34798],[1.88328,41.34511],[1.88242,41.34388],[1.87364,41.34429],[1.86979,41.34265],[1.86935,41.34202],[1.87155,41.33855],[1.86701,41.33653],[1.86498,41.33519],[1.86101,41.33374],[1.85979,41.33206],[1.86013,41.33029],[1.85945,41.32961],[1.85809,41.32933],[1.85748,41.32793],[1.85611,41.32708],[1.85254,41.32001],[1.85156,41.31924],[1.83946,41.31919],[1.83773,41.32051],[1.83622,41.32253],[1.83315,41.32476],[1.83212,41.32522],[1.82956,41.3254],[1.82764,41.32673],[1.82468,41.32767],[1.82506,41.33446],[1.82413,41.33493],[1.82222,41.33467],[1.81808,41.3368],[1.81384,41.33829],[1.81615,41.33821],[1.81532,41.33944],[1.81681,41.33997],[1.81805,41.34117],[1.81874,41.34237],[1.81826,41.34284],[1.81867,41.34397],[1.81191,41.3479],[1.81024,41.34992],[1.80827,41.35019],[1.80415,41.34941],[1.80339,41.34983],[1.80307,41.35131],[1.81783,41.35774],[1.821,41.35825],[1.82226,41.35946],[1.82391,41.36025],[1.82616,41.36307],[1.82966,41.3658],[1.83209,41.36945],[1.83186,41.37012],[1.83271,41.37204],[1.83157,41.37394],[1.83251,41.37473],[1.8346,41.37486],[1.83524,41.37391],[1.83805,41.37668],[1.83996,41.37687],[1.84285,41.37888],[1.84387,41.37844],[1.84752,41.37835],[1.8496,41.38012],[1.85473,41.38047],[1.85818,41.38267],[1.85854,41.3839],[1.85952,41.385],[1.85975,41.3872],[1.8616,41.38804],[1.86377,41.38747]]]]}},{"type":"Feature","properties":{"cp":"08796","municipio":"Pacs del Penedès"},"geometry":{"type":"MultiPolygon","coordinates":[[[[1.65063,41.35689],[1.65074,41.35764],[1.64855,41.35791],[1.64975,41.35913],[1.64789,41.35989],[1.64879,41.36111],[1.64712,41.36213],[1.64771,41.36353],[1.64631,41.36644],[1.64733,41.36664],[1.64709,41.36731],[1.6559,41.36969],[1.6621,41.37073],[1.67278,41.37147],[1.67824,41.36945],[1.68779,41.36432],[1.68401,41.3625],[1.68404,41.36074],[1.68243,41.35927],[1.67753,41.35614],[1.67655,41.35029],[1.67324,41.34775],[1.66564,41.34594],[1.6617,41.34573],[1.66121,41.34755],[1.65971,41.34864],[1.65771,41.3527],[1.6541,41.35478],[1.65342,41.35544],[1.65324,41.3566],[1.65063,41.35689]]]]}},{"type":"Feature","properties":{"cp":"08797","municipio":"Puigdàlber"},"geometry":{"type":"MultiPolygon","coordinates":[[[[1.69681,41.40032],[1.69545,41.40178],[1.6956,41.40276],[1.69267,41.40487],[1.69317,41.40864],[1.70064,41.40712],[1.70354,41.40321],[1.69681,41.40032]]],[[[1.72251,41.40294],[1.72312,41.40101],[1.72112,41.39939],[1.71849,41.3995],[1.71773,41.40047],[1.72251,41.40294]]]]}},{"type":"Feature","properties":{"cp":"08798","municipio":"Avinyonet del Penedès"},"geometry":{"type":"MultiPolygon","coordinates":[[[[1.7624,41.38605],[1.7644,41.38595],[1.76464,41.38502],[1.76602,41.38498],[1.76634,41.38462],[1.76614,41.3837],[1.76743,41.38386],[1.76808,41.38339],[1.76934,41.38124],[1.77036,41.3818],[1.77282,41.38072],[1.77515,41.38076],[1.77106,41.3744],[1.76126,41.37744],[1.7624,41.38605]]],[[[1.77104,41.34365],[1.76751,41.34169],[1.76434,41.34078],[1.76321,41.33948],[1.75787,41.34052],[1.7559,41.33966],[1.75269,41.34044],[1.75053,41.34169],[1.74982,41.34161],[1.74924,41.34257],[1.74947,41.34314],[1.74845,41.34411],[1.74876,41.34496],[1.74973,41.34543],[1.74729,41.34885],[1.7489,41.34981],[1.74857,41.35059],[1.74868,41.35198],[1.74592,41.35281],[1.74437,41.35396],[1.74178,41.3547],[1.74215,41.35522],[1.74192,41.35611],[1.74275,41.35641],[1.74142,41.35747],[1.73893,41.3586],[1.73364,41.35731],[1.7323,41.3603],[1.73436,41.36327],[1.73355,41.364],[1.73614,41.36563],[1.73811,41.36783],[1.74044,41.36783],[1.74342,41.37129],[1.75059,41.36973],[1.75639,41.36746],[1.76421,41.36575],[1.76556,41.3647],[1.76746,41.36392],[1.76703,41.3617],[1.76775,41.36158],[1.76723,41.3606],[1.76855,41.36047],[1.76925,41.35929],[1.76718,41.35799],[1.76707,41.35745],[1.76344,41.35767],[1.76226,41.35689],[1.76089,41.35661],[1.75959,41.35546],[1.76312,41.35443],[1.76167,41.35138],[1.76289,41.35089],[1.76373,41.35122],[1.76493,41.35043],[1.76737,41.3502],[1.76936,41.34689],[1.77219,41.3443],[1.77104,41.34365]]]]}},{"type":"Feature","properties":{"cp":"08799","municipio":"Olèrdola"},"geometry":{"type":"MultiPolygon","coordinates":[[[[1.76328,41.33883],[1.73797,41.32899],[1.72701,41.33649],[1.723,41.33749],[1.72045,41.33758],[1.71843,41.33914],[1.72211,41.33955],[1.72187,41.3413],[1.72237,41.34231],[1.72485,41.34133],[1.72482,41.34],[1.72385,41.33984],[1.72421,41.33899],[1.72539,41.33918],[1.72888,41.33794],[1.7287,41.33765],[1.72972,41.33718],[1.73285,41.34083],[1.73523,41.34171],[1.73802,41.34873],[1.73509,41.35026],[1.73551,41.35083],[1.72832,41.35348],[1.72801,41.35312],[1.72797,41.3507],[1.72598,41.35285],[1.7263,41.35422],[1.72551,41.35512],[1.72389,41.35467],[1.72362,41.35531],[1.72252,41.35495],[1.72215,41.35573],[1.721,41.35569],[1.7207,41.35751],[1.72156,41.35748],[1.72236,41.35912],[1.72175,41.36],[1.7242,41.36062],[1.72449,41.35988],[1.72588,41.36041],[1.7254,41.36115],[1.72638,41.36212],[1.72868,41.36033],[1.72929,41.36056],[1.72989,41.36022],[1.73043,41.3605],[1.73007,41.36087],[1.73074,41.36066],[1.73134,41.36103],[1.7323,41.3603],[1.73364,41.35731],[1.73893,41.3586],[1.74142,41.35747],[1.74275,41.35641],[1.74192,41.35611],[1.74215,41.35522],[1.74178,41.3547],[1.74437,41.35396],[1.74592,41.35281],[1.74868,41.35198],[1.74857,41.35059],[1.7489,41.34981],[1.74729,41.34885],[1.74973,41.34543],[1.74876,41.34496],[1.74845,41.34411],[1.74947,41.34314],[1.74924,41.34257],[1.74982,41.34161],[1.75053,41.34169],[1.75269,41.34044],[1.7559,41.33966],[1.75787,41.34052],[1.76321,41.33948],[1.76328,41.33883]]]]}},{"type":"Feature","properties":{"cp":"08800","municipio":"Vilanova i la Geltrú"},"geometry":{"type":"MultiPolygon","coordinates":[[[[1.70381,41.26701],[1.70553,41.26703],[1.71509,41.26917],[1.71995,41.26796],[1.72401,41.26629],[1.72271,41.2629],[1.73052,41.25319],[1.73005,41.2516],[1.72926,41.25164],[1.72808,41.25354],[1.72598,41.25326],[1.72654,41.25113],[1.72965,41.24595],[1.73056,41.24614],[1.7327,41.24484],[1.73425,41.24563],[1.73373,41.24709],[1.73426,41.24818],[1.73609,41.24375],[1.73943,41.23793],[1.73964,41.23594],[1.74119,41.23377],[1.74241,41.23053],[1.74114,41.22955],[1.74124,41.22765],[1.74447,41.22524],[1.74509,41.22429],[1.75171,41.21862],[1.75068,41.21792],[1.74901,41.21774],[1.74834,41.21848],[1.7468,41.21851],[1.74355,41.21823],[1.74121,41.21742],[1.73688,41.21428],[1.7381,41.21071],[1.73463,41.20988],[1.73314,41.20747],[1.7297,41.20575],[1.72914,41.20592],[1.73363,41.20853],[1.734,41.21107],[1.73463,41.21065],[1.73732,41.21119],[1.73669,41.21281],[1.73417,41.21258],[1.73666,41.21344],[1.73649,41.21385],[1.73575,41.21364],[1.73644,41.21404],[1.73604,41.21497],[1.73535,41.21486],[1.73552,41.21438],[1.73519,41.21496],[1.73601,41.21513],[1.73575,41.21579],[1.73364,41.21546],[1.73438,41.21349],[1.73329,41.21543],[1.73112,41.21508],[1.7306,41.21556],[1.72903,41.21519],[1.72864,41.21428],[1.72955,41.2141],[1.72806,41.21356],[1.7294,41.21002],[1.73118,41.21023],[1.72906,41.20957],[1.72805,41.21221],[1.72263,41.21274],[1.7166,41.21212],[1.71277,41.21022],[1.71245,41.2106],[1.70716,41.20738],[1.70245,41.208],[1.69737,41.20787],[1.68765,41.20429],[1.68347,41.20236],[1.68332,41.20176],[1.68021,41.20957],[1.67047,41.23824],[1.66864,41.2453],[1.67007,41.24869],[1.67123,41.25003],[1.67028,41.25407],[1.67205,41.25549],[1.67511,41.25653],[1.67688,41.26032],[1.67956,41.26291],[1.68269,41.26484],[1.69082,41.27179],[1.69736,41.27036],[1.70381,41.26701]]]]}},{"type":"Feature","properties":{"cp":"08805","municipio":"Sabadell"},"geometry":{"type":"MultiPolygon","coordinates":[[[[2.07494,41.55114],[2.07513,41.54845],[2.07702,41.54548],[2.08068,41.54196],[2.08199,41.54123],[2.08068,41.54094],[2.07892,41.54161],[2.07818,41.5432],[2.0764,41.54225],[2.06992,41.54274],[2.06951,41.54327],[2.06602,41.54251],[2.06585,41.5446],[2.06341,41.5477],[2.06347,41.54858],[2.06095,41.55282],[2.06283,41.55363],[2.06487,41.55361],[2.07494,41.55114]]]]}},{"type":"Feature","properties":{"cp":"08810","municipio":"Sant Pere de Ribes"},"geometry":{"type":"MultiPolygon","coordinates":[[[[1.75668,41.22623],[1.7562,41.22475],[1.75658,41.21937],[1.7524,41.21963],[1.75171,41.21862],[1.74508,41.22429],[1.75321,41.23038],[1.75668,41.22623]]],[[[1.7986,41.29098],[1.80058,41.29058],[1.80657,41.29264],[1.80937,41.29192],[1.81536,41.29284],[1.81502,41.2906],[1.81573,41.28905],[1.8134,41.2872],[1.81573,41.28182],[1.81759,41.27855],[1.82132,41.27964],[1.82355,41.27971],[1.82443,41.27486],[1.8258,41.27497],[1.82573,41.27362],[1.83006,41.27051],[1.83183,41.27001],[1.8348,41.26828],[1.83439,41.26721],[1.83623,41.26486],[1.83597,41.26334],[1.83412,41.26066],[1.82538,41.26002],[1.8165,41.25601],[1.81424,41.25626],[1.80963,41.25492],[1.80888,41.25399],[1.79935,41.24961],[1.79801,41.24621],[1.79398,41.24408],[1.79242,41.24421],[1.79134,41.24375],[1.79133,41.24232],[1.78907,41.24142],[1.78837,41.24062],[1.78604,41.23763],[1.78554,41.23411],[1.7846,41.23254],[1.7811,41.23406],[1.77782,41.23656],[1.77288,41.23944],[1.77043,41.23963],[1.76542,41.23383],[1.76251,41.23349],[1.76194,41.23292],[1.75703,41.23755],[1.75797,41.24663],[1.75452,41.25187],[1.73785,41.24068],[1.73305,41.25005],[1.72271,41.2629],[1.72401,41.26629],[1.73527,41.2683],[1.73901,41.26799],[1.74005,41.26885],[1.73977,41.27201],[1.74107,41.27332],[1.74044,41.27544],[1.74322,41.27822],[1.74817,41.28177],[1.76111,41.28279],[1.7637,41.28529],[1.76726,41.2874],[1.76881,41.28896],[1.77216,41.28951],[1.77726,41.28935],[1.77888,41.29123],[1.78328,41.29461],[1.78915,41.29366],[1.7986,41.29098]]],[[[1.72926,41.25164],[1.73005,41.2516],[1.73052,41.25319],[1.73426,41.24818],[1.73373,41.24709],[1.73425,41.24563],[1.7327,41.24484],[1.73056,41.24614],[1.72965,41.24595],[1.72654,41.25113],[1.72598,41.25326],[1.72808,41.25354],[1.72926,41.25164]]]]}},{"type":"Feature","properties":{"cp":"08811","municipio":"Canyelles"},"geometry":{"type":"MultiPolygon","coordinates":[[[[1.71233,41.30114],[1.72145,41.30116],[1.72527,41.3003],[1.72893,41.29924],[1.73446,41.29596],[1.73812,41.29474],[1.73832,41.29601],[1.7395,41.29674],[1.74148,41.29702],[1.74331,41.29657],[1.74531,41.29514],[1.74543,41.29304],[1.74835,41.29111],[1.74932,41.29133],[1.75027,41.29093],[1.74914,41.28879],[1.74915,41.28772],[1.75039,41.2873],[1.75167,41.28613],[1.75417,41.28237],[1.74817,41.28177],[1.74276,41.27781],[1.74044,41.27544],[1.74107,41.27332],[1.73977,41.27201],[1.74005,41.26885],[1.73874,41.26789],[1.73527,41.2683],[1.72401,41.26629],[1.71995,41.26796],[1.71509,41.26917],[1.70553,41.26703],[1.7038,41.26701],[1.69736,41.27036],[1.69082,41.27179],[1.69027,41.27311],[1.69043,41.27361],[1.69107,41.27436],[1.69323,41.27539],[1.69373,41.27911],[1.69336,41.28041],[1.69574,41.28222],[1.70283,41.29029],[1.70337,41.29215],[1.70108,41.29406],[1.70081,41.29555],[1.70112,41.29677],[1.7027,41.29893],[1.70375,41.29984],[1.70822,41.30103],[1.71015,41.30134],[1.71233,41.30114]]]]}},{"type":"Feature","properties":{"cp":"08812","municipio":"Sant Pere de Ribes"},"geometry":{"type":"MultiPolygon","coordinates":[[[[1.7602,41.23116],[1.75668,41.22623],[1.75321,41.23038],[1.74508,41.22429],[1.74447,41.22524],[1.74124,41.22765],[1.74114,41.22955],[1.74241,41.23053],[1.74119,41.23377],[1.73964,41.23594],[1.73943,41.23793],[1.73785,41.24068],[1.75452,41.25187],[1.75797,41.24663],[1.75703,41.23755],[1.76194,41.23292],[1.7602,41.23116]]]]}},{"type":"Feature","properties":{"cp":"08818","municipio":"Olivella"},"geometry":{"type":"MultiPolygon","coordinates":[[[[1.78554,41.32626],[1.78757,41.32589],[1.78969,41.32279],[1.79256,41.3235],[1.79658,41.32283],[1.80021,41.32315],[1.80143,41.32368],[1.80824,41.32348],[1.80946,41.32232],[1.81123,41.32237],[1.81256,41.32112],[1.81389,41.32062],[1.8155,41.32134],[1.81949,41.32131],[1.82504,41.3192],[1.82614,41.32014],[1.82909,41.3214],[1.83049,41.3208],[1.8335,41.32039],[1.83445,41.3193],[1.83794,41.31789],[1.84059,41.31584],[1.84773,41.31935],[1.84974,41.31812],[1.85035,41.31615],[1.84816,41.31277],[1.84815,41.3093],[1.84672,41.30641],[1.85102,41.30181],[1.85444,41.30044],[1.85399,41.29929],[1.85507,41.29874],[1.85634,41.29891],[1.85879,41.29803],[1.85934,41.29909],[1.86008,41.29925],[1.86147,41.29854],[1.86175,41.297],[1.86236,41.29645],[1.86431,41.29609],[1.86916,41.29621],[1.87289,41.29346],[1.87133,41.29127],[1.8693,41.28121],[1.87103,41.28054],[1.87138,41.27883],[1.85973,41.27132],[1.86122,41.2699],[1.85619,41.26914],[1.85483,41.26943],[1.8536,41.27044],[1.85193,41.27086],[1.85066,41.27179],[1.8448,41.27236],[1.84287,41.27177],[1.84139,41.27079],[1.84149,41.26862],[1.84051,41.26898],[1.83845,41.26815],[1.83551,41.26861],[1.8348,41.26828],[1.83183,41.27001],[1.83006,41.27051],[1.82573,41.27362],[1.8258,41.27497],[1.82443,41.27486],[1.82355,41.27971],[1.82132,41.27964],[1.81759,41.27855],[1.81573,41.28182],[1.8134,41.2872],[1.81573,41.28905],[1.81502,41.2906],[1.81536,41.29284],[1.80937,41.29192],[1.80657,41.29264],[1.80021,41.29051],[1.78915,41.29366],[1.78328,41.29461],[1.77888,41.29123],[1.77726,41.28935],[1.76967,41.28923],[1.76425,41.28571],[1.76111,41.28279],[1.75417,41.28237],[1.75167,41.28613],[1.75039,41.2873],[1.74915,41.28772],[1.74914,41.28879],[1.75027,41.29093],[1.74932,41.29133],[1.74835,41.29111],[1.74543,41.29304],[1.74531,41.29514],[1.74331,41.29657],[1.74359,41.29782],[1.74687,41.30109],[1.74788,41.30132],[1.74901,41.3008],[1.75302,41.30186],[1.75411,41.30109],[1.75815,41.30342],[1.75637,41.30431],[1.7569,41.30542],[1.75863,41.30712],[1.75805,41.30831],[1.76278,41.31045],[1.76518,41.31287],[1.76498,41.31372],[1.7629,41.31573],[1.76346,41.31966],[1.7631,41.32117],[1.76853,41.32463],[1.77156,41.32504],[1.77236,41.32596],[1.77598,41.32771],[1.7777,41.32922],[1.77962,41.32789],[1.78517,41.32707],[1.78554,41.32626]]]]}},{"type":"Feature","properties":{"cp":"08820","municipio":"Prat de Llobregat, El"},"geometry":{"type":"MultiPolygon","coordinates":[[[[2.09202,41.34076],[2.10451,41.334],[2.10797,41.3311],[2.1125,41.32568],[2.11881,41.32284],[2.13098,41.32082],[2.13925,41.32117],[2.14684,41.32005],[2.15032,41.32097],[2.14592,41.31487],[2.13818,41.30568],[2.11944,41.29207],[2.1053,41.28631],[2.07448,41.27728],[2.07059,41.2818],[2.07012,41.28551],[2.06778,41.28806],[2.06201,41.29177],[2.0574,41.30248],[2.05952,41.30302],[2.05841,41.30561],[2.06335,41.30659],[2.06702,41.30785],[2.06405,41.31439],[2.0627,41.31606],[2.07053,41.31968],[2.0699,41.32128],[2.07041,41.32167],[2.07005,41.3224],[2.07274,41.32377],[2.06734,41.32918],[2.07217,41.33188],[2.07122,41.33365],[2.07202,41.33405],[2.07108,41.33497],[2.0719,41.33555],[2.07224,41.33515],[2.07377,41.3363],[2.07339,41.33666],[2.07866,41.33972],[2.07682,41.34241],[2.07598,41.34222],[2.07609,41.3417],[2.07269,41.34008],[2.07327,41.33946],[2.07201,41.33881],[2.07002,41.34136],[2.06893,41.34394],[2.06939,41.34507],[2.07205,41.34536],[2.07562,41.34818],[2.07682,41.34851],[2.08015,41.34674],[2.08558,41.34502],[2.08616,41.34378],[2.08813,41.34227],[2.09202,41.34076]]]]}},{"type":"Feature","properties":{"cp":"08830","municipio":"Sant Boi de Llobregat"},"geometry":{"type":"MultiPolygon","coordinates":[[[[2.02606,41.32811],[2.02146,41.33226],[2.01955,41.33337],[2.01578,41.33707],[2.01294,41.3378],[2.01107,41.3378],[2.00627,41.34311],[2.00549,41.34295],[2.00618,41.34577],[2.0053,41.34732],[2.00343,41.34836],[1.99935,41.35246],[1.9994,41.35346],[1.99877,41.35431],[1.99918,41.35615],[2.00724,41.35707],[2.01227,41.35681],[2.01259,41.35622],[2.01608,41.35457],[2.01927,41.35733],[2.01765,41.35847],[2.01972,41.36019],[2.02159,41.35977],[2.02195,41.35923],[2.02293,41.35922],[2.02322,41.35696],[2.02428,41.35687],[2.02996,41.35916],[2.03191,41.36129],[2.03215,41.36105],[2.04435,41.36196],[2.04458,41.36144],[2.04829,41.36168],[2.04859,41.36037],[2.04703,41.36026],[2.03594,41.35602],[2.03585,41.35401],[2.03651,41.35229],[2.03868,41.35044],[2.04003,41.35003],[2.0443,41.35297],[2.04543,41.35304],[2.04581,41.35172],[2.0457,41.34887],[2.04685,41.34809],[2.04916,41.34746],[2.05061,41.3474],[2.05762,41.34956],[2.06124,41.34893],[2.06321,41.34723],[2.06939,41.34507],[2.06893,41.34394],[2.07002,41.34136],[2.07201,41.33881],[2.07327,41.33946],[2.07269,41.34008],[2.07609,41.3417],[2.07598,41.34222],[2.07682,41.34241],[2.07866,41.33972],[2.07339,41.33666],[2.07377,41.3363],[2.07224,41.33515],[2.0719,41.33555],[2.07108,41.33497],[2.07202,41.33405],[2.07122,41.33365],[2.07217,41.33188],[2.06734,41.32918],[2.07274,41.32377],[2.07005,41.3224],[2.07041,41.32167],[2.0699,41.32128],[2.07053,41.31968],[2.0627,41.31606],[2.06405,41.31439],[2.06702,41.30785],[2.06335,41.30659],[2.05841,41.30561],[2.05952,41.30302],[2.0574,41.30248],[2.06201,41.29177],[2.06778,41.28806],[2.0702,41.28527],[2.06635,41.28833],[2.05887,41.29162],[2.05591,41.29767],[2.05436,41.29755],[2.05372,41.29892],[2.05241,41.29876],[2.05045,41.30457],[2.04879,41.30539],[2.04903,41.30639],[2.0471,41.30901],[2.04582,41.3093],[2.04351,41.3115],[2.04403,41.31189],[2.03397,41.32097],[2.03137,41.32264],[2.03167,41.32305],[2.03124,41.32273],[2.03055,41.32329],[2.0309,41.32374],[2.03052,41.32409],[2.03002,41.32376],[2.02575,41.32789],[2.02606,41.32811]]]]}},{"type":"Feature","properties":{"cp":"08840","municipio":"Viladecans"},"geometry":{"type":"MultiPolygon","coordinates":[[[[2.01371,41.30423],[2.01107,41.30657],[2.00768,41.30637],[2.0067,41.30667],[2.00203,41.31167],[1.99349,41.31261],[1.9931,41.31317],[1.9881,41.31415],[1.9892,41.31739],[1.99038,41.31897],[1.98905,41.32065],[1.98911,41.32122],[1.99473,41.32296],[1.99743,41.32304],[2.00118,41.32575],[2.00422,41.3266],[2.00799,41.33083],[2.00898,41.33336],[2.00961,41.33694],[2.01047,41.33759],[2.01294,41.3378],[2.01578,41.33707],[2.01955,41.33337],[2.02146,41.33226],[2.02607,41.3281],[2.02575,41.32789],[2.03002,41.32376],[2.03052,41.32409],[2.0309,41.32374],[2.03055,41.32329],[2.03124,41.32273],[2.03167,41.32305],[2.03137,41.32264],[2.03397,41.32097],[2.04403,41.31189],[2.04351,41.3115],[2.04582,41.3093],[2.0471,41.30901],[2.04903,41.30639],[2.04879,41.30539],[2.05045,41.30457],[2.05241,41.29876],[2.05372,41.29892],[2.05436,41.29755],[2.05591,41.29767],[2.05887,41.29162],[2.06635,41.28833],[2.0702,41.28527],[2.07059,41.2818],[2.07448,41.27728],[2.06608,41.27528],[2.06606,41.27485],[2.06465,41.27518],[2.04617,41.27069],[2.02266,41.29288],[2.02382,41.29366],[2.02417,41.29546],[2.0204,41.3],[2.02003,41.29974],[2.0169,41.30234],[2.01371,41.30423]]]]}},{"type":"Feature","properties":{"cp":"08849","municipio":"Sant Climent de Llobregat"},"geometry":{"type":"MultiPolygon","coordinates":[[[[2.00711,41.34224],[2.01107,41.3378],[2.00961,41.33694],[2.00898,41.33336],[2.00799,41.33083],[2.00422,41.3266],[2.00118,41.32575],[1.99773,41.32315],[1.99473,41.32296],[1.98911,41.32122],[1.98905,41.32065],[1.99038,41.31897],[1.9892,41.31739],[1.98853,41.31513],[1.98778,41.31407],[1.98792,41.31362],[1.9832,41.31562],[1.98075,41.31824],[1.97924,41.31809],[1.97876,41.31863],[1.9751,41.31971],[1.97088,41.31998],[1.9688,41.32072],[1.96513,41.32111],[1.96404,41.32242],[1.96168,41.32205],[1.95829,41.32079],[1.95706,41.32263],[1.95567,41.32232],[1.95505,41.32333],[1.95929,41.32497],[1.95968,41.32575],[1.96131,41.3269],[1.96116,41.32871],[1.95962,41.32916],[1.95834,41.33008],[1.95913,41.33335],[1.9682,41.33964],[1.97073,41.34097],[1.97195,41.34137],[1.97481,41.34125],[1.97731,41.34172],[1.97806,41.34246],[1.98072,41.34356],[1.98753,41.34505],[1.9892,41.34612],[1.99124,41.34818],[1.99148,41.34985],[1.99333,41.35221],[1.99371,41.35343],[1.99658,41.35629],[1.99918,41.35615],[1.99877,41.35431],[1.9994,41.35346],[1.99935,41.35246],[2.00343,41.34836],[2.0053,41.34732],[2.00621,41.34546],[2.00549,41.34295],[2.00627,41.34311],[2.00711,41.34224]]]]}},{"type":"Feature","properties":{"cp":"08850","municipio":"Gavà"},"geometry":{"type":"MultiPolygon","coordinates":[[[[1.97794,41.29659],[1.97102,41.29329],[1.96607,41.29303],[1.96336,41.29225],[1.96069,41.28999],[1.95943,41.28784],[1.95729,41.2871],[1.95363,41.28374],[1.95235,41.28333],[1.94982,41.28352],[1.94761,41.28087],[1.94452,41.27989],[1.93728,41.28232],[1.93561,41.28351],[1.93155,41.28509],[1.93073,41.28599],[1.92887,41.28683],[1.92649,41.28912],[1.92576,41.29064],[1.9245,41.29101],[1.91486,41.28887],[1.92932,41.29414],[1.93117,41.30195],[1.94546,41.31752],[1.95505,41.32333],[1.95567,41.32232],[1.95706,41.32263],[1.95829,41.32079],[1.96168,41.32205],[1.96404,41.32242],[1.96513,41.32111],[1.9688,41.32072],[1.97088,41.31998],[1.9751,41.31971],[1.97876,41.31863],[1.97924,41.31809],[1.98075,41.31824],[1.9832,41.31562],[1.98685,41.31385],[1.98792,41.31362],[1.98778,41.31407],[1.9881,41.31415],[1.9931,41.31317],[1.99349,41.31261],[2.00203,41.31167],[2.0067,41.30667],[2.01155,41.30634],[2.01319,41.30456],[2.0169,41.30234],[2.02003,41.29974],[2.0204,41.3],[2.02417,41.29546],[2.02382,41.29366],[2.02266,41.29288],[2.04617,41.27069],[2.02649,41.26688],[2.00952,41.26502],[2.00192,41.26469],[2.00181,41.26623],[2.00114,41.26627],[2.00112,41.26719],[2.00053,41.2672],[2.00054,41.26872],[1.98761,41.29126],[1.98503,41.29101],[1.97794,41.29659]]]]}},{"type":"Feature","properties":{"cp":"08859","municipio":"Begues"},"geometry":{"type":"MultiPolygon","coordinates":[[[[1.94418,41.35001],[1.94389,41.3445],[1.94495,41.34176],[1.94352,41.33762],[1.94395,41.3369],[1.94686,41.33659],[1.94918,41.33492],[1.95915,41.33336],[1.95834,41.33008],[1.95962,41.32916],[1.96116,41.32871],[1.96131,41.3269],[1.95968,41.32575],[1.95929,41.32497],[1.95505,41.32333],[1.94546,41.31752],[1.93117,41.30195],[1.92932,41.29414],[1.91322,41.28835],[1.91122,41.28493],[1.90841,41.28245],[1.90562,41.28268],[1.9014,41.28021],[1.88922,41.28343],[1.8871,41.28195],[1.88557,41.28188],[1.88573,41.28001],[1.88279,41.27823],[1.87382,41.27939],[1.87138,41.27883],[1.87103,41.28054],[1.8693,41.28121],[1.87133,41.29127],[1.87289,41.29346],[1.86916,41.29621],[1.86431,41.29609],[1.86236,41.29645],[1.86175,41.297],[1.86147,41.29854],[1.86008,41.29925],[1.85934,41.29909],[1.85879,41.29803],[1.85634,41.29891],[1.85507,41.29874],[1.85399,41.29929],[1.85444,41.30044],[1.85102,41.30181],[1.84672,41.30641],[1.84815,41.3093],[1.84816,41.31277],[1.85035,41.31615],[1.84974,41.31812],[1.84773,41.31935],[1.85057,41.31906],[1.85156,41.31924],[1.85254,41.32001],[1.85611,41.32708],[1.85748,41.32793],[1.85809,41.32933],[1.85945,41.32961],[1.86013,41.33029],[1.85979,41.33206],[1.86101,41.33374],[1.86498,41.33519],[1.86701,41.33653],[1.87155,41.33855],[1.86935,41.34202],[1.86979,41.34265],[1.87185,41.34368],[1.87432,41.3443],[1.88242,41.34388],[1.88328,41.34511],[1.88938,41.34798],[1.89192,41.35052],[1.89403,41.35075],[1.89586,41.35148],[1.89789,41.35482],[1.89998,41.35563],[1.90133,41.35489],[1.9039,41.3548],[1.90633,41.35279],[1.90988,41.35244],[1.91075,41.35329],[1.91119,41.35581],[1.91209,41.35434],[1.91903,41.35234],[1.92534,41.35153],[1.92793,41.35073],[1.93193,41.35043],[1.93757,41.35143],[1.94123,41.35036],[1.94418,41.35001]]]]}},{"type":"Feature","properties":{"cp":"08860","municipio":"Castelldefels"},"geometry":{"type":"MultiPolygon","coordinates":[[[[1.98981,41.28742],[2.00054,41.26872],[2.00053,41.2672],[2.00112,41.26719],[2.00114,41.26627],[2.00181,41.26623],[2.00192,41.26469],[2.00282,41.26473],[1.97924,41.26419],[1.96089,41.26459],[1.94433,41.26381],[1.9427,41.2663],[1.93944,41.2693],[1.93976,41.27044],[1.93724,41.27479],[1.93915,41.27689],[1.9433,41.27922],[1.94265,41.28027],[1.94452,41.27989],[1.94761,41.28087],[1.94982,41.28352],[1.95235,41.28333],[1.95363,41.28374],[1.95729,41.2871],[1.95943,41.28784],[1.96069,41.28999],[1.96336,41.29225],[1.96607,41.29303],[1.97102,41.29329],[1.97795,41.29659],[1.98503,41.29101],[1.98761,41.29126],[1.98981,41.28742]]],[[[1.94265,41.28027],[1.9433,41.27922],[1.93915,41.27689],[1.93724,41.27479],[1.93976,41.27044],[1.93944,41.2693],[1.9427,41.2663],[1.94414,41.2641],[1.94203,41.2641],[1.93869,41.26323],[1.93565,41.26326],[1.9285,41.26175],[1.92793,41.26119],[1.9289,41.25934],[1.92986,41.25864],[1.92879,41.25917],[1.92362,41.25656],[1.92264,41.25672],[1.92355,41.25676],[1.92361,41.25715],[1.92847,41.25934],[1.92787,41.2608],[1.92756,41.26071],[1.92806,41.25966],[1.92753,41.2607],[1.92722,41.26061],[1.92771,41.25956],[1.92718,41.2606],[1.92682,41.26049],[1.92735,41.25945],[1.92678,41.26048],[1.92642,41.26038],[1.92692,41.25933],[1.92639,41.26037],[1.92603,41.26026],[1.92653,41.25921],[1.926,41.26025],[1.92563,41.26015],[1.92616,41.25911],[1.9256,41.26014],[1.92514,41.26001],[1.92568,41.25896],[1.92511,41.26],[1.92456,41.25984],[1.92526,41.25878],[1.92466,41.25861],[1.92426,41.2598],[1.92253,41.25931],[1.9227,41.25897],[1.924,41.25933],[1.92271,41.25894],[1.92288,41.2586],[1.9242,41.25894],[1.92318,41.25866],[1.92331,41.25838],[1.92414,41.25858],[1.92333,41.25835],[1.92395,41.25798],[1.92293,41.25728],[1.92339,41.25786],[1.92317,41.25831],[1.92269,41.25848],[1.92168,41.25803],[1.92207,41.25849],[1.92072,41.25918],[1.91928,41.2582],[1.91284,41.25614],[1.9081,41.26646],[1.89624,41.28157],[1.9014,41.28021],[1.90562,41.28268],[1.90841,41.28245],[1.91122,41.28493],[1.91322,41.28835],[1.9245,41.29101],[1.92576,41.29064],[1.92649,41.28912],[1.92887,41.28683],[1.93073,41.28599],[1.93155,41.28509],[1.93561,41.28351],[1.93728,41.28232],[1.94265,41.28027]]]]}},{"type":"Feature","properties":{"cp":"08870","municipio":"Sitges"},"geometry":{"type":"MultiPolygon","coordinates":[[[[1.83365,41.26063],[1.83442,41.23594],[1.83157,41.23582],[1.82997,41.23608],[1.82991,41.23655],[1.82774,41.23647],[1.8268,41.23494],[1.82675,41.23306],[1.82387,41.232],[1.8235,41.2322],[1.82366,41.23255],[1.82439,41.23248],[1.82646,41.2333],[1.82644,41.23421],[1.82607,41.23442],[1.82578,41.23387],[1.82535,41.23411],[1.82604,41.23444],[1.82556,41.23472],[1.82408,41.23473],[1.82504,41.23454],[1.8241,41.23449],[1.82413,41.23416],[1.82509,41.23418],[1.82411,41.23399],[1.82405,41.23472],[1.82352,41.23469],[1.82357,41.23389],[1.82349,41.23469],[1.82303,41.23466],[1.82307,41.23386],[1.82299,41.23466],[1.82257,41.23463],[1.82262,41.2338],[1.82254,41.23463],[1.82217,41.23461],[1.82222,41.23378],[1.82214,41.23461],[1.82176,41.23459],[1.82181,41.23376],[1.82173,41.23459],[1.82125,41.23456],[1.82151,41.23336],[1.82482,41.23353],[1.82131,41.23311],[1.82098,41.23338],[1.82098,41.23538],[1.82024,41.23577],[1.81867,41.23605],[1.81764,41.23568],[1.81518,41.2361],[1.81379,41.2359],[1.81306,41.23562],[1.81319,41.23519],[1.81259,41.23482],[1.81079,41.23419],[1.80969,41.23302],[1.80985,41.23377],[1.80889,41.234],[1.8087,41.23359],[1.80839,41.23418],[1.80797,41.23419],[1.80567,41.23353],[1.80594,41.23277],[1.80524,41.2334],[1.80292,41.23267],[1.80231,41.23223],[1.80267,41.2315],[1.80195,41.23231],[1.79968,41.23172],[1.79829,41.23094],[1.79879,41.23016],[1.79801,41.23088],[1.79602,41.23024],[1.79143,41.22792],[1.79121,41.22713],[1.79018,41.22704],[1.78797,41.2251],[1.78295,41.22348],[1.77605,41.22357],[1.77538,41.2229],[1.77544,41.2232],[1.77469,41.22317],[1.77155,41.22202],[1.77066,41.22085],[1.76928,41.22092],[1.76899,41.22143],[1.76716,41.22113],[1.766,41.22051],[1.76622,41.22008],[1.76592,41.21972],[1.76322,41.21993],[1.76143,41.219],[1.76139,41.21861],[1.76008,41.21879],[1.76003,41.21934],[1.75933,41.21957],[1.75832,41.21918],[1.75754,41.2195],[1.75684,41.21911],[1.75624,41.21937],[1.75658,41.21937],[1.7562,41.22475],[1.75675,41.22645],[1.7602,41.23116],[1.76251,41.23349],[1.76542,41.23383],[1.77043,41.23963],[1.77288,41.23944],[1.77782,41.23656],[1.7811,41.23406],[1.7846,41.23254],[1.78554,41.23411],[1.78604,41.23763],[1.78837,41.24062],[1.78907,41.24142],[1.79133,41.24232],[1.79134,41.24375],[1.79242,41.24421],[1.79398,41.24408],[1.79801,41.24621],[1.79935,41.24961],[1.80888,41.25399],[1.80963,41.25492],[1.81257,41.25591],[1.81424,41.25626],[1.8165,41.25601],[1.82538,41.26002],[1.83365,41.26063]]]]}},{"type":"Feature","properties":{"cp":"08871","municipio":"Sitges"},"geometry":{"type":"MultiPolygon","coordinates":[[[[1.89624,41.28157],[1.9081,41.26646],[1.91284,41.25614],[1.909,41.25522],[1.90638,41.25515],[1.90273,41.25376],[1.90267,41.25285],[1.90204,41.25242],[1.90112,41.2507],[1.90127,41.25193],[1.89964,41.25183],[1.89892,41.25132],[1.90053,41.25122],[1.89825,41.25092],[1.89637,41.24974],[1.88663,41.24755],[1.8852,41.24775],[1.88021,41.24572],[1.86994,41.2779],[1.87217,41.27919],[1.87382,41.27939],[1.88279,41.27823],[1.88573,41.28001],[1.88557,41.28188],[1.8871,41.28195],[1.88922,41.28343],[1.89624,41.28157]]]]}},{"type":"Feature","properties":{"cp":"08872","municipio":"Sitges"},"geometry":{"type":"MultiPolygon","coordinates":[[[[1.86994,41.2779],[1.88021,41.24572],[1.87019,41.24277],[1.86908,41.24291],[1.86779,41.24073],[1.86596,41.23962],[1.86743,41.23794],[1.86573,41.23658],[1.86539,41.23672],[1.86711,41.23795],[1.86558,41.23974],[1.86462,41.23921],[1.86385,41.23937],[1.86345,41.23863],[1.86295,41.23955],[1.86208,41.23948],[1.86148,41.23908],[1.86098,41.23765],[1.86109,41.23676],[1.85877,41.2357],[1.85592,41.23559],[1.85324,41.23437],[1.84887,41.23456],[1.84775,41.23507],[1.84521,41.23479],[1.84103,41.23521],[1.83986,41.23476],[1.83675,41.23543],[1.83625,41.23592],[1.83442,41.23594],[1.83365,41.26063],[1.83412,41.26066],[1.83597,41.26334],[1.83623,41.26486],[1.83439,41.26721],[1.8348,41.26828],[1.83551,41.26861],[1.83845,41.26815],[1.84051,41.26898],[1.84149,41.26862],[1.84139,41.27079],[1.84287,41.27177],[1.8448,41.27236],[1.85066,41.27179],[1.85193,41.27086],[1.8536,41.27044],[1.85483,41.26943],[1.85619,41.26914],[1.86122,41.2699],[1.85973,41.27132],[1.86994,41.2779]]]]}},{"type":"Feature","properties":{"cp":"08880","municipio":"Cubelles"},"geometry":{"type":"MultiPolygon","coordinates":[[[[1.64213,41.19983],[1.64081,41.20375],[1.64123,41.21175],[1.64653,41.21189],[1.64629,41.20858],[1.64937,41.20868],[1.65225,41.20706],[1.65314,41.20741],[1.64785,41.21223],[1.64761,41.21643],[1.64394,41.22039],[1.64608,41.22881],[1.64097,41.23537],[1.64588,41.23816],[1.66864,41.2453],[1.67047,41.23824],[1.68021,41.20957],[1.68332,41.20176],[1.68294,41.20207],[1.68044,41.20093],[1.68055,41.20064],[1.68024,41.2009],[1.67867,41.19993],[1.67902,41.19942],[1.67855,41.19982],[1.67531,41.19858],[1.64521,41.19563],[1.64213,41.19983]]]]}},{"type":"Feature","properties":{"cp":"08901","municipio":"Hospitalet de Llobregat, L'"},"geometry":{"type":"MultiPolygon","coordinates":[[[[2.11669,41.36804],[2.11963,41.36783],[2.11795,41.36714],[2.11684,41.36599],[2.11568,41.35901],[2.11527,41.35942],[2.11549,41.36256],[2.10768,41.35974],[2.10666,41.35969],[2.10686,41.35944],[2.10502,41.35877],[2.1047,41.35901],[2.10492,41.35872],[2.09713,41.35552],[2.09524,41.35913],[2.09333,41.35859],[2.09018,41.36152],[2.09334,41.36186],[2.09521,41.36286],[2.09998,41.36396],[2.10414,41.3657],[2.10454,41.36449],[2.10595,41.36477],[2.10581,41.36544],[2.10485,41.36642],[2.10421,41.36893],[2.10448,41.36901],[2.10528,41.36673],[2.1067,41.36495],[2.10813,41.3651],[2.10869,41.3656],[2.11669,41.36804]]]]}},{"type":"Feature","properties":{"cp":"08902","municipio":"Hospitalet de Llobregat, L'"},"geometry":{"type":"MultiPolygon","coordinates":[[[[2.13205,41.36336],[2.1311,41.36292],[2.13145,41.36244],[2.13225,41.36306],[2.13263,41.36258],[2.1234,41.35559],[2.11784,41.35163],[2.11658,41.35104],[2.11539,41.351],[2.11543,41.35133],[2.11744,41.35155],[2.11845,41.35247],[2.11823,41.35265],[2.11665,41.35137],[2.11545,41.35155],[2.1157,41.35922],[2.11619,41.36282],[2.11684,41.36599],[2.11795,41.36714],[2.12023,41.36793],[2.1256,41.36805],[2.13031,41.36942],[2.13251,41.3655],[2.13098,41.36495],[2.13205,41.36336]]]]}},{"type":"Feature","properties":{"cp":"08903","municipio":"Hospitalet de Llobregat, L'"},"geometry":{"type":"MultiPolygon","coordinates":[[[[2.12997,41.36979],[2.13031,41.36942],[2.12933,41.36905],[2.1256,41.36805],[2.12351,41.36804],[2.12148,41.37106],[2.1219,41.37136],[2.12157,41.37128],[2.11925,41.37471],[2.11915,41.37574],[2.11755,41.37587],[2.1212,41.37803],[2.12154,41.3756],[2.1231,41.37473],[2.12392,41.37362],[2.12997,41.36979]]]]}},{"type":"Feature","properties":{"cp":"08904","municipio":"Hospitalet de Llobregat, L'"},"geometry":{"type":"MultiPolygon","coordinates":[[[[2.11654,41.37584],[2.11915,41.37574],[2.11925,41.37471],[2.12157,41.37128],[2.1219,41.37136],[2.12148,41.37106],[2.12351,41.36804],[2.11669,41.36804],[2.11642,41.36956],[2.11168,41.37415],[2.11187,41.37468],[2.11017,41.37574],[2.11654,41.37584]]]]}},{"type":"Feature","properties":{"cp":"08905","municipio":"Hospitalet de Llobregat, L'"},"geometry":{"type":"MultiPolygon","coordinates":[[[[2.11168,41.37415],[2.11642,41.36956],[2.11669,41.36804],[2.10869,41.3656],[2.10813,41.3651],[2.1067,41.36495],[2.10528,41.36673],[2.10448,41.36901],[2.10421,41.36893],[2.10485,41.36642],[2.10581,41.36544],[2.10595,41.36477],[2.10454,41.36449],[2.10319,41.36958],[2.10439,41.37105],[2.10482,41.37109],[2.10475,41.37188],[2.10646,41.37336],[2.10877,41.37447],[2.11059,41.37459],[2.11168,41.37415]]]]}},{"type":"Feature","properties":{"cp":"08906","municipio":"Hospitalet de Llobregat, L'"},"geometry":{"type":"MultiPolygon","coordinates":[[[[2.11043,41.37596],[2.11025,41.37558],[2.11187,41.37468],[2.11168,41.37415],[2.10988,41.37459],[2.10785,41.37412],[2.10486,41.37201],[2.10482,41.37109],[2.10327,41.36977],[2.10414,41.3657],[2.10347,41.36515],[2.09521,41.36286],[2.09334,41.36186],[2.09017,41.3616],[2.08853,41.36304],[2.08876,41.3636],[2.08774,41.36417],[2.08734,41.36397],[2.08602,41.36663],[2.08693,41.36698],[2.08647,41.36824],[2.08707,41.36894],[2.09021,41.36932],[2.09217,41.36889],[2.09241,41.36793],[2.09404,41.36698],[2.09513,41.36753],[2.09472,41.36802],[2.09866,41.36844],[2.09886,41.36884],[2.09828,41.37011],[2.10093,41.37392],[2.09959,41.37648],[2.10002,41.37647],[2.10074,41.37749],[2.10188,41.3777],[2.10131,41.37949],[2.10262,41.38041],[2.10829,41.37796],[2.1089,41.37713],[2.10891,41.37599],[2.11043,41.37596]]]]}},{"type":"Feature","properties":{"cp":"08907","municipio":"Hospitalet de Llobregat, L'"},"geometry":{"type":"MultiPolygon","coordinates":[[[[2.11528,41.35949],[2.11568,41.35901],[2.11545,41.35155],[2.11665,41.35137],[2.11823,41.35265],[2.11845,41.35247],[2.11665,41.35122],[2.11543,41.35133],[2.11426,41.34889],[2.11346,41.34829],[2.11398,41.34633],[2.11332,41.34596],[2.11315,41.34674],[2.1124,41.3475],[2.09884,41.33728],[2.09202,41.34076],[2.09458,41.34254],[2.08823,41.34591],[2.09951,41.35197],[2.09713,41.35552],[2.10492,41.35872],[2.1047,41.35901],[2.10502,41.35877],[2.10686,41.35944],[2.10666,41.35969],[2.10768,41.35974],[2.11549,41.36256],[2.11528,41.35949]]]]}},{"type":"Feature","properties":{"cp":"08908","municipio":"Hospitalet de Llobregat, L'"},"geometry":{"type":"MultiPolygon","coordinates":[[[[2.13703,41.34897],[2.13567,41.34849],[2.13487,41.34861],[2.13449,41.3491],[2.13335,41.34861],[2.13309,41.34787],[2.13222,41.34784],[2.13005,41.34642],[2.12833,41.34614],[2.12791,41.34668],[2.12655,41.34589],[2.1269,41.34537],[2.12603,41.34493],[2.10225,41.33696],[2.10064,41.33613],[2.09855,41.33725],[2.1124,41.3475],[2.11315,41.34674],[2.11332,41.34596],[2.11398,41.34633],[2.11346,41.34829],[2.11426,41.34889],[2.11539,41.351],[2.11658,41.35104],[2.11784,41.35163],[2.13361,41.36336],[2.13547,41.36195],[2.133,41.35994],[2.13267,41.35662],[2.13237,41.35592],[2.13165,41.35562],[2.13365,41.35274],[2.137,41.34943],[2.13703,41.34897]]]]}},{"type":"Feature","properties":{"cp":"08911","municipio":"Badalona"},"geometry":{"type":"MultiPolygon","coordinates":[[[[2.25988,41.46012],[2.26029,41.45969],[2.26009,41.46018],[2.2684,41.46335],[2.27029,41.46081],[2.26732,41.45941],[2.25448,41.44981],[2.24791,41.44237],[2.2476,41.44254],[2.24687,41.44322],[2.25075,41.44685],[2.24945,41.44588],[2.24723,41.44749],[2.24564,41.44928],[2.24285,41.45379],[2.24974,41.45758],[2.25204,41.45841],[2.24976,41.46048],[2.25065,41.46101],[2.2523,41.45926],[2.25385,41.45851],[2.25988,41.46012]]]]}},{"type":"Feature","properties":{"cp":"08912","municipio":"Badalona"},"geometry":{"type":"MultiPolygon","coordinates":[[[[2.2308,41.44219],[2.23665,41.44863],[2.23862,41.44844],[2.23679,41.44874],[2.24288,41.45363],[2.24564,41.44928],[2.24723,41.44749],[2.24945,41.44588],[2.25075,41.44685],[2.24687,41.44322],[2.24791,41.44237],[2.24512,41.43893],[2.24386,41.43956],[2.23971,41.43466],[2.23847,41.43531],[2.23951,41.43648],[2.23368,41.43993],[2.23463,41.44114],[2.23355,41.44052],[2.23215,41.44134],[2.23352,41.44204],[2.23332,41.44224],[2.23204,41.44155],[2.2308,41.44219]]]]}},{"type":"Feature","properties":{"cp":"08913","municipio":"Badalona"},"geometry":{"type":"MultiPolygon","coordinates":[[[[2.22196,41.43809],[2.22165,41.43779],[2.22359,41.4382],[2.22418,41.43738],[2.21689,41.43327],[2.21394,41.43536],[2.21324,41.43648],[2.21273,41.43919],[2.2142,41.44164],[2.21711,41.44409],[2.21761,41.44367],[2.2188,41.44436],[2.22194,41.4402],[2.22054,41.43883],[2.22226,41.43982],[2.22255,41.43947],[2.22184,41.43913],[2.22196,41.43809]]]]}},{"type":"Feature","properties":{"cp":"08914","municipio":"Badalona"},"geometry":{"type":"MultiPolygon","coordinates":[[[[2.22263,41.44844],[2.22337,41.44793],[2.22386,41.44807],[2.22355,41.44849],[2.22404,41.44812],[2.22469,41.4483],[2.22523,41.44757],[2.22587,41.44806],[2.22537,41.44736],[2.22614,41.44709],[2.22592,41.44677],[2.22668,41.44617],[2.22729,41.44461],[2.23018,41.44252],[2.23548,41.44754],[2.23566,41.44731],[2.2308,41.44219],[2.23204,41.44155],[2.23342,41.44216],[2.22265,41.43644],[2.22418,41.43746],[2.22359,41.4382],[2.22165,41.43779],[2.22204,41.43813],[2.22184,41.43913],[2.22255,41.43947],[2.22226,41.43982],[2.22054,41.43883],[2.22194,41.4402],[2.2188,41.44436],[2.21761,41.44367],[2.21711,41.44409],[2.22124,41.44791],[2.22206,41.44791],[2.22263,41.44844]]]]}},{"type":"Feature","properties":{"cp":"08915","municipio":"Badalona"},"geometry":{"type":"MultiPolygon","coordinates":[[[[2.25206,41.47255],[2.25442,41.47341],[2.25529,41.47476],[2.25666,41.47532],[2.2608,41.47076],[2.26144,41.47064],[2.26131,41.47004],[2.264,41.46714],[2.26467,41.46556],[2.26797,41.46391],[2.2684,41.46335],[2.26009,41.46018],[2.26009,41.45962],[2.25988,41.46012],[2.25385,41.45851],[2.2523,41.45926],[2.25065,41.46101],[2.24976,41.46048],[2.25204,41.45841],[2.24974,41.45758],[2.24267,41.45383],[2.24057,41.45883],[2.23733,41.46347],[2.2396,41.46577],[2.2391,41.46605],[2.24063,41.46697],[2.24411,41.47067],[2.24222,41.47385],[2.24249,41.47464],[2.24769,41.47534],[2.24996,41.47484],[2.25045,41.47326],[2.25206,41.47255]]]]}},{"type":"Feature","properties":{"cp":"08916","municipio":"Badalona"},"geometry":{"type":"MultiPolygon","coordinates":[[[[2.24695,41.48866],[2.24726,41.48841],[2.24745,41.48544],[2.25666,41.47532],[2.25529,41.47476],[2.25442,41.47341],[2.25224,41.47247],[2.25045,41.47326],[2.24996,41.47484],[2.24769,41.47534],[2.24249,41.47464],[2.24222,41.47385],[2.24411,41.47067],[2.24063,41.46697],[2.2391,41.46605],[2.2396,41.46577],[2.23734,41.46349],[2.23354,41.46137],[2.2339,41.46245],[2.22935,41.46137],[2.22391,41.46163],[2.2208,41.46248],[2.22055,41.4626],[2.22164,41.46384],[2.2216,41.46519],[2.21132,41.47112],[2.21363,41.47178],[2.2169,41.47545],[2.21778,41.47777],[2.21281,41.47944],[2.21193,41.48037],[2.21327,41.4818],[2.21531,41.48298],[2.21662,41.48553],[2.21567,41.48703],[2.21723,41.48831],[2.21838,41.48822],[2.22325,41.49042],[2.22486,41.49223],[2.22876,41.49199],[2.23102,41.49291],[2.23513,41.4921],[2.23651,41.49139],[2.24058,41.49163],[2.24256,41.4904],[2.24566,41.49041],[2.24649,41.48862],[2.24695,41.48866]]],[[[2.25855,41.47324],[2.25247,41.47993],[2.25658,41.48016],[2.25906,41.47895],[2.26013,41.47657],[2.25855,41.47324]]]]}},{"type":"Feature","properties":{"cp":"08917","municipio":"Badalona"},"geometry":{"type":"MultiPolygon","coordinates":[[[[2.23734,41.46349],[2.24057,41.45883],[2.24288,41.45363],[2.23679,41.44874],[2.23862,41.44844],[2.23665,41.44863],[2.23018,41.44252],[2.22729,41.44461],[2.22668,41.44617],[2.22592,41.44677],[2.22614,41.44709],[2.22537,41.44736],[2.22587,41.44806],[2.22523,41.44757],[2.22469,41.4483],[2.22404,41.44812],[2.22355,41.44849],[2.22386,41.44807],[2.22337,41.44793],[2.2226,41.4485],[2.2226,41.44813],[2.22124,41.44791],[2.22015,41.4493],[2.22188,41.4511],[2.21794,41.45361],[2.2196,41.45529],[2.21602,41.45763],[2.21754,41.45836],[2.21824,41.46043],[2.22025,41.46062],[2.22066,41.46149],[2.22055,41.4626],[2.22391,41.46163],[2.22935,41.46137],[2.2339,41.46245],[2.23354,41.46137],[2.23734,41.46349]]]]}},{"type":"Feature","properties":{"cp":"08918","municipio":"Badalona"},"geometry":{"type":"MultiPolygon","coordinates":[[[[2.24512,41.43893],[2.24056,41.43114],[2.23995,41.43114],[2.2371,41.4259],[2.23127,41.43094],[2.22428,41.4293],[2.22215,41.4324],[2.22038,41.43163],[2.21929,41.4329],[2.21771,41.43259],[2.21689,41.43327],[2.2259,41.43841],[2.23342,41.44216],[2.23215,41.44134],[2.23355,41.44052],[2.23463,41.44114],[2.23368,41.43993],[2.23951,41.43648],[2.23847,41.43531],[2.23971,41.43466],[2.24386,41.43956],[2.24512,41.43893]]]]}},{"type":"Feature","properties":{"cp":"08921","municipio":"Santa Coloma de Gramenet"},"geometry":{"type":"MultiPolygon","coordinates":[[[[2.22028,41.46087],[2.21824,41.46043],[2.21754,41.45836],[2.21602,41.45763],[2.2196,41.45529],[2.21722,41.4529],[2.2166,41.45154],[2.21517,41.45094],[2.21531,41.45066],[2.21507,41.45091],[2.21361,41.4503],[2.21224,41.45083],[2.21113,41.45078],[2.21109,41.45108],[2.211,41.45081],[2.20896,41.45112],[2.2067,41.45091],[2.2016,41.44911],[2.20133,41.44866],[2.20091,41.4495],[2.1992,41.45089],[2.19029,41.45727],[2.18783,41.46034],[2.19038,41.46141],[2.19006,41.46233],[2.19065,41.46261],[2.19256,41.46253],[2.19219,41.46127],[2.19111,41.46106],[2.19264,41.45839],[2.19524,41.45672],[2.19993,41.4514],[2.20924,41.4579],[2.21701,41.46091],[2.22028,41.46087]]]]}},{"type":"Feature","properties":{"cp":"08922","municipio":"Santa Coloma de Gramenet"},"geometry":{"type":"MultiPolygon","coordinates":[[[[2.22107,41.45148],[2.21989,41.45052],[2.21941,41.45073],[2.21975,41.45036],[2.21871,41.4494],[2.21399,41.44748],[2.21251,41.44755],[2.21079,41.4462],[2.21089,41.44555],[2.2099,41.4446],[2.20909,41.44526],[2.20567,41.44412],[2.20133,41.44866],[2.2016,41.44911],[2.2067,41.45091],[2.20896,41.45112],[2.211,41.45081],[2.21109,41.45108],[2.21113,41.45078],[2.21224,41.45083],[2.21361,41.4503],[2.21507,41.45091],[2.21531,41.45066],[2.21517,41.45094],[2.2166,41.45154],[2.21679,41.45235],[2.21812,41.45349],[2.22107,41.45148]]]]}},{"type":"Feature","properties":{"cp":"08923","municipio":"Badalona"},"geometry":{"type":"MultiPolygon","coordinates":[[[[2.22179,41.45101],[2.22161,41.45113],[2.22171,41.45121],[2.22188,41.4511],[2.22179,41.45101]]],[[[2.22161,41.45113],[2.222,41.45088],[2.22015,41.4493],[2.22133,41.44802],[2.2142,41.44164],[2.21293,41.43996],[2.21273,41.43919],[2.21324,41.43648],[2.21433,41.43487],[2.21015,41.43367],[2.20934,41.43521],[2.2077,41.44095],[2.2058,41.44437],[2.20909,41.44526],[2.2099,41.4446],[2.21089,41.44555],[2.21079,41.4462],[2.21251,41.44755],[2.21487,41.44778],[2.21903,41.44958],[2.21975,41.45036],[2.21941,41.45073],[2.21989,41.45052],[2.22117,41.45156],[2.22161,41.45113]]]]}},{"type":"Feature","properties":{"cp":"08924","municipio":"Santa Coloma de Gramenet"},"geometry":{"type":"MultiPolygon","coordinates":[[[[2.21132,41.47112],[2.2216,41.46519],[2.22164,41.46384],[2.22035,41.46237],[2.22066,41.46149],[2.22028,41.46087],[2.21701,41.46091],[2.21519,41.46035],[2.21422,41.45966],[2.20924,41.4579],[2.19993,41.4514],[2.19524,41.45672],[2.19264,41.45839],[2.19111,41.46106],[2.19219,41.46127],[2.19256,41.46253],[2.19065,41.46261],[2.19006,41.46233],[2.19038,41.46141],[2.18775,41.4605],[2.1871,41.46214],[2.1867,41.46744],[2.18903,41.47069],[2.19022,41.47039],[2.19284,41.47182],[2.20001,41.4733],[2.20573,41.47042],[2.21034,41.47062],[2.21132,41.47112]]]]}},{"type":"Feature","properties":{"cp":"08930","municipio":"Sant Adrià de Besòs"},"geometry":{"type":"MultiPolygon","coordinates":[[[[2.21689,41.43327],[2.21771,41.43259],[2.21929,41.4329],[2.22038,41.43163],[2.22215,41.4324],[2.22428,41.4293],[2.23127,41.43094],[2.2371,41.4259],[2.23309,41.42077],[2.23222,41.41827],[2.22879,41.4153],[2.22787,41.4136],[2.2285,41.41311],[2.22478,41.41219],[2.22218,41.41243],[2.22074,41.41304],[2.22093,41.41375],[2.21627,41.41823],[2.21126,41.42139],[2.21061,41.42328],[2.20906,41.42426],[2.20881,41.42495],[2.20709,41.42502],[2.2057,41.42558],[2.2067,41.42713],[2.20688,41.4291],[2.20728,41.42956],[2.20638,41.43008],[2.20586,41.4326],[2.21025,41.43349],[2.21433,41.43487],[2.21689,41.43327]]]]}},{"type":"Feature","properties":{"cp":"08940","municipio":"Cornellà de Llobregat"},"geometry":{"type":"MultiPolygon","coordinates":[[[[2.07879,41.36968],[2.08035,41.36714],[2.08115,41.36787],[2.083,41.36601],[2.08453,41.3663],[2.08495,41.36592],[2.08601,41.36664],[2.08734,41.36397],[2.08774,41.36417],[2.08876,41.3636],[2.08853,41.36304],[2.09333,41.35859],[2.09524,41.35913],[2.09666,41.35679],[2.09656,41.35636],[2.09951,41.35197],[2.08823,41.34591],[2.09458,41.34254],[2.09353,41.34171],[2.0915,41.34069],[2.08734,41.34281],[2.08608,41.34386],[2.08558,41.34502],[2.08015,41.34674],[2.07682,41.34851],[2.07562,41.34818],[2.07205,41.34536],[2.06998,41.34496],[2.06321,41.34723],[2.06124,41.34893],[2.05762,41.34956],[2.05061,41.3474],[2.0492,41.34746],[2.05716,41.35422],[2.05448,41.35636],[2.05872,41.35928],[2.05792,41.36106],[2.05973,41.36224],[2.05838,41.36344],[2.0608,41.36493],[2.06479,41.36253],[2.06781,41.3643],[2.07208,41.36602],[2.07269,41.36581],[2.07306,41.36646],[2.07879,41.36968]]]]}},{"type":"Feature","properties":{"cp":"08950","municipio":"Esplugues de Llobregat"},"geometry":{"type":"MultiPolygon","coordinates":[[[[2.09758,41.39404],[2.0976,41.39334],[2.09861,41.39293],[2.09954,41.39192],[2.10015,41.38822],[2.10176,41.38741],[2.10064,41.38698],[2.10323,41.38472],[2.10226,41.38373],[2.10132,41.38358],[2.10117,41.38175],[2.10262,41.38041],[2.10131,41.37949],[2.10188,41.3777],[2.10074,41.37749],[2.10002,41.37647],[2.09959,41.37648],[2.10093,41.37392],[2.09828,41.37011],[2.09886,41.36884],[2.09866,41.36844],[2.09472,41.36802],[2.09513,41.36753],[2.09404,41.36698],[2.09241,41.36793],[2.09217,41.36889],[2.09021,41.36932],[2.08707,41.36894],[2.08647,41.36824],[2.08684,41.36685],[2.08495,41.36592],[2.08453,41.3663],[2.083,41.36601],[2.08115,41.36787],[2.08035,41.36714],[2.07842,41.37068],[2.07494,41.37332],[2.0758,41.37417],[2.07641,41.37421],[2.07598,41.37497],[2.07636,41.37571],[2.07975,41.37755],[2.0803,41.3787],[2.07983,41.38097],[2.08139,41.38157],[2.08157,41.38308],[2.08242,41.38293],[2.08327,41.38537],[2.08331,41.38725],[2.08568,41.38922],[2.08969,41.39025],[2.09236,41.39326],[2.0958,41.39438],[2.09758,41.39404]]]]}},{"type":"Feature","properties":{"cp":"08960","municipio":"Sant Just Desvern"},"geometry":{"type":"MultiPolygon","coordinates":[[[[2.06499,41.3795],[2.05918,41.37931],[2.05844,41.37786],[2.05264,41.37861],[2.05218,41.37931],[2.05626,41.38018],[2.05561,41.38116],[2.05907,41.38302],[2.05743,41.3849],[2.05738,41.38555],[2.05788,41.38606],[2.05728,41.38823],[2.06071,41.39039],[2.05947,41.39288],[2.0636,41.39455],[2.06537,41.39666],[2.06982,41.39694],[2.07641,41.40013],[2.07783,41.40297],[2.08003,41.40481],[2.08009,41.40596],[2.08223,41.40717],[2.08467,41.40946],[2.08602,41.40963],[2.08833,41.40859],[2.09513,41.4078],[2.09631,41.40824],[2.097,41.40905],[2.09846,41.40889],[2.10022,41.40836],[2.10098,41.40727],[2.1016,41.40499],[2.10313,41.40447],[2.10341,41.40322],[2.10256,41.4011],[2.10219,41.40113],[2.1018,41.39959],[2.10015,41.39856],[2.09964,41.39698],[2.09758,41.39404],[2.0958,41.39438],[2.09236,41.39326],[2.08969,41.39025],[2.08568,41.38922],[2.08331,41.38725],[2.08327,41.38537],[2.08242,41.38293],[2.08157,41.38308],[2.08139,41.38157],[2.07983,41.38097],[2.08014,41.37822],[2.07961,41.37742],[2.07631,41.37566],[2.07598,41.37497],[2.07641,41.37421],[2.0758,41.37417],[2.07494,41.37332],[2.07247,41.37533],[2.07053,41.37568],[2.06705,41.37706],[2.06502,41.37883],[2.06469,41.3793],[2.06499,41.3795]]]]}},{"type":"Feature","properties":{"cp":"08970","municipio":"Sant Joan Despí"},"geometry":{"type":"MultiPolygon","coordinates":[[[[2.07651,41.37211],[2.07842,41.37068],[2.07894,41.36978],[2.07306,41.36646],[2.07269,41.36581],[2.07208,41.36602],[2.06781,41.3643],[2.06479,41.36253],[2.0608,41.36493],[2.05838,41.36344],[2.05973,41.36224],[2.05792,41.36106],[2.05872,41.35928],[2.05448,41.35636],[2.05716,41.35422],[2.0492,41.34746],[2.04685,41.34809],[2.0457,41.34887],[2.04581,41.35172],[2.04543,41.35304],[2.0443,41.35297],[2.04003,41.35003],[2.03868,41.35044],[2.03651,41.35229],[2.03585,41.35401],[2.03594,41.35602],[2.04703,41.36026],[2.04859,41.36037],[2.04867,41.36105],[2.04814,41.36254],[2.04335,41.36676],[2.03762,41.36872],[2.0358,41.37059],[2.04628,41.37523],[2.05182,41.3792],[2.05218,41.37931],[2.05264,41.37861],[2.05844,41.37786],[2.05918,41.37931],[2.06497,41.37952],[2.06469,41.3793],[2.06502,41.37883],[2.06698,41.37711],[2.07053,41.37568],[2.07247,41.37533],[2.07651,41.37211]]]]}},{"type":"Feature","properties":{"cp":"08980","municipio":"Sant Feliu de Llobregat"},"geometry":{"type":"MultiPolygon","coordinates":[[[[2.03397,41.39628],[2.03519,41.39697],[2.03321,41.39966],[2.03899,41.4043],[2.04121,41.40815],[2.04373,41.40833],[2.04423,41.40893],[2.04493,41.40877],[2.04541,41.40941],[2.04852,41.41064],[2.04941,41.41062],[2.04904,41.41174],[2.04782,41.41144],[2.0485,41.41355],[2.053,41.41494],[2.05457,41.41419],[2.0543,41.41398],[2.05521,41.41207],[2.05656,41.41059],[2.05877,41.4109],[2.05906,41.41217],[2.05852,41.41253],[2.06099,41.41266],[2.06183,41.41348],[2.06384,41.41408],[2.06457,41.41661],[2.06386,41.41785],[2.07083,41.41855],[2.07357,41.41746],[2.07354,41.41711],[2.07252,41.41585],[2.07074,41.41504],[2.07005,41.4142],[2.07014,41.41219],[2.07176,41.41271],[2.07366,41.41502],[2.07548,41.41626],[2.07841,41.41506],[2.07808,41.41417],[2.07714,41.41349],[2.07814,41.41242],[2.07627,41.41084],[2.07532,41.41128],[2.0734,41.41059],[2.07211,41.41099],[2.07105,41.40912],[2.0714,41.40749],[2.06907,41.40688],[2.06924,41.4063],[2.0718,41.40388],[2.07258,41.40354],[2.0733,41.40371],[2.07445,41.40287],[2.07549,41.40322],[2.07783,41.40297],[2.07641,41.40013],[2.06982,41.39694],[2.06537,41.39666],[2.0636,41.39455],[2.05947,41.39288],[2.06071,41.39039],[2.05728,41.38823],[2.05788,41.38606],[2.05738,41.38555],[2.05743,41.3849],[2.05907,41.38302],[2.05561,41.38116],[2.05626,41.38018],[2.05182,41.3792],[2.04628,41.37523],[2.0358,41.37059],[2.03127,41.37439],[2.02963,41.37799],[2.02692,41.37999],[2.02705,41.38264],[2.02638,41.38422],[2.02179,41.38946],[2.03397,41.39628]]]]}},{"type":"Feature","properties":{"cp":"43421","municipio":"Bellprat"},"geometry":{"type":"MultiPolygon","coordinates":[[[[1.44858,41.53707],[1.45304,41.53538],[1.45947,41.53479],[1.4603,41.53419],[1.46185,41.53402],[1.46244,41.53321],[1.46382,41.53274],[1.46541,41.53331],[1.46575,41.5326],[1.46872,41.53122],[1.47086,41.5297],[1.47226,41.52934],[1.47392,41.52762],[1.4765,41.52598],[1.48425,41.52546],[1.48661,41.52373],[1.48937,41.51938],[1.48831,41.51464],[1.48509,41.51418],[1.48579,41.51274],[1.48688,41.51181],[1.48601,41.51108],[1.48702,41.50964],[1.48667,41.5091],[1.48527,41.50878],[1.48523,41.50824],[1.48624,41.50581],[1.48706,41.50518],[1.4885,41.50508],[1.48918,41.50452],[1.48995,41.50318],[1.49102,41.50251],[1.49162,41.5008],[1.49305,41.49967],[1.49401,41.49766],[1.49371,41.4958],[1.49104,41.49457],[1.48994,41.4935],[1.48641,41.49253],[1.48417,41.49137],[1.48065,41.48846],[1.47864,41.48822],[1.47556,41.48672],[1.47456,41.48678],[1.46941,41.48457],[1.46756,41.48457],[1.4656,41.48394],[1.46396,41.48681],[1.46001,41.48829],[1.45354,41.48769],[1.45195,41.48636],[1.45123,41.49003],[1.44976,41.49219],[1.44604,41.49481],[1.43698,41.4983],[1.42254,41.49966],[1.42182,41.50335],[1.41875,41.50232],[1.41532,41.50535],[1.41343,41.50491],[1.41233,41.50521],[1.41131,41.50475],[1.40909,41.50474],[1.40797,41.50513],[1.40732,41.50603],[1.40556,41.50615],[1.4046,41.50661],[1.40093,41.51207],[1.39634,41.51289],[1.39861,41.51402],[1.39879,41.51577],[1.39792,41.51819],[1.39797,41.51977],[1.40043,41.52086],[1.40052,41.5212],[1.39946,41.52383],[1.40077,41.52551],[1.40067,41.52708],[1.39954,41.52852],[1.40175,41.52917],[1.40217,41.52967],[1.40218,41.53059],[1.40262,41.53084],[1.4047,41.53059],[1.40465,41.53205],[1.40606,41.53361],[1.40795,41.53417],[1.40872,41.53493],[1.4256,41.53187],[1.43618,41.53924],[1.44858,41.53707]]]]}}]}